feature,n_active,frac_active,eta2_parcel,eta2_network,eta2_patch,eta2_window,signal_r2,signal_r2_null,signal_share_of_token_var,best_signal_stat,best_signal_r,top_network,top_network_frac,top_patch,top_patch_frac,anatomy_position_score
0,310,0.0006212424849699399,0.0021568697565263664,0.00013703995039259775,0.0003248481735978337,0.01104634712403641,-0.007484151889169954,-0.02224802375814061,0.0,netfc_Sens__DefaMod,-0.07813590932487217,Visual,0.29354838709677417,4,0.20967741935483872,0.0021568697565263664
1,15605,0.03127254509018036,0.6044979240184016,0.026965313080314995,6.3037110099328e-05,0.010031195514239822,-0.016403580803798112,-0.009688474379734968,0.0,netfc_DefaMod__Subc,-0.03209839652906085,Sensorimotor,0.3145786606856777,4,0.10394104453700737,0.6044979240184016
2,177,0.00035470941883767535,0.0011434469512424782,9.048447337667615e-05,0.0002650365966094749,0.01168825084193356,-0.012688576648847594,-0.012340308961642066,0.0,netfc_Sens__DefaMod,-0.03560411953575695,CentExe,0.2937853107344633,6,0.3050847457627119,0.0011434469512424782
3,90,0.00018036072144288578,0.0010366232881452483,1.3332789330436167e-05,5.057773037470198e-05,0.01044781579630608,-0.00604818587789091,-0.00876115261597632,0.0,ac1_Visu,-0.06059869458920518,DefaultMode,0.3111111111111111,5,0.23333333333333334,0.0010366232881452483
5,1835,0.0036773547094188378,0.004312316764201637,0.00030652718866314545,0.0013798039924430058,0.014203658075206163,0.07962170707474925,-0.018324733844410135,0.0011309195026539618,falff_DefaMod,0.21577924455632064,CentExe,0.28337874659400547,7,0.2010899182561308,0.004312316764201637
6,122,0.00024448897795591184,0.0009650766626654402,2.24363243623129e-05,0.0001502496698283949,0.07717496706557382,-0.06066527535518862,-0.016785921188383623,0.0,var_DefaMod,-0.2343912439686907,DefaultMode,0.2540983606557377,7,0.2459016393442623,0.0009650766626654402
9,321,0.0006432865731462925,0.0035158287670595716,0.00033041599776237703,0.00039125333588218425,0.01496123601471727,-0.00424680734634908,-0.014891641949526413,0.0,falff_Sens,0.11672513807441372,Visual,0.3925233644859813,0,0.2336448598130841,0.0035158287670595716
11,1771,0.0035490981963927854,0.0037656353079925306,0.00024980048512799843,0.0005565384833027564,0.016163425201170714,0.09831214744171424,-0.011703514696288053,0.0015890610415406148,var_Visu,0.22907170239216285,CentExe,0.24054206662902314,5,0.14624505928853754,0.0037656353079925306
12,343,0.000687374749498998,0.0010410466244706819,5.039400022841242e-05,0.0017881501520509392,0.08821806874569917,-0.010430404280811212,-0.009394643494245125,0.0,netfc_Sens__DefaMod,0.10153907872869979,Sensorimotor,0.24489795918367346,1,0.5393586005830904,0.0017881501520509392
13,136,0.0002725450901803607,0.0008765663062210982,2.2486612601300858e-05,0.00010150128837415092,0.5708172079003289,-0.01439401879186808,-0.013467941011150453,0.0,netfc_Sens__DefaMod,0.034745451099380924,DefaultMode,0.21323529411764705,9,0.19117647058823528,0.0008765663062210982
14,251,0.0005030060120240481,0.00225925042429907,0.0001222107699343814,6.614144948013454e-05,0.023743828629154886,0.055650204333991815,-0.019387832774941494,0.0013213489148837542,var_Visu,0.23455794606781336,Visual,0.29880478087649404,8,0.1593625498007968,0.00225925042429907
17,160,0.00032064128256513024,0.0016717495738553898,0.00011869030916902055,0.0009162887949653313,0.013338578966125048,-0.0129877999234278,-0.015029521208404839,0.0,var_DefaMod,-0.027194338160515412,Sensorimotor,0.33125,7,0.51875,0.0016717495738553898
18,259,0.0005190380761523046,0.002303857321598272,0.00014794894432358795,0.0022417881499725125,0.013260004505392529,-0.004683682101722653,-0.009665408350386206,0.0,ac1_Sens,0.09243036965989208,Visual,0.3166023166023166,0,0.7258687258687259,0.002303857321598272
19,3818,0.00765130260521042,0.5731169305177553,0.03331502102831391,2.3139399034146017e-05,0.010922092834736906,0.04063810545084645,-0.011949025605947794,0.0004438531603619728,var_Visu,-0.2052845894797248,Visual,0.9913567312729178,3,0.10869565217391304,0.5731169305177553
22,54,0.00010821643286573147,0.001289175786055707,2.316492080273687e-05,0.0003278831573720409,0.021990782022963024,-0.02393844297183234,-0.010667979607492661,0.0,var_VentSal,0.09823301121344856,Sensorimotor,0.3333333333333333,8,0.5925925925925926,0.001289175786055707
23,198,0.0003967935871743487,0.0013494131032977031,2.138938692968966e-05,0.0005517977359946713,0.012825797261206813,-0.012275924536327087,-0.025004471045131593,0.0,ac1_Subc,0.07592154156534478,DefaultMode,0.32323232323232326,6,0.41414141414141414,0.0013494131032977031
24,186,0.0003727454909819639,0.001125743305871695,5.419500326367788e-05,0.00014478846738603192,0.010674562975858832,-0.01503560322288755,-0.018658254325203627,0.0,netfc_VentSal__DefaMod,-0.041463872472726065,CentExe,0.3870967741935484,7,0.24731182795698925,0.001125743305871695
25,69,0.00013827655310621242,0.0009768926863146711,1.3191249186770457e-05,0.0001744731573244034,0.02717725688134302,-0.01998844157508306,-0.01216439133138092,0.0,slope_CentExe,-0.07181761651226046,CentExe,0.30434782608695654,9,0.34782608695652173,0.0009768926863146711
26,123,0.0002464929859719439,0.0012353693135220864,1.3099488107299323e-05,0.00034549303614777953,0.017679173740702735,-0.011889263825776153,-0.010783764775708748,0.0,falff_DefaMod,0.0857927521608618,CentExe,0.2682926829268293,5,0.36585365853658536,0.0012353693135220864
27,12026,0.024100200400801602,0.01579315562493081,0.0010973505643991212,0.002303810293881525,0.016741759209062297,0.19319081674819671,-0.011557035616960754,0.003234354135400389,falff_DorsSal,0.32967464668958685,CentExe,0.26101779477798104,6,0.1546648927324131,0.01579315562493081
28,92,0.0001843687374749499,0.0008673916357804318,1.4568659089008319e-05,0.00019786866859408398,0.35048793033027886,-0.012134643247056376,-0.012845323582676649,0.0,netfc_Visu__Subc,0.050993777597861965,DefaultMode,0.21739130434782608,7,0.31521739130434784,0.0008673916357804318
29,54,0.00010821643286573147,0.0050792433748113874,0.00025740504363499535,4.207376369523475e-05,0.010311686849773394,-0.009169973717997326,-0.015367599332977155,0.0,ac1_Sens,0.07566365035000078,Sensorimotor,0.7407407407407407,6,0.24074074074074073,0.0050792433748113874
33,2272,0.00455310621242485,0.00125646704740578,4.0822832595648685e-05,0.03386628890919688,0.02794120132607632,0.02555390876481478,-0.009039556379292213,0.0007140069094658761,fc_mean,0.17895759186634805,CentExe,0.25044014084507044,0,0.9419014084507042,0.03386628890919688
35,154,0.0003086172344689379,0.0012504449924077038,8.885238519708584e-05,0.00017818602809165676,0.031045193502948428,0.003445925943097561,-0.011735678123065751,0.00010697943770029384,netfc_Sens__VentSal,0.12646320862991894,Visual,0.2987012987012987,4,0.22727272727272727,0.0012504449924077038
36,514,0.001030060120240481,0.001917413183236937,8.653896760467758e-05,0.0034008512878264045,0.013626112566987052,-0.005385377448952511,-0.01942523380059935,0.0,slope_Visu,-0.0899245684591287,DefaultMode,0.28599221789883267,0,0.546692607003891,0.0034008512878264045
38,260,0.0005210420841683367,0.001231397650008253,2.3960427626412678e-05,0.00017872235135045077,0.011860432169295667,0.01399187826512116,-0.01479753426391972,0.00016594972308451184,var_Visu,0.12907810018129548,CentExe,0.25769230769230766,4,0.2,0.001231397650008253
40,19896,0.03987174348697395,0.7372625959796414,0.019109021262591598,9.067596081394045e-05,0.010223596973492339,-0.004917692942274066,-0.015044147299410726,0.0,netfc_Sens__DefaMod,-0.09272681412397972,CentExe,0.4505930840369924,5,0.10454362685967028,0.7372625959796414
42,74,0.00014829659318637273,0.0012629166694341893,0.00015197615410661978,0.00025016733199849974,0.020876755347228975,-0.010565888939007007,-0.010855091585953991,0.0,netfc_Visu__CentExe,0.055945744377882564,Visual,0.5135135135135135,3,0.40540540540540543,0.0012629166694341893
43,56,0.00011222444889779559,0.001633860693321342,0.00015830431697211542,0.00034825526806887944,0.04599967832007069,-0.012524347957132198,-0.015262729126016561,0.0,netfc_DorsSal__DefaMod,0.07793490334762304,Visual,0.5357142857142857,0,0.625,0.001633860693321342
47,30913,0.061949899799599195,0.08109065235751861,0.014354401833337157,0.001606366308339063,0.015896275184867668,0.12444345649738475,-0.014461489049990783,0.0019781874294385366,var_Sens,0.30757436858649245,DefaultMode,0.31051661113447415,2,0.12250509494387475,0.08109065235751861
48,94809,0.18999799599198397,0.003967820259373705,0.0007503541365940928,0.00896723692349269,0.21997264376364303,0.07583660547369786,-0.013574254649900919,0.01668197860010968,netfc_Sens__CentExe,0.18226487684241896,CentExe,0.2483308546656963,2,0.12797308272421395,0.00896723692349269
49,102,0.00020440881763527055,0.0011866205900092628,2.299280138141769e-05,0.00021717697787926202,0.011987921368893175,-0.01074559792931784,-0.010692334567095063,0.0,netfc_Sens__DefaMod,-0.05569400772053525,CentExe,0.27450980392156865,2,0.3431372549019608,0.0011866205900092628
50,74655,0.14960921843687375,0.006078399265328546,0.0006641126456898592,0.015432406128095325,0.22778765203233337,0.024167640503010568,-0.021333626331613065,0.005505090085342297,ac1_CentExe,-0.10681810058170364,CentExe,0.24696269506396087,2,0.13889223762641484,0.015432406128095325
51,89,0.0001783567134268537,0.0009150577629570221,1.924794127992146e-05,0.0001237052027371863,0.014308443566268881,-0.009018328591813507,-0.021357989272709377,0.0,netfc_Visu__DorsSal,0.06522724024524161,CentExe,0.29213483146067415,4,0.23595505617977527,0.0009150577629570221
52,1856,0.003719438877755511,0.002343627000760538,0.00011155420823000696,0.028719729248011472,0.014039184347897046,0.008826508151286383,-0.01697108052098595,0.0001239169750841255,falff_CentExe,0.0856855563903925,CentExe,0.2667025862068966,9,0.9773706896551724,0.028719729248011472
54,291,0.0005831663326653307,0.0014882012646194073,0.00013432545406939154,0.0014732843603913722,0.012192644367006303,-0.008110314366086335,-0.016916831145134203,0.0,fc_mean,-0.09445735241332459,Sensorimotor,0.29896907216494845,3,0.5017182130584192,0.0014882012646194073
55,80,0.00016032064128256512,0.001154141682845478,2.3809078756924304e-05,0.00035193135996708385,0.0107635425000719,-0.012890689347544004,-0.013148332492237902,0.0,slope_DefaMod,-0.02242107362224768,Visual,0.2625,6,0.4375,0.001154141682845478
57,386,0.0007735470941883768,0.0016903832087248238,0.00015730390727758446,5.36283803298879e-05,0.011867643393021154,0.017794713281687913,-0.01460863301647386,0.00021118131150812933,ac1_DorsSal,-0.14281267654107924,CentExe,0.36528497409326427,5,0.16321243523316062,0.0016903832087248238
58,317,0.0006352705410821644,0.0028053242426376314,0.0003185863200502408,0.0002492184071341169,0.011733635431102797,-0.012756051804064361,-0.011438861411055434,0.0,falff_DorsSal,0.06371118418073712,DefaultMode,0.5236593059936908,6,0.21451104100946372,0.0028053242426376314
60,1885,0.003777555110220441,0.0015068489345737895,3.380189102692318e-05,0.01573226715942658,0.013114544992252666,0.062156174983148516,-0.01736508002879722,0.0008151499533628308,var_Sens,-0.22881774199972077,CentExe,0.2557029177718833,4,0.6928381962864721,0.01573226715942658
62,64,0.0001282565130260521,0.0008614025729730863,1.1868051381965205e-05,1.4804625677290501e-05,0.010902396393032303,-0.01598959023926283,-0.019314721871264595,0.0,netfc_VentSal__DorsSal,-0.04123556061028914,CentExe,0.21875,5,0.15625,0.0008614025729730863
63,42607,0.08538476953907816,0.0017931681788095253,0.00011336540296039344,0.18457014160942997,0.014577875648797612,-0.011632700712873367,-0.011943653407097798,0.0,netfc_Sens__DefaMod,-0.06092237170855718,CentExe,0.2558499777031943,3,0.3932687117140376,0.18457014160942997
64,180,0.00036072144288577156,0.0010951194928680635,1.4490702736611256e-05,0.00041421552659337026,0.0131161421983858,-0.009958569615145185,-0.016425731862835136,0.0,falff_CentExe,0.07818822451128327,CentExe,0.3388888888888889,7,0.37777777777777777,0.0010951194928680635
65,170,0.0003406813627254509,0.0012627299518132168,2.0902102481707566e-05,0.0002092409680397016,0.01619635798590104,-0.0048405219938334465,-0.01943167431620796,0.0,fc_mean,0.1356723575766463,DefaultMode,0.27058823529411763,1,0.24705882352941178,0.0012627299518132168
68,538,0.0010781563126252506,0.0016534054948112746,0.0001796851254350753,0.0002971889149914016,0.018841428710368233,0.008337894293604764,-0.02179124401335053,0.00015709784092754025,ac1_Sens,0.12192656289898185,Visual,0.2899628252788104,5,0.20074349442379183,0.0016534054948112746
69,85,0.00017034068136272546,0.001872541455060535,0.00018654399339595329,0.0004944838960678305,0.022345988878434864,-0.011633428990679429,-0.01541112871151773,0.0,netfc_Sens__DefaMod,0.07390212931288367,Visual,0.5176470588235295,4,0.5882352941176471,0.001872541455060535
70,2078,0.004164328657314629,0.003196313125676801,0.00031753414846239815,0.002763603696153642,0.022420965048353374,0.007042882449457943,-0.015841021989510873,0.00015790822123895796,slope_Visu,-0.10547217583093928,CentExe,0.24831568816169394,5,0.28873917228103946,0.003196313125676801
71,227,0.00045490981963927857,0.0024988192176659913,0.00016712236795030924,0.0003269724833426225,0.010561163678303679,-0.008633143710648383,-0.01764394445333317,0.0,var_DorsSal,0.055928005419846334,Sensorimotor,0.3524229074889868,5,0.2599118942731278,0.0024988192176659913
72,7780,0.015591182364729459,0.025404094198553752,0.00547588033418307,0.012717212119442907,0.016134507732553118,0.06664291331493466,-0.01760138474979911,0.0010752506001996804,ac1_Sens,0.23638764382007785,Visual,0.22197943444730078,9,0.24730077120822622,0.025404094198553752
73,55,0.00011022044088176352,0.0009422208108529177,1.1551934123005428e-05,0.00037001316018232176,0.06349056682735091,-0.005330926935317448,-0.012243798490017666,0.0,var_Subc,-0.07524097270711708,Sensorimotor,0.2545454545454545,5,0.6363636363636364,0.0009422208108529177
74,39574,0.07930661322645291,0.003982034900280178,0.0002856695441178813,0.19810027371913455,0.01377741579429408,0.024152199673779573,-0.0170159271604029,0.000332754897252475,var_DorsSal,-0.1369974745604855,CentExe,0.24859756405720929,5,0.4697528680446758,0.19810027371913455
79,198,0.0003967935871743487,0.004941130394401907,0.00021643577775608708,0.0009259022096287471,0.012338505352723421,-0.00995548851726702,-0.012364137983429835,0.0,netfc_VentSal__DorsSal,0.0736863332569763,CentExe,0.5353535353535354,4,0.5050505050505051,0.004941130394401907
80,497,0.0009959919839679359,0.0055780273818079205,0.00024599123297489023,0.00027668162100671066,0.013377172273479723,-0.006055275679813565,-0.012037962850341088,0.0,var_DorsSal,-0.06584694099854,CentExe,0.25553319919517103,2,0.1710261569416499,0.0055780273818079205
81,243,0.00048697394789579156,0.0014036272225649766,0.0001073317040235531,0.0008297633682974322,0.014246081876923842,-0.009653501747198812,-0.012982637571064437,0.0,netfc_DorsSal__DorsSal,0.07173443544429478,Sensorimotor,0.2716049382716049,1,0.4074074074074074,0.0014036272225649766
82,785,0.0015731462925851704,0.0011900554143762466,4.607139268832589e-05,0.0028853560521075404,0.01110730100497546,0.00898144354194097,-0.014508425084352572,9.975959687953128e-05,ac1_Sens,-0.1330871555406765,DefaultMode,0.2267515923566879,7,0.4101910828025478,0.0028853560521075404
83,138,0.00027655310621242483,0.0014040833396006195,0.00022204178045228794,0.00018912096735678404,0.01082036919386033,0.015463852265897637,-0.013365477698950246,0.00016732459067632607,ac1_Visu,-0.147458678721196,Visual,0.463768115942029,5,0.2826086956521739,0.0014040833396006195
84,86,0.0001723446893787575,0.0009472298151214521,1.8973320098339554e-05,9.911368018433198e-05,0.015529597556991756,-0.007610965057685659,-0.0169934926239117,0.0,ac1_Visu,-0.07481819522440275,CentExe,0.313953488372093,0,0.27906976744186046,0.0009472298151214521
85,67,0.0001342685370741483,0.0007967393123058736,8.30958135087942e-06,6.135197321946448e-05,0.4741936678278912,-0.013013835606816127,-0.020123343273970917,0.0,netfc_Visu__CentExe,0.040828814532476,CentExe,0.2835820895522388,0,0.19402985074626866,0.0007967393123058736
86,497,0.0009959919839679359,0.002635403893572548,4.322593686264706e-05,0.00038639248274813286,0.013606330614992385,0.006348740033665146,-0.01916518645772025,8.638305588668585e-05,netfc_Visu__Visu,0.11377549867562495,DefaultMode,0.27364185110663986,9,0.2575452716297787,0.002635403893572548
88,550,0.0011022044088176352,0.002427838321315812,0.0003282023816640195,0.0001218054945155653,0.014061293768924977,0.023179056373248907,-0.018432143685916946,0.00032592752095072564,ac1_DefaMod,-0.12041311247915511,CentExe,0.4309090909090909,2,0.15818181818181817,0.002427838321315812
89,1678,0.0033627254509018037,0.0033578239919404723,0.00027807546984622423,0.0017719011710054249,0.013374414744116875,0.027223419426380957,-0.018553812913334022,0.00036409730216146725,fc_mean,-0.1484062690625292,CentExe,0.2520858164481526,2,0.22943980929678187,0.0033578239919404723
90,71,0.00014228456913827655,0.012246076601493011,0.0003767783264640071,0.00010001220794978874,0.01073207320448476,-0.006718176332186632,-0.020835985758157483,0.0,netfc_DorsSal__Subc,-0.04683744828756161,Sensorimotor,0.7605633802816901,3,0.2676056338028169,0.012246076601493011
91,3726,0.0074669338677354705,0.2760759422607992,0.006263682466292506,0.00024205662937898072,0.011246092273875996,0.022074096979647684,-0.014012668725658761,0.00024824733149560527,var_CentExe,-0.1371469560239885,DefaultMode,0.41170155662909286,5,0.13365539452495975,0.2760759422607992
92,121,0.00024248496993987975,0.0010028982636894218,1.9326404038472148e-05,0.0004273691661790852,0.022430285321207114,-0.006915256535358738,-0.009751630532834676,0.0,netfc_Sens__DefaMod,0.07216766431161065,CentExe,0.2892561983471074,3,0.36363636363636365,0.0010028982636894218
93,57,0.00011422845691382766,0.0014835734517726956,0.0001665995581285385,0.00015288464902079264,0.010618172502516588,-0.026871290624739697,-0.008874163192044149,0.0,netfc_VentSal__DorsSal,0.04407141630753126,Sensorimotor,0.631578947368421,6,0.40350877192982454,0.0014835734517726956
94,426,0.0008537074148296593,0.060887152976999454,0.0023192698027386196,6.821328169725354e-05,0.01009861550327334,-0.01225295527871939,-0.008275914894596781,0.0,var_Visu,-0.060443116207125766,DefaultMode,0.9859154929577465,4,0.13849765258215962,0.060887152976999454
95,98,0.00019639278557114228,0.0009817908568614821,2.7400602661805008e-05,0.0006115430577406398,0.018327332017812822,-0.015469217639571653,-0.019653541240335137,0.0,netfc_DefaMod__Subc,0.07785243292752211,Sensorimotor,0.2653061224489796,4,0.5,0.0009817908568614821
96,199929,0.40065931863727455,0.009777299876896609,0.0014250379556937315,0.0019526065775145136,0.06571762528735864,-0.004418841259087314,-0.015152585407780084,0.0,netfc_Subc__Subc,0.03386951544097047,CentExe,0.2530748415687569,4,0.10796832875670863,0.009777299876896609
97,112,0.00022444889779559118,0.0028997681023248743,0.0001768104066054969,0.00041351892585259113,0.010949258198901227,-0.009550392197774649,-0.015750199052434244,0.0,netfc_DorsSal__DefaMod,-0.06531702009169849,CentExe,0.2767857142857143,1,0.44642857142857145,0.0028997681023248743
98,127,0.00025450901803607213,0.0014343277699855634,8.286197123256706e-05,0.0005412592043213042,0.01262123416630709,-0.005895683931028017,-0.013553241034225616,0.0,netfc_VentSal__CentExe,-0.04507395530565152,Sensorimotor,0.23622047244094488,5,0.4015748031496063,0.0014343277699855634
99,391,0.000783567134268537,0.0014802761592430664,0.0003866267349563919,0.002326733697711679,0.012537794496414324,0.001075992170248341,-0.01844342454423109,1.3490568710324555e-05,ac1_Visu,0.09318103643985906,Visual,0.3836317135549872,5,0.578005115089514,0.002326733697711679
101,53,0.0001062124248496994,0.0027501600719475727,0.00016454394464232382,6.08785323490346e-05,0.012152907862967409,-0.017098793803234758,-0.01468558058162106,0.0,netfc_Visu__DefaMod,0.04572114190826624,Sensorimotor,0.6037735849056604,0,0.24528301886792453,0.0027501600719475727
102,82,0.00016432865731462926,0.0009231434826029117,5.057558988927454e-05,0.00041847113256829755,0.01110219395241693,-0.015927878961379482,-0.016225139806825606,0.0,var_DorsSal,0.05304466878464817,DefaultMode,0.4024390243902439,0,0.47560975609756095,0.0009231434826029117
104,55,0.00011022044088176352,0.0010352713717876262,3.589518708191961e-05,0.00011471206483937272,0.010390581551567907,-0.005877623135975174,-0.018145216896372718,0.0,ac1_Visu,-0.0758673900835131,CentExe,0.38181818181818183,3,0.32727272727272727,0.0010352713717876262
105,2162,0.004332665330661322,0.0022311165759192533,0.00014450747912097506,0.0011821073863552427,0.05080213633226165,0.044017891392614694,-0.015046135063121246,0.0022362029195862987,fc_mean,0.20017498183390453,CentExe,0.21692876965772434,2,0.22756706753006475,0.0022311165759192533
106,253,0.0005070140280561122,0.0018448561632865364,0.0001881550011939205,0.00015357080160470396,0.012215512912381193,-0.004622977212219936,-0.013369730209584985,0.0,fc_mean,-0.06801263538967212,Visual,0.2885375494071146,6,0.22134387351778656,0.0018448561632865364
107,484,0.000969939879759519,0.001422067702432515,5.05855990291977e-05,0.00047705033530922664,0.03668972007006079,0.026458624011130083,-0.017422436338412783,0.0009707595084073518,netfc_Sens__DefaMod,0.20976867151555062,DefaultMode,0.22520661157024793,3,0.2334710743801653,0.001422067702432515
108,176,0.0003527054108216433,0.000996190803186099,4.777856333179922e-05,0.0004606571168263619,0.010479915815898766,-0.014986766477721014,-0.011866422491399353,0.0,var_VentSal,0.06278520099991396,Sensorimotor,0.2784090909090909,7,0.32954545454545453,0.000996190803186099
109,118,0.00023647294589178357,0.0014720820370139386,5.332065329395894e-05,0.00012584438346762092,0.011191658413757547,0.0049935378360281835,-0.008766228034122303,5.588596973700148e-05,var_Visu,0.1338527441974195,DefaultMode,0.3728813559322034,4,0.2457627118644068,0.0014720820370139386
110,272,0.0005450901803607214,0.0010045502565647119,2.3803606137412847e-05,0.00042910252699016586,0.1605730557657409,-0.01661839042102864,-0.012416030826181146,0.0,netfc_DorsSal__CentExe,0.0749424966589629,CentExe,0.2536764705882353,9,0.34558823529411764,0.0010045502565647119
111,399,0.0007995991983967936,0.0020055603573323967,0.0001407730799115734,0.00017338136912879647,0.01336757837131655,0.06833337481719748,-0.010621305943303794,0.000913451743245436,ac1_Visu,0.21383727459308588,CentExe,0.3433583959899749,3,0.17543859649122806,0.0020055603573323967
115,70,0.00014028056112224449,0.0009400025371760868,6.526876430930983e-06,0.0003220914348127078,0.010459544346919675,-0.01272993513264331,-0.01469503494032387,0.0,var_CentExe,0.07116630550244482,DefaultMode,0.2714285714285714,5,0.4857142857142857,0.0009400025371760868
117,280,0.0005611222444889779,0.0017291246534786237,0.0002591613448023709,0.0001460178618638011,0.016866374941842104,0.014820735358225035,-0.01996851870652705,0.00024997207946563996,var_Sens,0.15632150646842471,Visual,0.36428571428571427,5,0.2,0.0017291246534786237
118,97,0.00019438877755511023,0.0012943496325880637,4.302214220348906e-05,0.0004057923137357974,0.011577566500359989,-0.012023209078002806,-0.010649426297318021,0.0,netfc_Visu__DorsSal,-0.05528012256688732,DefaultMode,0.41237113402061853,2,0.4329896907216495,0.0012943496325880637
119,707,0.0014168336673346692,0.0019549177133529674,0.00011782598166229159,0.0007966510402885767,0.012216252084752284,0.0054410773686263125,-0.01630392011803461,6.646957274777965e-05,var_Visu,0.13474033957427106,CentExe,0.26166902404526166,5,0.26449787835926447,0.0019549177133529674
120,221,0.00044288577154308616,0.0035156572299101818,0.00011770998681754864,7.984328145440704e-05,0.011058652189001244,-0.006257657883811163,-0.015754827836363727,0.0,ac1_DefaMod,0.08924186774065686,DefaultMode,0.334841628959276,6,0.1583710407239819,0.0035156572299101818
121,119,0.00023847695390781564,0.0012507209545529502,7.107634963229078e-05,9.396936000541181e-05,0.01016059953596947,-0.01846520576143229,-0.00789231412327318,0.0,netfc_DorsSal__DorsSal,-0.05904165494754366,Visual,0.31092436974789917,4,0.23529411764705882,0.0012507209545529502
123,192811,0.3863947895791583,0.0037439580989893184,0.0005067100540684773,0.0011357586607183814,0.050757381146660736,0.043499484621913886,-0.014863592379614987,0.0022079199206377904,ac1_Sens,-0.21226291763375216,CentExe,0.2566191762918091,2,0.10406563940853997,0.0037439580989893184
124,1951,0.003909819639278557,0.01120898336164139,0.0017286338909947396,7.24488028824036e-05,0.01163580230273001,0.03924072507186738,-0.021824077255588215,0.00045659731915202967,ac1_DefaMod,-0.1846516865966812,CentExe,0.32086109687339825,2,0.11225012813941568,0.01120898336164139
125,408,0.0008176352705410822,0.00326938636821126,0.0007031489857292775,0.004896392273512922,0.012982911852667095,-0.005130808648675211,-0.02070707114349868,0.0,var_CentExe,-0.07571757306371003,Visual,0.45588235294117646,9,0.8529411764705882,0.004896392273512922
126,614,0.0012304609218436874,0.0030659953064698597,0.00022049261475724059,0.00013544484789557328,0.011389615130562544,-0.007321789431184111,-0.016192757806642755,0.0,var_Visu,-0.08220067150938114,CentExe,0.30293159609120524,7,0.14332247557003258,0.0030659953064698597
128,1030,0.0020641282565130262,0.009409231705547362,0.0021559331626379405,0.0016901952344747827,0.013863259412419338,0.05375410637914002,-0.018749051201240707,0.0007452071212168032,falff_CentExe,0.1694577060195644,Visual,0.49514563106796117,0,0.26019417475728157,0.009409231705547362
129,166,0.00033266533066132265,0.00168407263489658,6.64377703833439e-05,0.00017614217458449485,0.010414516648112663,-0.01033041953814573,-0.011862343934921693,0.0,slope_Subc,0.059077572607064616,DefaultMode,0.3855421686746988,5,0.2289156626506024,0.00168407263489658
130,39894,0.07994789579158317,0.0015710016586111622,0.00012340135948187085,0.18046903961522529,0.014404570259222114,0.003394897327632762,-0.01623757248134461,4.890203707873152e-05,var_Sens,-0.08274780555792709,CentExe,0.26445079460570514,4,0.39306662656038505,0.18046903961522529
132,375,0.000751503006012024,0.0010707757455596973,4.000574085653405e-05,0.0007900087885610163,0.01108666038707002,-0.005215043969563515,-0.012365290578899568,0.0,slope_CentExe,-0.0938469836311798,DefaultMode,0.25333333333333335,6,0.328,0.0010707757455596973
134,92,0.0001843687374749499,0.0009176997809085071,3.0702967022419136e-05,0.0003284471486904926,0.06608146102293841,-0.01542970088689688,-0.021789880581749577,0.0,fc_mean,0.0951711448773652,Sensorimotor,0.2608695652173913,3,0.44565217391304346,0.0009176997809085071
135,1122,0.002248496993987976,0.0030036151359529115,0.0001491005203175151,0.0003781246455875073,0.017941414335018644,0.021940158320397862,-0.021809474242141302,0.0003936374710021648,slope_DorsSal,-0.16316193215926,CentExe,0.3591800356506239,7,0.14795008912655971,0.0030036151359529115
136,295,0.0005911823647294589,0.014776985703241452,0.001808843610369869,0.00022905520007777087,0.011063114342256788,-0.006556521439470275,-0.017757566271831005,0.0,netfc_Visu__CentExe,-0.0720458665036853,Subcortical,0.376271186440678,5,0.20677966101694914,0.014776985703241452
137,1374,0.002753507014028056,0.0014750443136928733,5.9212316760507135e-05,0.0037244005449672836,0.011114708676523125,0.0053138707912164795,-0.014413530798710106,5.9062125789056605e-05,netfc_VentSal__DefaMod,-0.07462542711256936,CentExe,0.2816593886462882,6,0.3529839883551674,0.0037244005449672836
139,99,0.00019839679358717434,0.0012096586841474526,3.3875284438471105e-05,0.00012392844247733072,0.020882123272681546,-0.019202252992158275,-0.014403878709825735,0.0,netfc_Sens__VentSal,0.11045902043512937,CentExe,0.36363636363636365,4,0.25252525252525254,0.0012096586841474526
141,326,0.0006533066132264529,0.0029474596964774126,0.0007094762231989726,0.00037813639473734047,0.019238760638317844,0.005627621094382196,-0.018149452450499703,0.00010826845519796737,fc_mean,0.16688082631747586,Visual,0.5122699386503068,3,0.2607361963190184,0.0029474596964774126
146,282,0.0005651302605210421,0.002228305891781277,4.242010480685087e-05,0.00039262344638804235,0.01071536757788344,-0.012114153051470566,-0.01803284219517476,0.0,var_DorsSal,0.03636903033866726,DefaultMode,0.28368794326241137,7,0.23049645390070922,0.002228305891781277
147,268,0.0005370741482965932,0.0010871590973165416,4.655344559807984e-05,2.5457988574584088e-05,0.011537639993266178,-0.0036578526219084306,-0.015138781900379428,0.0,var_Visu,0.07954070739328518,CentExe,0.27611940298507465,7,0.13432835820895522,0.0010871590973165416
148,328,0.000657314629258517,0.002226550606295822,0.0003772093576714662,0.0016049879240379171,0.013306802702475995,0.01725799277441753,-0.025782079129821778,0.00022964870488993038,ac1_Sens,0.12637192277990855,Visual,0.3384146341463415,4,0.4817073170731707,0.002226550606295822
153,4272,0.008561122244488979,0.005046925850215024,0.00026985392313457764,0.00653470626562539,0.012232069552591731,0.017246428827206728,-0.017611779933700555,0.00021095951694821574,netfc_DorsSal__DefaMod,-0.12347579935998183,CentExe,0.25959737827715357,6,0.261938202247191,0.00653470626562539
154,98,0.00019639278557114228,0.0016332702853511568,7.641590065547637e-05,0.0006559005860477123,0.017427194254866163,-0.015203353346613602,-0.021264662864132644,0.0,netfc_VentSal__VentSal,0.09916568506568896,CentExe,0.29591836734693877,0,0.6632653061224489,0.0016332702853511568
155,68,0.00013627254509018035,0.0010801255883619084,2.7750557607650927e-05,3.172683499079015e-05,0.01043159015066446,-0.0006615644771124085,-0.01191725269028665,0.0,ac1_DorsSal,-0.10046541666692826,CentExe,0.3235294117647059,4,0.22058823529411764,0.0010801255883619084
157,333,0.0006673346693386774,0.0015853216081591478,0.00014585740199769538,0.0005688066996610375,0.010506935857024705,-0.009481236647024938,-0.009589591189150815,0.0,var_CentExe,0.08950802754992845,CentExe,0.24624624624624625,0,0.2732732732732733,0.0015853216081591478
160,29001,0.058118236472945894,0.00635758006344941,0.0007350999156531968,0.06329485860699667,0.018044865192693802,0.15322313788833775,-0.018399505982712894,0.0027648908675965886,slope_Sens,0.33822111865890203,CentExe,0.2734043653667115,4,0.28230061032378195,0.06329485860699667
161,1329,0.0026633266533066134,0.0020706339964678853,0.0002316472451298794,0.0011032984506743604,0.04065969317452201,0.09840168564152607,-0.012077942923359286,0.004000982346040218,fc_mean,0.29010202630898513,Visual,0.2310007524454477,3,0.2234762979683973,0.0020706339964678853
162,169,0.00033867735470941886,0.0013656925713777205,9.572165007149731e-05,0.00010965611822410356,0.022984520570921145,-0.012205104139369594,-0.016458341546973454,0.0,netfc_Visu__Sens,0.09419693429610548,CentExe,0.3136094674556213,1,0.17751479289940827,0.0013656925713777205
163,166,0.00033266533066132265,0.001379508856917825,4.0937848687995306e-05,0.0019773977510635647,0.017233651136886543,-0.009230659469163793,-0.014231528251664072,0.0,netfc_DorsSal__DefaMod,0.08348709388827671,DefaultMode,0.2891566265060241,9,0.8433734939759037,0.0019773977510635647
164,5481,0.010983967935871744,0.8932854203736273,0.02812849618325153,3.62888959279673e-05,0.009861889678599814,-0.009685654695376744,-0.016495275643764185,0.0,netfc_VentSal__DefaMod,-0.06578085743610373,DefaultMode,0.9115124977193942,9,0.10819193577814268,0.8932854203736273
166,4126,0.008268537074148296,0.8235757504116302,0.013045629498177554,4.819333752458984e-05,0.010365168996583527,-0.015201272637041852,-0.011337845261032209,0.0,var_VentSal,-0.0540493773500926,CentExe,0.7530295685894328,3,0.11439650993698497,0.8235757504116302
167,70,0.00014028056112224449,0.0012991904198983103,5.4652702241915894e-05,6.112655359654535e-05,0.011451014587232333,-0.012304596917666943,-0.013347829848858517,0.0,netfc_Visu__DefaMod,0.03387440202579337,DefaultMode,0.4714285714285714,0,0.2857142857142857,0.0012991904198983103
169,138,0.00027655310621242483,0.001002051448398396,1.3586708465513807e-05,0.00055374694288392,0.10563717072191715,-0.007012819042909069,-0.012434780384823485,0.0,var_CentExe,-0.0492030916893878,CentExe,0.2826086956521739,0,0.38405797101449274,0.001002051448398396
170,664,0.0013306613226452906,0.001023056624259834,5.2819023625950877e-05,0.0019114310605815256,0.08897620794626285,0.027552347891714124,-0.016145544179646087,0.0024515034354209327,var_DefaMod,-0.18992605234219959,CentExe,0.22439759036144577,3,0.35993975903614456,0.0019114310605815256
172,244,0.0004889779559118237,0.0031710850565177754,0.0006948434772037719,0.0012354813205191135,0.011551498879127566,-0.0026117404951606638,-0.014623258192801636,0.0,falff_Sens,0.08519814540006958,Visual,0.5778688524590164,6,0.4672131147540984,0.0031710850565177754
173,132,0.0002645290581162325,0.00259328301218972,6.977265228279333e-05,9.033819958867091e-05,0.013077412657994981,-0.003436762132141391,-0.014027732280941896,0.0,netfc_VentSal__VentSal,0.12457791978854937,CentExe,0.32575757575757575,9,0.19696969696969696,0.00259328301218972
175,168,0.0003366733466933868,0.0013047558383244534,6.563014452840971e-05,0.0005270546209869012,0.016758809248864023,-0.00613413326313017,-0.019176971150814293,0.0,falff_Sens,0.06929575186818589,CentExe,0.24404761904761904,4,0.4166666666666667,0.0013047558383244534
177,713,0.0014288577154308616,0.003530756962787179,0.0005109017633776701,0.0005848403743117524,0.013605747677315807,0.005697621063518898,-0.01321917023136221,7.752039455119787e-05,ac1_Sens,0.1380474459119809,CentExe,0.39831697054698456,6,0.22720897615708274,0.003530756962787179
178,22923,0.04593787575150301,0.8522901345814465,0.0565413071077915,5.09617955181335e-05,0.01105217762522157,0.02664740355496087,-0.015831440541102193,0.00029451183734038823,netfc_CentExe__Subc,-0.17151621567716177,CentExe,0.5928107141299132,3,0.1062688129825939,0.8522901345814465
179,127,0.00025450901803607213,0.0013708389417869098,7.079569104825034e-05,0.0002039050379214494,0.013706215406835764,0.0012594763138097376,-0.009232851284926902,1.726265365688374e-05,var_Sens,0.12563730559674552,Sensorimotor,0.33070866141732286,7,0.28346456692913385,0.0013708389417869098
180,301,0.0006032064128256513,0.0010606149312322205,1.6238095502912947e-05,0.00034475872906929785,0.01099055219985325,0.008474254571749995,-0.01625061786672366,9.313673722566337e-05,var_Sens,0.12823330257151358,CentExe,0.26245847176079734,4,0.24584717607973422,0.0010606149312322205
181,89166,0.17868937875751503,0.0072632161155385755,0.0018500242915064592,0.01224640475514477,0.1718843063293718,0.1450647397702538,-0.014532639766583033,0.02493435216826091,fc_mean,0.34736998998170776,CentExe,0.2442522934750914,0,0.13409819886503824,0.01224640475514477
183,551,0.0011042084168336674,0.0010146371067081006,6.73174758297327e-05,0.0004784319447592426,0.20911334391425232,-0.010697061723213608,-0.014373399375796847,0.0,var_Visu,0.09886143571993379,DefaultMode,0.2613430127041742,1,0.22867513611615245,0.0010146371067081006
184,2395,0.004799599198396794,0.003002487741283653,0.00023372888074480553,0.0029481962398719324,0.014201753380196323,0.06706172686238765,-0.013570773259986124,0.0009523941061497164,var_Sens,0.26655067951687056,CentExe,0.24592901878914405,6,0.2580375782881002,0.003002487741283653
186,169,0.00033867735470941886,0.0021234342087482812,0.00016197208351488503,0.00011314840847573934,0.011213249390966353,-0.004006612395540676,-0.01310780187311833,0.0,slope_VentSal,0.07359945756329321,CentExe,0.25443786982248523,6,0.20118343195266272,0.0021234342087482812
187,73,0.0001462925851703407,0.000988503994506619,1.5115088113771235e-05,9.588783541067138e-05,0.010558129504977152,-0.006326815489155813,-0.01844027656052405,0.0,falff_DefaMod,0.1267895524423675,CentExe,0.2602739726027397,5,0.2602739726027397,0.000988503994506619
188,1525,0.003056112224448898,0.001621715451336344,2.7293400850310082e-05,0.009414937515923103,0.014342930252753162,0.017952526575120364,-0.012416412871116389,0.000257491836527649,fc_mean,-0.1461647828600415,CentExe,0.27147540983606555,3,0.5731147540983607,0.009414937515923103
189,107,0.00021442885771543087,0.001244752771857076,0.00016185682881273038,0.0008427225722025933,0.011956751983838339,-0.012647680950230278,-0.010965231568416112,0.0,netfc_Visu__Sens,0.03674250172518065,Visual,0.45794392523364486,6,0.6635514018691588,0.001244752771857076
190,148,0.00029659318637274547,0.002398481751972197,0.00013729954565291815,0.00018805277457110633,0.012795345185962021,-0.00676697631539791,-0.01164613334403608,0.0,ac1_DefaMod,0.12847145438612662,DefaultMode,0.4864864864864865,0,0.27702702702702703,0.002398481751972197
191,1243,0.0024909819639278557,0.0018077142177650345,0.00023754353211493032,0.017364981405422485,0.037311009232368034,0.019529286946358804,-0.0052820673067413,0.0007286574055571578,netfc_Sens__DefaMod,0.17461973466453654,Visual,0.24296057924376507,9,0.917135961383749,0.017364981405422485
192,139,0.0002785571142284569,0.0010524138403903655,4.590620130326429e-05,9.15325248267292e-05,0.010901934665407642,-0.00485297573058352,-0.00933180149001589,0.0,slope_DorsSal,-0.06695357892216748,DefaultMode,0.3237410071942446,5,0.18705035971223022,0.0010524138403903655
194,134,0.0002685370741482966,0.0019005661307534534,6.377508617857615e-05,0.00011520569814942124,0.011754852197693951,-0.01990881642406661,-0.012585640713981938,0.0,var_DorsSal,0.04550908634184112,CentExe,0.3582089552238806,6,0.23134328358208955,0.0019005661307534534
196,181,0.00036272545090180363,0.0009462809147605152,2.0250136557524956e-05,0.0002922405213680885,0.06639430777508559,-0.009173373962321651,-0.025467505278730318,0.0,var_DefaMod,-0.1343853406256376,CentExe,0.27071823204419887,4,0.2983425414364641,0.0009462809147605152
197,87,0.00017434869739478957,0.0008519048671185601,1.379500139476852e-05,8.964358583466142e-05,0.5340025129370466,-0.0195473250674294,-0.010131817498700402,0.0,netfc_Visu__CentExe,0.05078139850888552,Visual,0.20689655172413793,3,0.26436781609195403,0.0008519048671185601
198,403,0.0008076152304609219,0.0009183504156288473,2.3599598576165944e-05,0.0015058309412649868,0.089420626423377,-0.0018991148261415791,-0.007280001839945038,0.0,netfc_Sens__DefaMod,0.13591837095869766,CentExe,0.3052109181141439,0,0.4913151364764268,0.0015058309412649868
199,826,0.0016553106212424849,0.003955893210888585,0.00034775179831595315,0.0002819316942246165,0.015176016818957692,0.11964274434831346,-0.020267884960079252,0.0018157003004962604,slope_Sens,-0.2880593951231936,CentExe,0.34019370460048426,5,0.211864406779661,0.003955893210888585
201,180,0.00036072144288577156,0.0016382424309914548,0.0002961491053701614,5.975959660707632e-05,0.04498176646390735,0.006627805073251669,-0.018428235636347656,0.0002981303799733069,fc_mean,0.16971769260402458,Sensorimotor,0.4666666666666667,4,0.18333333333333332,0.0016382424309914548
202,52,0.00010420841683366733,0.0011423425628492238,1.8782066956418855e-05,5.1530047761569835e-05,0.01020573128008678,-0.013486201717226143,-0.014779430508151004,0.0,falff_DefaMod,-0.02530114147118517,Sensorimotor,0.28846153846153844,0,0.2692307692307692,0.0011423425628492238
205,127,0.00025450901803607213,0.001226723304138323,0.00010400307994521072,0.0017371966594615428,0.024165514160074317,-0.009815653851122708,-0.016757649538629904,0.0,netfc_Sens__CentExe,0.04133721909981465,Sensorimotor,0.33070866141732286,0,0.9291338582677166,0.0017371966594615428
206,804,0.0016112224448897796,0.0027421163301477505,0.0001691073486697465,0.012415503733404717,0.014245769372805438,-0.0011221391435736194,-0.017531208501308404,0.0,fc_mean,-0.0964831517588814,CentExe,0.2860696517412935,0,0.9651741293532339,0.012415503733404717
207,117,0.0002344689378757515,0.0010458203077718794,8.51199434480372e-05,0.00016901465765968904,0.012621055396479347,-0.004868744546022263,-0.008469704591141713,0.0,ac1_VentSal,0.09759283604609124,CentExe,0.23931623931623933,0,0.2222222222222222,0.0010458203077718794
208,143,0.0002865731462925852,0.0015719672534595978,3.509942580799871e-05,0.00010979771456850547,0.0184567213257048,0.0058393785466838155,-0.016829724951227698,0.00010777578255144227,netfc_Sens__VentSal,0.14634318072687927,DefaultMode,0.3006993006993007,7,0.20279720279720279,0.0015719672534595978
210,2167,0.004342685370741483,0.004912637209859162,0.0008971840693771747,0.0011272458513870195,0.01585876456639345,0.04667697983282615,-0.013242004334190538,0.000740239233839085,var_Sens,0.1493597482905479,Visual,0.30041532071988925,7,0.18920166128287955,0.004912637209859162
211,361,0.0007234468937875752,0.0014713394238796355,7.54846346239192e-05,6.330721605699533e-05,0.010966577515435862,-0.018033255578150165,-0.014521899668362481,0.0,var_CentExe,0.03886122916621377,Sensorimotor,0.2409972299168975,7,0.14127423822714683,0.0014713394238796355
212,260,0.0005210420841683367,0.00145306469511626,3.541214732349224e-05,0.0004683469868129152,0.01174946527707249,0.01998617328551977,-0.02131591852118797,0.00023482684903976836,ac1_Visu,-0.15348418671474678,DefaultMode,0.27692307692307694,3,0.27692307692307694,0.00145306469511626
213,3703,0.007420841683366733,0.008075445595559092,0.0012223351588593729,0.000737592266758333,0.01634568775008615,0.06520431130836579,-0.017916983789130647,0.0010658093126059585,var_Visu,-0.2196498033554924,CentExe,0.34080475290305157,3,0.14744801512287334,0.008075445595559092
214,262,0.0005250501002004008,0.0009351418157618618,2.5157710565062715e-05,0.002209958202301247,0.013473054135584254,-0.007977927879782687,-0.019090466339544587,0.0,netfc_VentSal__CentExe,0.06645450202143748,CentExe,0.23282442748091603,4,0.6793893129770993,0.002209958202301247
215,99,0.00019839679358717434,0.0011785180610075269,3.2187544210382666e-05,4.410176174516599e-05,0.027260806646880627,-0.011086408579774831,-0.015639274127151825,0.0,netfc_Sens__Sens,0.07547022981097627,DefaultMode,0.32323232323232326,2,0.16161616161616163,0.0011785180610075269
219,88,0.00017635270541082164,0.0008687398653099474,1.558739305587719e-05,0.00030003513095959775,0.155036729357261,-0.01966451119936785,-0.016440435650787677,0.0,netfc_DorsSal__Subc,0.07885423903859343,Sensorimotor,0.26136363636363635,5,0.36363636363636365,0.0008687398653099474
220,92,0.0001843687374749499,0.001626849497760419,9.237072716981561e-05,0.0005374742478500491,0.012310433124690082,-0.003787060218753968,-0.01327808178782064,0.0,slope_DefaMod,-0.09722632711509337,Sensorimotor,0.391304347826087,5,0.5760869565217391,0.001626849497760419
221,65,0.00013026052104208417,0.0007847831824070895,7.83611622909031e-06,0.00012893346314078665,0.2098902164071277,-0.015742448192641145,-0.00918791228848903,0.0,netfc_Sens__DefaMod,0.04310901118036445,CentExe,0.3384615384615385,6,0.2923076923076923,0.0007847831824070895
222,81,0.0001623246492985972,0.0008071597320475461,8.028293506517888e-06,0.0004326248053974677,0.07850017022181015,-0.009472912852722226,-0.014003624788854196,0.0,netfc_Sens__CentExe,0.0850704716780138,CentExe,0.25925925925925924,0,0.6049382716049383,0.0008071597320475461
224,266,0.0005330661322645291,0.0014898814520888396,5.002519083569823e-05,0.00022820564901630035,0.0147515207720752,-0.011539038871062779,-0.013958469937627394,0.0,ac1_Sens,0.07450943345001289,CentExe,0.36466165413533835,6,0.21052631578947367,0.0014898814520888396
225,1561,0.003128256513026052,0.0488614587311035,0.001206454829896522,7.457742444586623e-05,0.011176116091253307,0.035262062211903755,-0.015419754166116073,0.00039409290089723276,var_Sens,0.19553352767382187,Visual,0.2805893657911595,7,0.12171684817424727,0.0488614587311035
226,159,0.00031863727454909817,0.001190845737550217,5.78427014701819e-05,0.0007600092110976928,0.0129549371765279,-0.006287928229088413,-0.013221797017961112,0.0,ac1_DefaMod,0.0430571640029651,DefaultMode,0.3522012578616352,4,0.42138364779874216,0.001190845737550217
227,391,0.000783567134268537,0.0022278689555329557,0.0005225025958260856,0.000564536808280245,0.016465542479722445,-0.00231327444380125,-0.014206776251085795,0.0,slope_CentExe,-0.08774567845361067,Visual,0.4398976982097187,2,0.24040920716112532,0.0022278689555329557
228,58449,0.11713226452905812,0.00528750777011456,0.0013330428328811332,0.013484389554902922,0.17136806720415684,0.08013374099436843,-0.017038564589921812,0.013732364312043428,var_Visu,-0.14165551160728393,CentExe,0.2457013806908587,0,0.1546134236684973,0.013484389554902922
229,69,0.00013827655310621242,0.0007488662000060206,9.553741461863886e-06,0.00041395721593414796,0.23314553321010387,-0.016710804365165144,-0.014949752710429198,0.0,var_Sens,-0.05272923664324854,CentExe,0.21739130434782608,7,0.5217391304347826,0.0007488662000060206
231,111,0.00022244488977955911,0.0009083723417122614,8.454177241458237e-06,6.706617194876334e-05,0.6968143820516208,-0.018427629527403067,-0.01050232071597712,0.0,netfc_CentExe__CentExe,0.04678776720936912,DefaultMode,0.26126126126126126,8,0.18018018018018017,0.0009083723417122614
232,3935,0.007885771543086173,0.004619189897363439,0.0009003631240622011,0.00010522956311672808,0.02721950942898975,0.15680353005298975,-0.01949168119202227,0.004268115164776232,slope_Visu,-0.36804686438572426,Visual,0.2548919949174079,2,0.11283354510800508,0.004619189897363439
234,187,0.000374749498997996,0.0009558913644152229,4.4774473513101046e-05,0.001147185334710087,0.012326658055732949,-0.011171249058443466,-0.01731604995061864,0.0,netfc_VentSal__DefaMod,-0.041611762891660915,CentExe,0.19786096256684493,8,0.5775401069518716,0.001147185334710087
235,3174,0.006360721442885771,0.8289461710239608,0.012130452963844894,3.0143181042171325e-05,0.01012013506844607,-0.00705257647327695,-0.013109620430865832,0.0,ac1_CentExe,-0.06579354970900493,CentExe,0.797416509136736,0,0.11342155009451796,0.8289461710239608
236,30847,0.061817635270541085,0.0019610884549293994,0.00012360708678961537,0.17836380470247967,0.013479099744021719,0.019708367235567237,-0.012633122162666321,0.0002656510477600204,var_Sens,-0.15766011095726143,CentExe,0.26119233636982525,5,0.4997568645249133,0.17836380470247967
238,10662,0.02136673346693387,0.7811473932383736,0.018092038535836345,3.123357658431716e-05,0.00993194024811881,-0.006260809986921023,-0.011356265713651004,0.0,var_DorsSal,-0.06726137006385331,Sensorimotor,0.37732132808103547,5,0.10701556931157381,0.7811473932383736
240,32716,0.06556312625250502,0.004476502846208419,0.0002873440633396014,0.2561526313728949,0.016226869849961682,0.01227693665912366,-0.0184823534225782,0.00019921625332382304,ac1_DefaMod,0.089740256477451,CentExe,0.2552573664262135,0,0.6440273872111505,0.2561526313728949
242,233,0.00046693386773547093,0.11665088177259415,0.0011241313984902447,2.8305057717959475e-05,0.010270244946841558,-0.004161229371544062,-0.016901288307166862,0.0,ac1_CentExe,0.048913047498766134,DefaultMode,0.9313304721030042,6,0.15021459227467812,0.11665088177259415
244,168,0.0003366733466933868,0.0015008342189832822,4.66889260794534e-05,0.0003146713079898661,0.05347532342461553,-0.0028281616012677535,-0.008549018226335026,0.0,netfc_CentExe__Subc,0.12327078528304093,DefaultMode,0.36904761904761907,1,0.30952380952380953,0.0015008342189832822
245,63,0.00012625250501002003,0.0011243932773719238,4.422953574132505e-05,0.0004630229315176652,0.010392000690795372,-0.013133434937719235,-0.01402458677963847,0.0,netfc_Subc__Subc,-0.06382974040071797,Visual,0.25396825396825395,9,0.5873015873015873,0.0011243932773719238
246,361,0.0007234468937875752,0.0009705917113937327,0.00011108264782627145,0.0009970157544893768,0.018981887443587902,-0.00761883054423329,-0.014711225637953795,0.0,slope_DefaMod,-0.058975487238801916,Visual,0.29085872576177285,2,0.39335180055401664,0.0009970157544893768
247,59,0.00011823647294589178,0.0009158773699050288,6.539804916898525e-06,0.00017363723781859742,0.07023647964921621,-0.0120610097439946,-0.01909298500956158,0.0,netfc_DefaMod__DefaMod,0.08628614946330485,DefaultMode,0.2711864406779661,4,0.3220338983050847,0.0009158773699050288
248,186805,0.37435871743486976,0.009887939219993105,0.0011078056506850606,0.0010400610286532654,0.030990458955068825,0.11310042094883177,-0.01709647348039911,0.0035050339532157774,ac1_Sens,-0.3385358154953349,CentExe,0.2579053023206017,3,0.10244372473970183,0.009887939219993105
249,447,0.0008957915831663327,0.0036335736076827485,0.0008129934078838175,0.0006988516510667447,0.011474258456840733,-0.0020323283925094415,-0.012627487548888983,0.0,falff_Visu,-0.09921285758616978,Visual,0.4004474272930649,5,0.2796420581655481,0.0036335736076827485
250,249,0.0004989979959919839,0.0019243305305337028,0.00015332617954932318,0.0005175460611788979,0.011673883534326116,0.0048699977084122326,-0.012399446622711974,5.685178606043948e-05,ac1_Sens,-0.12393550207866383,CentExe,0.2891566265060241,8,0.3132530120481928,0.0019243305305337028
253,74,0.00014829659318637273,0.0012453704110312119,0.00010672175866839338,3.700677722209225e-05,0.012460052851768644,-0.007244642683165603,-0.015321022871873202,0.0,netfc_Sens__VentSal,0.08874634195894669,Visual,0.4594594594594595,0,0.1891891891891892,0.0012453704110312119
255,128,0.0002565130260521042,0.001945238560096728,0.00013060265111953476,0.0009194378695827258,0.013628988900003343,-0.01709276031451279,-0.0184111563129703,0.0,var_CentExe,-0.033787372711786945,CentExe,0.40625,5,0.625,0.001945238560096728
256,120,0.0002404809619238477,0.0011883606871359584,0.00010953023005502812,0.0002309243563498248,0.08510692336291883,-0.013506564647976838,-0.015691883559970643,0.0,netfc_Sens__VentSal,0.07334225838568198,Visual,0.44166666666666665,6,0.25833333333333336,0.0011883606871359584
257,81,0.0001623246492985972,0.0009310908486063185,4.820743220198614e-06,0.000441414587388639,0.03368720930761743,0.0006307229680794224,-0.020433412594048184,2.124729664081321e-05,netfc_Visu__VentSal,0.1170620941355789,DefaultMode,0.24691358024691357,8,0.5185185185185185,0.0009310908486063185
258,837,0.0016773547094188377,0.0017212307177850755,0.00011342066083394008,0.0014293752553787417,0.011128878393942707,-0.006229506167295673,-0.012905707467389727,0.0,fc_mean,-0.09940442226547413,DefaultMode,0.3118279569892473,6,0.2724014336917563,0.0017212307177850755
259,5646,0.011314629258517034,0.004250827229521267,0.00024037854786305117,0.0010982858777859959,0.030975043581866715,0.02626828952034721,-0.01463525446440217,0.0008136614127138475,var_CentExe,0.08143876596355176,DefaultMode,0.22688629117959616,4,0.16170740347148424,0.004250827229521267
260,148,0.00029659318637274547,0.000994137818670315,1.7224903569734042e-05,0.0006583457232514774,0.012262950103499473,0.006456980771578413,-0.015200653043166756,7.91816330211216e-05,var_Sens,0.129718918728471,CentExe,0.2702702702702703,4,0.47297297297297297,0.000994137818670315
261,484,0.000969939879759519,0.001801868930442994,0.00010870664688521735,0.001869417351722505,0.010717104935266723,-0.007154697530816101,-0.012193377939571315,0.0,var_DefaMod,0.0297917994264111,CentExe,0.33884297520661155,4,0.371900826446281,0.001869417351722505
262,865,0.0017334669338677354,0.00429486125679003,0.0004177076427485308,0.00020084991874502606,0.014993052644008744,0.0855399501009888,-0.015843982209682306,0.0012825049750300062,ac1_DefaMod,0.2820005653352442,CentExe,0.3514450867052023,6,0.15260115606936417,0.00429486125679003
263,7816,0.015663326653306612,0.0011220951009268528,2.228180239633036e-05,0.03942241071378413,0.012378849528295988,0.043182031298586665,-0.01097165364686603,0.0005345438677713721,var_Sens,-0.20159234673429388,CentExe,0.2602354145342886,6,0.4243858751279427,0.03942241071378413
265,1029,0.002062124248496994,0.0016111759583804376,0.00024365502889589694,0.0005528693570168225,0.027522180752815702,0.030409372020274716,-0.013001640691933547,0.0008369322333216171,var_Visu,-0.1568974708951582,Visual,0.2478134110787172,9,0.2118561710398445,0.0016111759583804376
267,92,0.0001843687374749499,0.0012460453942342495,2.526372973080147e-05,0.0002188809241840197,0.02549006388891425,-7.228479162701973e-05,-0.008626355497025173,0.0,netfc_VentSal__CentExe,0.12535225656294346,Sensorimotor,0.1956521739130435,6,0.32608695652173914,0.0012460453942342495
268,548,0.001098196392785571,0.0016083313540655151,0.00020369741963702193,0.002884566477162895,0.02710954774117987,-0.004714968291583688,-0.015190725932632265,0.0,netfc_Visu__DefaMod,0.07269133413695902,Visual,0.2591240875912409,9,0.458029197080292,0.002884566477162895
270,14608,0.029274549098196392,0.1894995189030991,0.037361598289663886,0.0002122203210460536,0.011994578982569469,0.08056604401813072,-0.015845674705701418,0.0009663557782886374,var_Visu,0.225388612146422,Visual,0.5633214676889375,8,0.10898138006571742,0.1894995189030991
271,80,0.00016032064128256512,0.024717167112177835,0.00043343262357376444,0.0002526027355887128,0.011083143880404251,-0.014605841718932533,-0.01695033273351587,0.0,netfc_Visu__DorsSal,0.03356945420621566,Sensorimotor,0.8,5,0.3875,0.024717167112177835
272,372,0.0007454909819639278,0.0024930498285316988,0.00013071745366115655,5.1020804711682465e-05,0.02750559752275792,0.06063185131761528,-0.011702951736212386,0.0016677152994020255,fc_mean,0.23419333089479064,Visual,0.26344086021505375,3,0.1424731182795699,0.0024930498285316988
274,1973,0.003953907815631263,0.0027833924109724457,4.20948360423525e-05,0.01114588554516685,0.018358947031018456,0.035055167982886215,-0.015150117447304101,0.0006435759721612622,fc_mean,-0.18350266727485529,CentExe,0.26406487582361887,2,0.5392802838317283,0.01114588554516685
277,227,0.00045490981963927857,0.0012381522066333792,3.036264022443793e-05,0.0014307750785586247,0.011810615753899587,-0.0049820850375943415,-0.01980496381465091,0.0,ac1_Sens,-0.08571709614629211,CentExe,0.2775330396475771,7,0.5726872246696035,0.0014307750785586247
278,131,0.0002625250501002004,0.0016175247208491267,0.0001228584552232614,0.00012906426666496975,0.017101599365153698,-0.01113342413544105,-0.010036640841992295,0.0,slope_Visu,-0.101617954134398,CentExe,0.3053435114503817,0,0.26717557251908397,0.0016175247208491267
280,51,0.00010220440881763527,0.0009580390427959735,5.401128174855198e-05,2.8643650584253886e-05,0.014424950645178283,-0.019571112724462436,-0.012374169003777968,0.0,netfc_DorsSal__Subc,0.05158431766514981,Visual,0.23529411764705882,1,0.19607843137254902,0.0009580390427959735
281,26371,0.05284769539078156,0.690811800778692,0.08252623202920346,0.00022656684561413155,0.01048454197843155,0.00019206289732953685,-0.0155292534471545,2.013691509550718e-06,fc_mean,-0.11309303625543658,CentExe,0.49497554131432253,2,0.11008304576997459,0.690811800778692
282,177,0.00035470941883767535,0.0013488334108852354,5.001422300278555e-05,0.00019758444496052833,0.012807253257407615,-0.010461049549537194,-0.013499267477298904,0.0,netfc_DefaMod__DefaMod,-0.05600164247659661,Visual,0.2655367231638418,0,0.288135593220339,0.0013488334108852354
283,517,0.0010360721442885773,0.00548381092275627,0.0003188928765969708,0.00025456294249967987,0.012389214284745738,0.01936079325257367,-0.019062445196649902,0.00023986501632879462,ac1_Visu,0.1547927365399225,CentExe,0.39264990328820115,6,0.2011605415860735,0.00548381092275627
286,1057,0.002118236472945892,0.002171546083670646,0.0001853761179573294,0.0005981283013174966,0.013329000210906427,0.11189471894462355,-0.02200213910427329,0.0014914447324122027,ac1_DefaMod,0.32082917681453715,CentExe,0.31598864711447494,5,0.21381267738883633,0.002171546083670646
287,132,0.0002645290581162325,0.0052324322206336316,0.0003531551995278298,0.00024928891774574666,0.010514633161564285,-0.009147063299644431,-0.013749900938913262,0.0,netfc_Sens__DorsSal,-0.07523247471844906,DorsSal,0.30303030303030304,4,0.3333333333333333,0.0052324322206336316
288,30402,0.060925851703406815,0.0020489206594475123,5.177646509533141e-05,0.10803107702463774,0.01680706007742111,0.010001200931327614,-0.0133767599134762,0.00016809078489918316,netfc_Visu__CentExe,-0.07920093193401133,CentExe,0.25379909216498914,2,0.4029669100717058,0.10803107702463774
290,95,0.0001903807615230461,0.0077834720826440666,0.0007537483360997118,0.0007547872520677789,0.011515386007492913,-0.011389158208369388,-0.00927455485287787,0.0,netfc_DorsSal__CentExe,-0.03799058475358425,Visual,0.9052631578947369,0,0.6736842105263158,0.0077834720826440666
291,78416,0.15714629258517035,0.006293635105352629,0.0012338387188496783,0.10296452112300987,0.032483739782429195,0.028763276905856117,-0.014529647786803324,0.0009343388022997853,var_DorsSal,-0.15149948487788353,CentExe,0.2696643542134258,4,0.19730667210773312,0.10296452112300987
292,3828,0.007671342685370741,0.007474814407226017,0.0010097493039011984,0.00013407482485152837,0.01069524401747444,0.03835048326870982,-0.01289971393989231,0.00041016777674692233,ac1_DefaMod,-0.21283874777050169,DefaultMode,0.3181818181818182,2,0.1235632183908046,0.007474814407226017
294,97,0.00019438877755511023,0.0027130940037273267,5.4667849119783956e-05,0.0002822060280586306,0.012318601799091984,-0.006168738077375613,-0.016036544454694823,0.0,ac1_CentExe,0.07780391410137558,Sensorimotor,0.25773195876288657,4,0.3711340206185567,0.0027130940037273267
295,3179,0.006370741482965932,0.005813262062893593,0.0008109274569430606,0.0004464460074855544,0.01617845069439855,0.06035878257138538,-0.01415009330183703,0.0009765115878050809,ac1_DefaMod,-0.18872524195044235,CentExe,0.3271469015413652,3,0.1481597986788298,0.005813262062893593
296,3131,0.006274549098196393,0.2430620174105008,0.010147545187537122,0.000269939391366759,0.01075772602270211,0.020283927217035758,-0.016279665535221755,0.00021820893166530115,var_DefaMod,-0.09909647115396403,DefaultMode,0.3570744171191313,4,0.12807409773235387,0.2430620174105008
297,81,0.0001623246492985972,0.0011871204982863864,4.4740755032733446e-05,0.0003226140585630781,0.012018512686543591,0.010057794905027784,-0.009865101685943678,0.00012087973566472992,netfc_DefaMod__DefaMod,0.16959300516861597,Sensorimotor,0.345679012345679,6,0.4444444444444444,0.0011871204982863864
299,134,0.0002685370741482966,0.0008765963538518826,2.0686176074923594e-05,0.00025823614185383186,0.1425183023861074,-0.01550692408421872,-0.006635450041311719,0.0,netfc_Visu__CentExe,0.06147439814388888,Sensorimotor,0.26865671641791045,7,0.291044776119403,0.0008765963538518826
302,2141,0.004290581162324649,0.39454118132539095,0.005338791567554321,7.1415922809229e-05,0.010865300068997151,0.017586804726884786,-0.014340972677405528,0.0001910859106124607,var_CentExe,-0.13128608483776094,CentExe,0.6823914058851004,6,0.11630079402148528,0.39454118132539095
304,1476,0.0029579158316633265,0.004355889468993134,0.00033238272108073965,0.0005346865930954572,0.011465011499467251,0.009574701196107815,-0.017852707967118686,0.00010977405931733895,fc_mean,-0.1455689741434722,CentExe,0.2588075880758808,7,0.15514905149051492,0.004355889468993134
305,56,0.00011222444889779559,0.0008719671572081229,1.0099094262862198e-05,0.00021327448417961007,0.2571259069317766,-0.016158446921894276,-0.011325715759289867,0.0,netfc_DorsSal__Subc,0.043864890302970284,Visual,0.25,0,0.375,0.0008719671572081229
306,61,0.00012224448897795592,0.005869883981897499,0.00015240532632443833,0.00016700389039767862,0.010647786680757021,-0.013548592689872851,-0.014223450798401593,0.0,netfc_Visu__DorsSal,-0.07797212127264896,CentExe,0.7377049180327869,7,0.39344262295081966,0.005869883981897499
308,85,0.00017034068136272546,0.0014559292716420564,2.970525047330278e-05,0.0007080473461692236,0.011379870567918162,-0.00653449163946096,-0.01467000747616587,0.0,falff_Sens,0.06945824122345381,DefaultMode,0.38823529411764707,9,0.7294117647058823,0.0014559292716420564
309,218,0.00043687374749498995,0.001766171946675864,0.00011665763352785376,0.0015989398350695553,0.011046780681289796,-0.013465382379817425,-0.016666426435974824,0.0,var_Sens,0.0408346891477786,Visual,0.3348623853211009,5,0.6467889908256881,0.001766171946675864
310,355,0.0007114228456913828,0.0012914534600085119,3.5886172601731805e-05,0.0005857646647605608,0.012580165817221102,-0.005564973493087599,-0.01861877935197498,0.0,var_Sens,0.09538627150294517,DefaultMode,0.23661971830985915,4,0.27887323943661974,0.0012914534600085119
312,1153,0.00231062124248497,0.042884792160359425,0.004912642355902596,0.00038199800552942364,0.010952495986158413,0.010815895843468537,-0.015588151434358766,0.00011846105581229661,var_Visu,0.14354438204043207,CentExe,0.5264527320034692,0,0.1569817866435386,0.042884792160359425
314,125,0.000250501002004008,0.0018755988173817864,8.685382261168965e-05,0.00029062208811004236,0.010927938074060785,-0.011478872452390876,-0.015358999980414678,0.0,netfc_VentSal__DefaMod,-0.03300563074083073,CentExe,0.36,3,0.368,0.0018755988173817864
316,185,0.00037074148296593185,0.0029783574345743145,0.0002893900166974796,0.00015595231876508562,0.01314189304916373,0.0013530152276800544,-0.01796860916140086,1.778118141606119e-05,var_DefaMod,-0.11963098938486598,Sensorimotor,0.4540540540540541,5,0.21621621621621623,0.0029783574345743145
318,381,0.0007635270541082165,0.002240362194182405,0.0003156310687121496,0.0021697057608096922,0.013099747603063316,-0.007363263447803137,-0.010977589040732871,0.0,var_Visu,-0.06949870401321216,Visual,0.3333333333333333,5,0.46981627296587924,0.002240362194182405
319,62,0.00012424849699398796,0.001024455084918572,1.11930463902943e-05,0.0001294368308958874,0.01345710202536113,-0.0041178092725804305,-0.016747744432545897,0.0,fc_mean,0.12389760014055369,CentExe,0.3064516129032258,0,0.3709677419354839,0.001024455084918572
320,62,0.00012424849699398796,0.0007694202900808746,2.0862970394021917e-05,0.00010297635707534082,0.484980523422312,-0.016274853270201284,-0.008885564399049528,0.0,netfc_DorsSal__CentExe,0.06981981455975017,CentExe,0.2903225806451613,6,0.27419354838709675,0.0007694202900808746
321,859,0.001721442885771543,0.0029619108687179447,0.00023608789407323643,0.0004353100099306623,0.01071549075094471,0.018641376133342824,-0.02262978756325551,0.0001997514935417165,ac1_Sens,-0.14409999808631882,CentExe,0.3259604190919674,6,0.18160651920838183,0.0029619108687179447
322,723,0.0014488977955911823,0.0027946189428022725,0.0005773912263299883,0.0018715303972721114,0.05059152815941563,0.04062536992373489,-0.013510706570247777,0.0020552995464833104,var_DefaMod,-0.210231459521752,Visual,0.35408022130013833,9,0.318118948824343,0.0027946189428022725
323,51,0.00010220440881763527,0.0009369971232547168,1.9699513328303135e-05,0.00010132620615411014,0.13296704393918665,-0.013674330370820664,-0.011548482087812006,0.0,netfc_CentExe__Subc,0.07384917743499021,DefaultMode,0.29411764705882354,7,0.37254901960784315,0.0009369971232547168
324,3242,0.006496993987975952,0.632882081444508,0.01905711895404772,4.8178413235783725e-05,0.010157330694164279,-0.0009980803567966046,-0.01660341033985313,0.0,netfc_DorsSal__DefaMod,-0.07385546134208736,Visual,0.7325724861196792,7,0.11597779148673658,0.632882081444508
325,128,0.0002565130260521042,0.0015672550741868778,3.832492615183884e-05,0.0001254555241325771,0.010799573584014337,0.004455775867099998,-0.016882837213053614,4.8120479350621716e-05,var_Sens,0.12761719761991994,CentExe,0.3671875,0,0.234375,0.0015672550741868778
326,966,0.0019358717434869738,0.0019052363164999819,6.907069232791578e-05,0.00011921895889234481,0.012320314437282542,0.028286021726946498,-0.020890965303307363,0.0003484926818557866,falff_Sens,-0.12615538034194052,DefaultMode,0.22981366459627328,2,0.13664596273291926,0.0019052363164999819
327,52,0.00010420841683366733,0.001107868399147165,2.9291285243586385e-05,6.050621974248694e-05,0.00990025764897812,-0.01419650331512834,-0.013322129623637435,0.0,fc_sd,0.051778741144682776,CentExe,0.25,6,0.21153846153846154,0.001107868399147165
329,89144,0.17864529058116232,0.007042790621420718,0.001869888900567256,0.009101829352686512,0.16917599174330145,0.05842760358722909,-0.01071989376454896,0.009884547782053959,netfc_VentSal__DefaMod,0.1630522359524556,CentExe,0.2470384995064166,9,0.12663779951539084,0.009101829352686512
330,441,0.0008837675350701403,0.002842533451290865,0.00040193651688062184,0.00045351050280713616,0.017572476006659277,0.020011733246164676,-0.014557626620297803,0.00035165570231989455,falff_Visu,0.11510352956048414,Visual,0.3378684807256236,4,0.2743764172335601,0.002842533451290865
331,171,0.00034268537074148294,0.007201376055878868,0.00046939508789579465,0.0017550048250781058,0.012986854199885435,-0.01204504736087375,-0.009508972425173567,0.0,var_DorsSal,-0.03579580296715643,Visual,0.52046783625731,9,0.8011695906432749,0.007201376055878868
335,304,0.0006092184368737475,0.0013582195378871286,0.00014182875497044032,0.0006969138709658895,0.04271950487600915,-0.007876161043098628,-0.021269525031389902,0.0,ac1_Sens,0.11819943158636419,Visual,0.2532894736842105,7,0.34539473684210525,0.0013582195378871286
337,435,0.000871743486973948,0.0013805305368376805,4.7196183625152844e-05,0.00038780664004494454,0.02758526134932194,0.013246103552117972,-0.019861832080282582,0.0003653972283453559,fc_mean,0.1733454411026119,CentExe,0.24597701149425288,2,0.2160919540229885,0.0013805305368376805
338,358,0.000717434869739479,0.0011575214998458562,0.00011063028926845137,0.0002373461914079496,0.0756609880548647,0.009311618261363508,-0.015299751577386056,0.0007045262380444843,netfc_VentSal__DefaMod,0.1794572130770295,Sensorimotor,0.27932960893854747,0,0.19273743016759776,0.0011575214998458562
340,735,0.0014729458917835672,0.0015712006236105298,4.054633783864298e-05,0.0003044325708930398,0.012388883251689405,-0.0007035750450081757,-0.01474117184428736,0.0,var_DefaMod,0.0857688419702648,CentExe,0.23673469387755103,7,0.1782312925170068,0.0015712006236105298
341,470,0.0009418837675350701,0.00256660129573483,0.00022847604006549722,0.00028107825775561674,0.011597367426267043,-0.0023358994160569413,-0.015254874270748564,0.0,var_Visu,0.09964397816970358,DefaultMode,0.41914893617021276,2,0.2297872340425532,0.00256660129573483
342,505,0.0010120240480961924,0.0031472557833590966,0.0003974513293686722,1.942806160370733e-05,0.011087383972116033,-0.006093382136540759,-0.01401317104067279,0.0,slope_DorsSal,0.06785544252374835,CentExe,0.38415841584158417,9,0.12079207920792079,0.0031472557833590966
343,947,0.0018977955911823646,0.01171150810386701,0.0004928649791395399,0.0006020279008511387,0.01585549769705014,0.04205347451646657,-0.01427962818015227,0.0006667787683487925,ac1_CentExe,0.22385858597660557,CentExe,0.33368532206969376,6,0.1921858500527983,0.01171150810386701
346,1062,0.002128256513026052,0.003226639462311769,0.0002654885569143089,0.0029024279173869537,0.012564517754080656,0.02378197401215454,-0.016699768215378885,0.00029880903470280045,var_DorsSal,-0.14152693797609756,CentExe,0.3389830508474576,4,0.3239171374764595,0.003226639462311769
347,66,0.00013226452905811624,0.0026448174890939136,0.00016097818180455637,0.0001164389574156589,0.012058007729662656,-0.022560113788094194,-0.015702965520896672,0.0,netfc_CentExe__CentExe,0.04485970211367488,Visual,0.5,6,0.3181818181818182,0.0026448174890939136
348,285,0.0005711422845691383,0.001638830421378459,9.153046388631166e-05,0.0006337074511725314,0.012488521175293657,-0.0028840944879908736,-0.01595953928460614,0.0,ac1_DorsSal,-0.0717411773706047,DefaultMode,0.3473684210526316,6,0.34035087719298246,0.001638830421378459
351,112,0.00022444889779559118,0.0019195710830066004,0.0001004597405179323,0.00023581116301755052,0.01065774874140717,-0.016978089569858135,-0.015632921853648618,0.0,var_VentSal,0.02508674746790705,CentExe,0.4017857142857143,4,0.2857142857142857,0.0019195710830066004
353,69,0.00013827655310621242,0.0008355317575336874,1.9012365858237305e-05,0.00024320140400683357,0.19029468600998328,-0.021167312879468936,-0.007948220973988951,0.0,var_DefaMod,-0.06731548279927423,Visual,0.2753623188405797,0,0.4057971014492754,0.0008355317575336874
354,1633,0.0032725450901803605,0.0026695913941105183,0.00018855888151505723,0.00741959568020917,0.014924625687053156,0.03463131542905795,-0.014131177933388583,0.0005168594198289586,var_Sens,-0.15623873791935047,CentExe,0.22290263319044704,4,0.46907532149418246,0.00741959568020917
355,83,0.00016633266533066133,0.0011082366423865106,4.172987822030277e-05,0.00015991488673757935,0.042896489043994485,-0.02242678056192693,-0.01272142807789245,0.0,ac1_Subc,0.07918579269282136,Visual,0.25301204819277107,0,0.27710843373493976,0.0011082366423865106
356,2827,0.005665330661322646,0.003112434563231923,0.00019275057037521803,0.0005630537829465834,0.01297400695228695,0.024816880317333423,-0.01384183887895607,0.000321974377771157,var_Sens,0.14796425284795064,DefaultMode,0.23452423063318004,6,0.1574106827025115,0.003112434563231923
357,152,0.00030460921843687374,0.000978221528935356,3.1908812407009226e-05,4.634418740018725e-05,0.010287968727437058,-0.007286516267537291,-0.01544084161636139,0.0,ac1_Visu,0.07889156102165791,DefaultMode,0.2894736842105263,6,0.1513157894736842,0.000978221528935356
358,22088,0.04426452905811623,0.7408467649749417,0.06641740244396507,0.00015404258534082213,0.00996630037072958,-0.009978064148524979,-0.019923558133900787,0.0,netfc_DorsSal__Subc,-0.03782377919682069,Sensorimotor,0.39437703730532414,4,0.10865628395508874,0.7408467649749417
359,74,0.00014829659318637273,0.001317373085397292,2.816727005619148e-05,1.547068490703015e-05,0.012147540403350589,-0.007980871167918346,-0.02000197350601396,0.0,ac1_VentSal,-0.05190919295574984,CentExe,0.3918918918918919,4,0.13513513513513514,0.001317373085397292
365,1094,0.002192384769539078,0.00375572173196969,0.0003858427941650749,0.0008386685516139978,0.013997863024849913,-0.007222228416106313,-0.010671315363879552,0.0,var_CentExe,0.0740162689741388,Visual,0.26416819012797077,2,0.21023765996343693,0.00375572173196969
367,147461,0.2955130260521042,0.004941892301379194,0.0005259925887582624,0.030223731757286886,0.3363404466122348,0.04541405841701951,-0.014003660436838983,0.015274584690454462,fc_mean,0.17962084152856153,CentExe,0.25692216925153094,2,0.13208238110415635,0.030223731757286886
368,464,0.0009298597194388777,0.0015991893699875673,8.373835910628125e-05,0.004139629889818992,0.015016330654277639,0.0003081168503852316,-0.012532229748636103,4.626784505539231e-06,ac1_Sens,-0.08804397773521173,DefaultMode,0.25646551724137934,0,0.7219827586206896,0.004139629889818992
369,281,0.00056312625250501,0.0018863481664056678,0.0003458908295631207,0.00017545133240550096,0.02735529495495019,0.0025657773460058264,-0.016943381584918482,7.018759608871868e-05,netfc_Visu__Sens,0.1561570608317075,Visual,0.40213523131672596,0,0.19572953736654805,0.0018863481664056678
370,249,0.0004989979959919839,0.0008842303850912189,1.5747670315458434e-05,0.0001332723680962891,0.3962177795161988,-0.012502041184301094,-0.01208051851325287,0.0,netfc_Visu__Visu,0.047421052439396,DefaultMode,0.23694779116465864,0,0.24096385542168675,0.0008842303850912189
371,1083,0.0021703406813627256,0.0011197615341603357,2.9624936723057922e-05,0.0023326435842339743,0.11558151880699515,0.00928941865439148,-0.011116755784110754,0.0010736851169086002,netfc_Subc__Subc,0.06723138054864244,CentExe,0.26685133887349954,0,0.3656509695290859,0.0023326435842339743
373,13996,0.02804809619238477,0.016596333285172005,0.0016132122888146319,0.0005821448052633126,0.019334015911593238,0.2022570566384544,-0.024980639699186957,0.003910441151279892,falff_CentExe,0.3434433237231602,CentExe,0.2558588168048014,5,0.11939125464418406,0.016596333285172005
374,80,0.00016032064128256512,0.0013338359037281936,2.302985849243207e-05,0.00030680784193651956,0.011417031462878702,-0.011975080774625502,-0.016257023085889832,0.0,var_Visu,0.05236459938436422,DefaultMode,0.3375,9,0.475,0.0013338359037281936
375,67,0.0001342685370741483,0.0009894203038827403,4.508084009126643e-05,0.0001522562330742443,0.05316281880256047,-0.012158138827482956,-0.01782444367281677,0.0,netfc_Visu__Subc,0.09393205854527208,Visual,0.29850746268656714,3,0.29850746268656714,0.0009894203038827403
377,854,0.0017114228456913828,0.0011963565229472937,4.058970910093047e-05,0.009066283403974116,0.011556149879533581,0.0010142232936886098,-0.009736240768462912,1.172051639317978e-05,var_VentSal,-0.11326323221635044,CentExe,0.2997658079625293,0,0.788056206088993,0.009066283403974116
379,25298,0.05069739478957916,0.0018505056219060697,8.635564423258446e-05,0.24364939352827175,0.020692590254170525,0.007325468260559798,-0.016334171319186686,0.0001515829131356952,var_Visu,-0.13298437953462944,CentExe,0.253972646058977,9,0.7385564076211558,0.24364939352827175
380,101,0.00020240480961923848,0.0011273736035206916,4.178303186995668e-05,0.0003541466907530744,0.06210795473497587,-0.0019154350975931766,-0.015838858666894273,0.0,var_Visu,-0.0930451661149572,CentExe,0.37623762376237624,0,0.38613861386138615,0.0011273736035206916
381,372,0.0007454909819639278,0.001014478726187408,3.2982813862451624e-05,0.005364007110516142,0.03640414145778716,-0.03236672912165184,-0.015159611326560851,0.0,var_DefaMod,-0.1964141338488121,CentExe,0.29301075268817206,0,0.956989247311828,0.005364007110516142
383,472,0.0009458917835671343,0.0020464216860537703,0.00023673619549942888,0.0019099763719609298,0.013756445330932216,0.006963067429691883,-0.01641285638220924,9.578705643215109e-05,netfc_Visu__DefaMod,0.08256576518600328,DefaultMode,0.4343220338983051,9,0.3983050847457627,0.0020464216860537703
385,67,0.0001342685370741483,0.0009835236892729252,1.642984323049362e-05,0.00022708864342272755,0.012792673208841969,-0.0077587800871075085,-0.014652725280986933,0.0,netfc_Visu__DefaMod,0.04239621904201447,DefaultMode,0.34328358208955223,8,0.44776119402985076,0.0009835236892729252
386,1055,0.0021142284569138276,0.08989376392113707,0.006772678132050971,3.936236312280034e-05,0.01066584236462289,-0.00020149809235125993,-0.009999391306320327,0.0,var_Sens,-0.09900422923007833,Sensorimotor,0.861611374407583,7,0.11563981042654028,0.08989376392113707
387,410,0.0008216432865731463,0.2677553836351658,0.0018754578117057415,0.00042745662163875094,0.010198343043171193,-0.020180695475277233,-0.01927002049524651,0.0,ac1_VentSal,0.021506601933237644,CentExe,0.9682926829268292,3,0.23170731707317074,0.2677553836351658
389,60,0.00012024048096192385,0.0017579153147356053,4.164842534749125e-05,0.00015042055334520187,0.010958840565400087,-0.016480240001279123,-0.013005751126650367,0.0,var_Sens,0.051540618926870736,Visual,0.31666666666666665,4,0.35,0.0017579153147356053
392,61,0.00012224448897795592,0.0008841719547039741,3.348817726649696e-05,0.0001890687760652028,0.14754255048107695,-0.01323237173898506,-0.012122423249495196,0.0,netfc_CentExe__DefaMod,0.0971443107355598,Sensorimotor,0.29508196721311475,3,0.36065573770491804,0.0008841719547039741
394,33873,0.0678817635270541,0.023229169848174934,0.0020315882736948315,0.06329547774330582,0.018923239517560676,0.04037582843478149,-0.016323966226881925,0.0007640414721913071,falff_DorsSal,-0.1423717746760505,CentExe,0.2626280518406991,0,0.2587606648363003,0.06329547774330582
395,260,0.0005210420841683367,0.002873864290137044,4.4238826394678266e-05,0.000325475989637125,0.013613067050230472,0.010845722743806574,-0.017203055039487047,0.0001476435509196485,var_Sens,0.14290652013588317,CentExe,0.23846153846153847,5,0.3,0.002873864290137044
396,1511,0.003028056112224449,0.0018697807071051753,8.976013014949381e-05,0.0005488564382801806,0.01499244398480643,0.08052309304432603,-0.014356690873121414,0.0012072379619504144,ac1_Visu,-0.25959475136219967,CentExe,0.2501654533421575,5,0.1687624090006618,0.0018697807071051753
398,70,0.00014028056112224449,0.0009923213243209852,1.1342850775820105e-05,0.00013837905394135927,0.011709410284593507,-0.010999021819258825,-0.018603965595847205,0.0,var_Sens,-0.047439574157000744,DefaultMode,0.2857142857142857,5,0.3,0.0009923213243209852
399,209,0.0004188376753507014,0.0012261789971177227,7.180608383144227e-05,0.0010709121835494608,0.015883076216056606,0.005199544683695434,-0.012399740115561997,8.258476449992652e-05,netfc_VentSal__DefaMod,0.11980922869234129,Sensorimotor,0.2631578947368421,8,0.4449760765550239,0.0012261789971177227
400,390,0.000781563126252505,0.0013712620900213455,0.00010620054559022776,0.0001973918409315649,0.011404511651189525,0.05549419383363152,-0.020134966552860067,0.0006328841801490206,ac1_Sens,-0.2216474783708923,DefaultMode,0.28717948717948716,6,0.19487179487179487,0.0013712620900213455
403,706,0.0014148296593186373,0.0022738818632627744,0.0001924229706878046,0.004889415057013804,0.014881298460375248,0.018603806497903386,-0.012270870725240801,0.00027684879699436867,var_Sens,-0.14604702380752607,Sensorimotor,0.26628895184135976,4,0.5155807365439093,0.004889415057013804
405,568,0.0011382765531062124,0.0027832781011423347,0.0007181893672612722,0.001521773839508791,0.01252939285891486,0.0034354723892915384,-0.015047950621148942,4.304438322138857e-05,fc_mean,-0.12009064468835404,Visual,0.4137323943661972,3,0.3204225352112676,0.0027832781011423347
406,109,0.00021843687374749498,0.0009645744425776589,8.809788842927738e-05,0.00019290396914206008,0.2717011056670839,-0.019487311341923608,-0.01242338950936217,0.0,fc_sd,0.05731900779246234,Sensorimotor,0.26605504587155965,2,0.27522935779816515,0.0009645744425776589
407,466,0.0009338677354709419,0.0017170158824252031,5.10276170583114e-05,0.0007163558900116448,0.013694028530548904,0.030525120060019506,-0.01628748359823229,0.0004180118650003378,fc_sd,0.1722344069755892,DefaultMode,0.30686695278969955,3,0.2532188841201717,0.0017170158824252031
408,15712,0.03148697394789579,0.3566215014320635,0.01863257716119607,5.0585053229686966e-05,0.010864672404479653,0.015366836735667855,-0.011711665683746597,0.00016695564702615473,var_Visu,-0.1263362802972255,DefaultMode,0.5323956211812627,5,0.10577902240325865,0.3566215014320635
409,66,0.00013226452905811624,0.0010266086498475328,4.4403142929580594e-05,0.00014790503212159693,0.02137146060365116,-0.009757196785536326,-0.019241829087858875,0.0,falff_DefaMod,0.12201229074469239,Sensorimotor,0.3181818181818182,4,0.3484848484848485,0.0010266086498475328
411,909,0.0018216432865731462,0.002381385673598994,0.00039767764797814443,0.009526061812640187,0.015294155061743777,0.03120191893147184,-0.015037918455436117,0.000477206986361889,var_Visu,-0.17581635974465074,Visual,0.2684268426842684,4,0.7810781078107811,0.009526061812640187
412,306,0.0006132264529058116,0.0015819973532544876,6.5743200445786e-05,0.001307734845081136,0.013396756640305183,-0.002491343296270987,-0.013412406637064,0.0,var_Visu,0.10740936638522958,CentExe,0.27450980392156865,8,0.47058823529411764,0.0015819973532544876
414,167,0.0003346693386773547,0.0014743121662257163,4.524969240625301e-05,0.00020563502842144065,0.014295265117174617,-0.000810850177025868,-0.01920845070561983,0.0,netfc_DefaMod__DefaMod,0.11128399295730033,DefaultMode,0.2874251497005988,5,0.281437125748503,0.0014743121662257163
415,215,0.0004308617234468938,0.001069608472002825,2.1853124071346003e-05,0.00011278975095459386,0.013028672977961264,0.018058874045965734,-0.013061205535721099,0.00023528316429507974,slope_Visu,-0.14327617919242097,CentExe,0.33488372093023255,7,0.19069767441860466,0.001069608472002825
416,410,0.0008216432865731463,0.0021895166463686165,0.0002363968787063249,0.0020425381959714092,0.014469725758573533,-0.019169238052273885,-0.013426139918537805,0.0,ac1_CentExe,0.03959280515069926,Sensorimotor,0.28536585365853656,0,0.5121951219512195,0.0021895166463686165
419,136,0.0002725450901803607,0.0009472519898951933,1.4700273444623074e-05,0.00029719636296327056,0.24373061511206295,-0.08789680125168742,-0.018555084586107773,0.0,var_Subc,-0.2543098999519815,DefaultMode,0.29411764705882354,1,0.3382352941176471,0.0009472519898951933
420,219,0.000438877755511022,0.001682972531101644,6.0207501752704145e-05,9.694616734360279e-05,0.012855502795711089,0.004472376286102975,-0.024616047957955356,5.749464584946877e-05,var_Visu,0.13226647009943163,DefaultMode,0.3835616438356164,8,0.1963470319634703,0.001682972531101644
421,143,0.0002865731462925852,0.0014148425803654256,9.518899376717659e-05,0.0008164187056723366,0.0242256027025674,-0.006845253497508308,-0.015435682498360359,0.0,netfc_Sens__DefaMod,0.04206737405981745,CentExe,0.34965034965034963,4,0.5524475524475524,0.0014148425803654256
422,2364,0.0047374749498998,0.01797733747986679,0.004042684349044429,0.0003198628379970342,0.07460079953156112,0.07119329627434245,-0.012892376681080675,0.0053110768233532585,var_DefaMod,-0.39730792343999227,Visual,0.4733502538071066,2,0.14890016920473773,0.01797733747986679
423,62,0.00012424849699398796,0.0007751637815676276,6.75225620411528e-06,0.00015048255688664236,0.34761937544739036,-0.015265968912360206,-0.013691675614759147,0.0,netfc_DorsSal__Subc,0.05346452015013318,CentExe,0.2903225806451613,0,0.2903225806451613,0.0007751637815676276
424,92,0.0001843687374749499,0.00117799996693241,5.37083542650554e-05,0.0006240760517887294,0.03837142673646475,-0.011447655294019032,-0.010324889175695073,0.0,var_Sens,-0.06451012908441521,Visual,0.30434782608695654,9,0.6521739130434783,0.00117799996693241
425,164,0.0003286573146292585,0.009923338461495375,0.00015157681401852086,0.0006998590539041751,0.00985127562200398,-0.0062510107946911475,-0.017882180792611724,0.0,ac1_DefaMod,-0.07720969112421419,Visual,0.3597560975609756,8,0.4878048780487805,0.009923338461495375
428,248,0.0004969939879759519,0.0015612714770756404,0.0001891177828270915,0.0004831766541383465,0.03873431836001534,0.01996611749164967,-0.01648240464536821,0.0007733739513350293,var_DorsSal,0.1771455898443136,Visual,0.2862903225806452,9,0.36693548387096775,0.0015612714770756404
429,358,0.000717434869739479,0.0014070641261818724,0.00015898901829110193,0.0001651932916792864,0.02925271957626159,0.05786582287305864,-0.015478170743488562,0.001692732689555208,var_VentSal,0.2411631994508409,Visual,0.28212290502793297,0,0.19832402234636873,0.0014070641261818724
430,1154,0.002312625250501002,0.0037236722281788494,0.000368796089522005,0.0019654187893116157,0.012500423575996096,0.020865065676498817,-0.020551653928538416,0.00026082215889721273,falff_CentExe,0.14814320713404733,Visual,0.25216637781629114,6,0.26949740034662045,0.0037236722281788494
431,15010,0.030080160320641283,0.6774849841951274,0.029929385954832705,4.198895987765152e-05,0.010801305364914093,0.021456491181246817,-0.016285080724566914,0.00023175811330823317,fc_mean,-0.17914733597699678,DefaultMode,0.637508327781479,8,0.1049966688874084,0.6774849841951274
432,31084,0.062292585170340684,0.005482785527808396,0.0013246499433515904,0.002977705844147819,0.1173169413552957,0.042003487753811686,-0.014251189158171362,0.004927720709531807,fc_mean,0.21658733952864456,CentExe,0.23375369965255438,7,0.12057650238064599,0.005482785527808396
435,90,0.00018036072144288578,0.0009025137517102912,1.7842112691126328e-05,8.028094046914455e-05,0.012167863036107594,-0.013558640660651156,-0.013910523383318552,0.0,ac1_Visu,0.05270905745844046,DefaultMode,0.32222222222222224,0,0.2111111111111111,0.0009025137517102912
437,9713,0.01946492985971944,0.6914077998729494,0.05183865724841086,3.384195814365576e-05,0.010190458698445799,0.02147908224739037,-0.010861883867536948,0.00021888170052255192,var_Sens,-0.16395833577905378,Sensorimotor,0.7554823432513127,6,0.10655822094100689,0.6914077998729494
438,254,0.0005090180360721443,0.0010906045319826032,3.4054054131965155e-05,0.00010320026611604314,0.011621045309386105,-0.01791109334646701,-0.01639649763821649,0.0,falff_DefaMod,-0.023503881738015774,DefaultMode,0.2559055118110236,3,0.15748031496062992,0.0010906045319826032
439,281,0.00056312625250501,0.0014805709779576028,4.21633257411828e-05,0.0019628011609321714,0.017732285585662484,0.0022710452203010822,-0.016535494133501416,4.027082242433256e-05,fc_mean,0.15000540982554614,DefaultMode,0.24199288256227758,0,0.6512455516014235,0.0019628011609321714
440,8181,0.016394789579158315,0.0023920552830059643,0.00013570052367367316,0.09841286098207677,0.014236398137008235,0.049675296344231956,-0.014281341192903474,0.0007071972963303559,fc_mean,-0.21751265652953228,CentExe,0.2741718616306075,0,0.8285050727294951,0.09841286098207677
441,245,0.0004909819639278558,0.0012601859694507701,0.00013314300683680034,0.0004223786283656388,0.02138761784146404,0.003925934441073253,-0.013885862113666825,8.396638549631646e-05,netfc_VentSal__DefaMod,0.09176780096940529,Sensorimotor,0.2979591836734694,0,0.3224489795918367,0.0012601859694507701
444,107,0.00021442885771543087,0.0007731131611832567,2.1107161846302605e-05,0.0011239613381021697,0.08803231117409034,-0.006263773637223302,-0.01736303498607672,0.0,var_Visu,-0.060135503601984504,DefaultMode,0.308411214953271,0,0.8317757009345794,0.0011239613381021697
445,9685,0.01940881763527054,0.009182696962341303,0.0014169160654434333,0.05577551909367814,0.015571327612084896,0.043452954095946295,-0.01750034270969425,0.000676620183940866,slope_Sens,-0.21238899469549438,DefaultMode,0.27000516262261226,0,0.5003613835828601,0.05577551909367814
446,606,0.0012144288577154308,0.001308919555361314,7.845749698932777e-05,0.000445533614725439,0.012291703517716102,0.005274530288903012,-0.017305734186340516,6.483296250640928e-05,var_Visu,0.12881946833501534,CentExe,0.25577557755775576,7,0.20297029702970298,0.001308919555361314
447,135,0.0002705410821643287,0.0011517196647469773,4.812957151802831e-05,0.0002541863176402863,0.011320636781667694,0.002812288178531963,-0.009940499726396101,3.1836892994538183e-05,fc_sd,0.1264956562879981,Visual,0.24444444444444444,8,0.26666666666666666,0.0011517196647469773
449,201,0.0004028056112224449,0.0014759734771551572,6.953867434484395e-05,0.00012923357241014484,0.029451159083419356,0.010573576310132116,-0.015944127408806574,0.00031140407799037516,var_Sens,-0.11917886868396674,CentExe,0.40298507462686567,3,0.20398009950248755,0.0014759734771551572
451,75,0.0001503006012024048,0.0012519423574901647,2.6575783339629692e-05,0.00026600747363134103,0.011012202084871291,-0.008233374806015936,-0.008364226422856946,0.0,falff_DefaMod,0.052052170684427954,Sensorimotor,0.30666666666666664,4,0.4533333333333333,0.0012519423574901647
453,50,0.0001002004008016032,0.0008866874378007682,1.2297545108892308e-05,2.877685750216192e-05,0.009903122586813123,-0.013016155720083855,-0.01575430916774856,0.0,slope_DorsSal,-0.06232773952692959,CentExe,0.24,7,0.2,0.0008866874378007682
454,1564,0.003134268537074148,0.003775391461328766,0.0003898254064127304,0.00031014609729756835,0.012471844212660826,0.00433099606499987,-0.013123512215660105,5.401550820832544e-05,netfc_Sens__Sens,-0.11534820429046391,CentExe,0.34398976982097185,6,0.1438618925831202,0.003775391461328766
458,241,0.0004829659318637275,0.0019143033832363025,6.045109737295193e-05,0.00029586911569583213,0.015370983903390307,0.0027261181188441563,-0.019992936681558326,4.190311772349419e-05,var_Sens,0.11894986330299463,CentExe,0.26556016597510373,4,0.22406639004149378,0.0019143033832363025
459,23908,0.04791182364729459,0.8032634551613815,0.03455410262857881,0.00016295680651187352,0.010219165318467751,-0.0005273731177350971,-0.010064302081786769,0.0,netfc_VentSal__VentSal,-0.08875872937802683,DefaultMode,0.38623055044336624,6,0.10783001505772126,0.8032634551613815
461,636,0.0012745490981963927,0.009422607782303801,0.0003107043032534846,3.578990425599986e-05,0.019876424633552485,0.12075188256236746,-0.018210328142481025,0.0024001156931104774,ac1_VentSal,0.32968065979345385,DefaultMode,0.3946540880503145,1,0.1289308176100629,0.009422607782303801
463,875,0.0017535070140280561,0.004550484377221252,0.0007006879014576801,4.340394988979624e-05,0.011512310959734743,0.02247083164355257,-0.012203820066368776,0.0002586912014044245,var_Visu,0.166162671202111,Visual,0.36114285714285715,0,0.12685714285714286,0.004550484377221252
464,726,0.0014549098196392786,0.4395989671527083,0.003071156391544559,8.097658523200052e-05,0.010930807279516503,-0.005959312641802494,-0.013297236759093334,0.0,var_Visu,0.07794888594808602,CentExe,0.9710743801652892,0,0.1349862258953168,0.4395989671527083
465,2380,0.004769539078156313,0.006769636489895871,0.0015395571362582883,0.00039611256647569996,0.01583954210497496,0.0674298875773407,-0.017230380553883595,0.001068058543415016,slope_Visu,-0.2047886286077708,Visual,0.33277310924369746,9,0.14411764705882352,0.006769636489895871
467,25798,0.05169939879759519,0.04316670885927725,0.006027549521221521,0.05038301864924304,0.022062652310010783,0.14408152309647937,-0.009254372907145925,0.0031788205483744125,var_Sens,-0.31805765241405026,DefaultMode,0.3082021862159857,0,0.25893480114737577,0.05038301864924304
469,1615,0.0032364729458917835,0.2291951236086987,0.00898152251984855,2.949315413503455e-05,0.011066265504691558,0.003995830823738888,-0.01918850915615833,4.4218924807324914e-05,var_DefaMod,-0.09581344025415932,DefaultMode,0.9888544891640867,6,0.1108359133126935,0.2291951236086987
471,376,0.0007535070140280561,0.0020877982712854157,0.0003865942465822363,0.001150579052366369,0.01735037405356058,0.00028754123677776633,-0.009885770897957169,4.9889480139176765e-06,netfc_Visu__DefaMod,0.10618147826588066,Visual,0.3829787234042553,0,0.4441489361702128,0.0020877982712854157
475,107,0.00021442885771543087,0.002241409793127729,0.00010850373842009211,0.00020234025182875624,0.019195337483781105,-0.007324196915071468,-0.018292972930455953,0.0,falff_DorsSal,0.11532574459875078,CentExe,0.514018691588785,7,0.34579439252336447,0.002241409793127729
476,75,0.0001503006012024048,0.0014504359176904587,0.00017415046990802707,0.0005050869715705705,0.012510213768834108,-0.01917339597048806,-0.018530265650366973,0.0,netfc_VentSal__VentSal,-0.03896341637960296,Visual,0.44,8,0.5866666666666667,0.0014504359176904587
477,1464,0.0029338677354709417,0.007916873072134829,0.0007732516569234518,0.0004270633506263099,0.011025394003694343,0.004829505691673397,-0.01545259909056984,5.324720309378357e-05,netfc_Sens__VentSal,-0.1391958458969314,DefaultMode,0.33811475409836067,4,0.1557377049180328,0.007916873072134829
478,804,0.0016112224448897796,0.0031207035882831807,0.00032241950829677707,0.00023917184581083998,0.01173154996457719,-0.012096688807397005,-0.012539408325052515,0.0,netfc_VentSal__Subc,-0.05512975254820971,DefaultMode,0.3718905472636816,3,0.17039800995024876,0.0031207035882831807
479,257,0.0005150300601202405,0.0014953622090063286,0.00017415183954016657,0.0007143966557627455,0.018764789075891727,-0.010121420018698535,-0.00976515053985949,0.0,falff_VentSal,0.05875689269344494,Sensorimotor,0.31906614785992216,3,0.31906614785992216,0.0014953622090063286
480,212,0.0004248496993987976,0.0010320698575228663,6.454674647798103e-05,0.00021537646262232254,0.013711984143144944,-0.0022700204855421457,-0.018825139237161892,0.0,netfc_CentExe__Subc,0.09772411925662383,CentExe,0.35377358490566035,3,0.2028301886792453,0.0010320698575228663
482,52,0.00010420841683366733,0.0027771515733577687,6.110629044320292e-05,0.0002025058087391997,0.010647069524665279,-0.005990535109280604,-0.006873554073990817,0.0,var_Subc,0.045231879370621536,CentExe,0.5,4,0.46153846153846156,0.0027771515733577687
484,6350,0.012725450901803607,0.494588238125977,0.020448043778254873,0.00012693869900895618,0.010450021361327813,0.00858486355010013,-0.013129218029137357,8.971200748263089e-05,var_Subc,-0.10748856466531449,Sensorimotor,0.5229921259842519,7,0.11165354330708661,0.494588238125977
486,227,0.00045490981963927857,0.0011316903803133182,8.76663933672558e-06,0.00015907633219006836,0.012894932421040792,-0.015068192548086445,-0.016898549657117234,0.0,netfc_VentSal__VentSal,0.09782277285974875,DefaultMode,0.28634361233480177,1,0.2026431718061674,0.0011316903803133182
488,110,0.00022044088176352705,0.0007487364723529476,1.4778221239118557e-05,0.000474793355258766,0.08467136686245375,-0.004521797056906918,-0.012330738180858836,0.0,netfc_DefaMod__DefaMod,0.10559739306084896,Visual,0.22727272727272727,3,0.44545454545454544,0.0007487364723529476
489,141,0.00028256513026052104,0.0011463666337102327,9.782054868278932e-06,0.00013436931486292072,0.02126732752710929,-0.010278118047279294,-0.020148790871321154,0.0,netfc_CentExe__Subc,0.08456675657974017,CentExe,0.3049645390070922,5,0.2553191489361702,0.0011463666337102327
490,812,0.0016272545090180361,0.20912470605386324,0.008752929548015707,7.116756323494057e-05,0.0102601766428389,0.005143982284745108,-0.008906117498173716,5.277816688911883e-05,var_Sens,-0.12417506059790179,VentSal,0.7758620689655172,6,0.1330049261083744,0.20912470605386324
493,115,0.00023046092184368736,0.0014094014374247802,0.00024400471043261758,0.00046705089473276883,0.010971084451814031,0.006948537289452772,-0.021544735268902437,7.623298941916532e-05,ac1_CentExe,0.11117932137240806,Sensorimotor,0.34782608695652173,6,0.4608695652173913,0.0014094014374247802
496,516,0.001034068136272545,0.0024317937889876953,0.00024147374077121924,3.2894225296677006e-05,0.010587155144785289,0.013894419563629912,-0.017746195916344076,0.0001471023755668898,slope_CentExe,0.1409186150508946,DefaultMode,0.312015503875969,9,0.1375968992248062,0.0024317937889876953
497,451,0.0009038076152304609,0.0021843018236395954,0.00014584010426031796,0.0001908757770424244,0.013561290248341375,0.004579920664260273,-0.014731184014554977,6.210963344241e-05,slope_CentExe,-0.05683447197007734,Sensorimotor,0.2727272727272727,9,0.1973392461197339,0.0021843018236395954
498,200,0.0004008016032064128,0.0011070428064525503,3.7625456418037635e-05,0.00010077378226583176,0.012682841366262255,0.0010874292768221494,-0.01650335904599798,1.3791693014964605e-05,ac1_Subc,0.08760274791385404,CentExe,0.275,0,0.21,0.0011070428064525503
499,453,0.0009078156312625251,0.0017345513053111934,9.897464956878275e-05,0.005478456161341084,0.012100594474192214,-0.005005620973756564,-0.011324784369857843,0.0,ac1_DorsSal,0.04961210376065089,DefaultMode,0.35320088300220753,0,0.8410596026490066,0.005478456161341084
500,73538,0.14737074148296594,0.008985782473393369,0.0006400665788364845,0.008964496982415488,0.13809766471590756,0.3090217911720986,-0.015754772542886597,0.042675187707193675,fc_mean,0.5224459831566237,DefaultMode,0.2421877124751829,0,0.12619326062715874,0.008985782473393369
501,159,0.00031863727454909817,0.0011730820614539654,5.474446725192136e-05,8.669045842178939e-05,0.015580712479878875,-0.007325332885643965,-0.01592093120833238,0.0,netfc_Sens__VentSal,0.11793340036563098,DefaultMode,0.39622641509433965,2,0.18867924528301888,0.0011730820614539654
502,2873,0.005757515030060121,0.008049014637167076,0.0011476986262581512,0.0005220927394474715,0.02130533720793958,0.10836225380670439,-0.018872944194522123,0.0023086943579641713,ac1_Visu,-0.3068912875610478,CentExe,0.4117647058823529,3,0.14758092586146884,0.008049014637167076
503,6562,0.013150300601202404,0.10428010848911909,0.0061701615328710385,2.564325755064558e-05,0.011275849424752647,0.011136202514818616,-0.01566995792453585,0.00012557014272064648,var_Visu,0.1651687446321847,DefaultMode,0.35614142029868945,6,0.10408412069491009,0.10428010848911909
504,75,0.0001503006012024048,0.002183110094847535,4.166884563743823e-05,0.0005467688036074379,0.011751784181532918,-0.009376400671838425,-0.012746985750672346,0.0,falff_VentSal,0.08199850108726513,DefaultMode,0.36,9,0.5733333333333334,0.002183110094847535
506,65,0.00013026052104208417,0.0008460615162094548,1.735666771391467e-05,0.0005955276125874117,0.10155412626380098,-0.014729744553598767,-0.014156059764929285,0.0,var_CentExe,-0.06166469005381836,DefaultMode,0.3076923076923077,0,0.7384615384615385,0.0008460615162094548
507,122,0.00024448897795591184,0.0009887140402170486,7.423850007345955e-05,0.000314344825570259,0.0863407067278169,-0.0002938489687012158,-0.015681708725061805,0.0,netfc_VentSal__DefaMod,0.10649206968816444,Sensorimotor,0.32786885245901637,3,0.39344262295081966,0.0009887140402170486
509,970,0.0019438877755511021,0.0015920647466050584,0.0001366598913286604,0.00017317584407005205,0.012565654845957754,0.001918232844402068,-0.014896960091518086,2.4103851836936173e-05,var_Sens,0.06985979815760561,Visual,0.2134020618556701,6,0.1402061855670103,0.0015920647466050584
512,254,0.0005090180360721443,0.0013761965881298592,0.00014391416113138612,0.0013704876424117933,0.02922177523363445,-0.014086514648107062,-0.010434683089564967,0.0,netfc_VentSal__DefaMod,0.09079796186716245,Visual,0.25196850393700787,3,0.47244094488188976,0.0013761965881298592
513,1106,0.002216432865731463,0.0011613436623384595,6.322308377211646e-05,0.014484153919848128,0.01302930264222202,0.004981173188853494,-0.013779813473031588,6.490121299089431e-05,fc_mean,-0.12168863880826876,CentExe,0.25949367088607594,9,0.8752260397830018,0.014484153919848128
514,17784,0.035639278557114226,0.32501379770079547,0.05720550534065964,8.545396793410485e-05,0.010908479943999669,0.012755093065656031,-0.013787464582815545,0.00013913867689055806,var_Sens,0.11257900631739026,Sensorimotor,0.36645299145299143,5,0.1082995951417004,0.32501379770079547
519,99,0.00019839679358717434,0.0010758922467907952,3.323749173546884e-05,0.0001085927112770068,0.019063035421788454,-0.026668529517604345,-0.012377256914726464,0.0,netfc_CentExe__DefaMod,0.15504453617273778,CentExe,0.35353535353535354,7,0.29292929292929293,0.0010758922467907952
523,59,0.00011823647294589178,0.0008440745810205835,8.321849067072996e-06,0.00023237985599197742,0.11734848442569384,-0.021476854402677326,-0.011458876593928302,0.0,netfc_Visu__CentExe,0.044203771365174026,CentExe,0.23728813559322035,0,0.5084745762711864,0.0008440745810205835
524,86,0.0001723446893787575,0.0010679323434281884,2.128047028036591e-05,0.00013433033736551855,0.010754476723961346,-0.008699725607572262,-0.016317866874588693,0.0,var_Visu,0.024404200859211158,CentExe,0.313953488372093,4,0.313953488372093,0.0010679323434281884
527,113,0.00022645290581162325,0.003929266181611564,0.0001410903359145807,0.0001441174112120932,0.011041671548233229,-0.017221609836609364,-0.009553349439372472,0.0,slope_Subc,-0.0487868423897019,CentExe,0.4778761061946903,6,0.2743362831858407,0.003929266181611564
528,65,0.00013026052104208417,0.0009835114012838025,5.495411946503389e-05,0.00015304312801863297,0.07762794877966687,-0.010191671820125814,-0.01679090617421264,0.0,var_DefaMod,-0.05789119931523059,Sensorimotor,0.38461538461538464,9,0.3076923076923077,0.0009835114012838025
530,1115,0.0022344689378757513,0.002597681948518051,0.00035153998519890097,0.00020149048138756091,0.014015016987272042,0.09776232505665128,-0.01448993663041831,0.0013701406463841788,ac1_Sens,0.29291890965834966,CentExe,0.32825112107623317,7,0.15067264573991032,0.002597681948518051
532,353,0.0007074148296593186,0.005427118515158309,0.0007100390806493134,0.00019723453359354924,0.0178654674711635,0.010154859626853807,-0.011808234103944493,0.00018142131433778822,var_Visu,0.14664096861617817,Sensorimotor,0.509915014164306,2,0.18413597733711048,0.005427118515158309
533,124,0.0002484969939879759,0.0012247961505816903,6.53067506463365e-05,0.00048130854482102603,0.01287963267144559,-0.012593753580839806,-0.020055996480320193,0.0,netfc_Sens__VentSal,0.07322709426213987,Sensorimotor,0.3064516129032258,1,0.3951612903225806,0.0012247961505816903
535,82,0.00016432865731462926,0.0008510055457791253,9.673629983388273e-06,0.00013863463503801596,0.17903822312758477,-0.023536107067366085,-0.010380650980380324,0.0,netfc_Sens__DefaMod,0.07979816296992817,CentExe,0.21951219512195122,6,0.23170731707317074,0.0008510055457791253
537,301,0.0006032064128256513,0.0012113080410733306,4.8223035727370954e-05,0.001317871122743632,0.014888096735023346,0.017700797841706195,-0.012718982536122025,0.00026353119055441427,slope_Sens,-0.15622307724612966,Sensorimotor,0.23588039867109634,4,0.4750830564784053,0.001317871122743632
538,2379,0.0047675350701402806,0.002023875555922917,6.714793648061811e-05,0.014159734311344756,0.013854017735223906,-0.002325041445910836,-0.01334238368793117,0.0,var_Sens,-0.07542965183202979,CentExe,0.27616645649432536,3,0.4808743169398907,0.014159734311344756
539,141,0.00028256513026052104,0.0009179595724026096,2.8210397841834224e-05,8.192157022649655e-05,0.02053710502885773,-0.005517937886829083,-0.007144012046420567,0.0,netfc_Subc__Subc,0.07430943186348805,CentExe,0.2624113475177305,8,0.18439716312056736,0.0009179595724026096
540,592,0.0011863727454909819,0.0011834737187695927,2.8438140491725436e-05,0.003249920983184802,0.024214377808201924,0.08512104144083565,-0.02346496800518505,0.0020611530568760074,fc_mean,0.30902646416385754,CentExe,0.22635135135135134,4,0.5574324324324325,0.003249920983184802
541,228,0.00045691382765531064,0.0012785796771945849,0.00012845435044469075,0.0005576382724324482,0.011667630853100457,0.0009840826105232958,-0.022320827356535178,1.1481912628541246e-05,ac1_VentSal,-0.11050205612143416,CentExe,0.2631578947368421,9,0.35964912280701755,0.0012785796771945849
543,250,0.000501002004008016,0.0014755327031660498,6.837946852274545e-05,0.0003644824739201302,0.010867360259349937,-0.007056666738632478,-0.0196185212539719,0.0,falff_CentExe,-0.06559998696926898,DefaultMode,0.316,5,0.276,0.0014755327031660498
544,1852,0.0037114228456913826,0.0028277424346990878,0.0002070304555156951,0.0013165773517321076,0.015368828690861147,0.07115908230842716,-0.018920234246967427,0.0010936317457971051,ac1_Sens,0.2390314282695082,CentExe,0.24568034557235421,4,0.2316414686825054,0.0028277424346990878
546,536,0.0010741482965931865,0.006764063276150484,0.00033082571920134017,0.000790295277411569,0.010734755526326238,-0.010863342188550007,-0.012320527916629853,0.0,var_VentSal,0.053144889512184657,DefaultMode,0.3675373134328358,5,0.29850746268656714,0.006764063276150484
547,9965,0.019969939879759518,0.003354287918183984,0.0004787437656255865,0.002690794098715291,0.13187376055974764,0.023952897543534135,-0.013915804581763114,0.0031587586753681882,var_Visu,-0.1293989379444827,CentExe,0.24706472654290015,4,0.1591570496738585,0.003354287918183984
548,55,0.00011022044088176352,0.0008453256434810111,1.1237204339802667e-05,0.00013278117952476515,0.11082199399544815,-0.008552359221441819,-0.011673840898771104,0.0,netfc_Visu__DefaMod,0.03987897473637636,Sensorimotor,0.2545454545454545,3,0.3090909090909091,0.0008453256434810111
550,972,0.0019478957915831663,0.0018099610122296933,0.00029137146528062383,0.007912433628445526,0.01956292747215974,0.052926777475879705,-0.015342382405294952,0.0010354027090957723,var_Sens,-0.21530926432648015,Sensorimotor,0.28600823045267487,9,0.6512345679012346,0.007912433628445526
551,10620,0.02128256513026052,0.6832038043249093,0.06295172531139498,0.00015219129250034416,0.01039923214729637,0.02722892807526256,-0.01746513372564884,0.0002831599441766911,var_Sens,-0.15691003652516033,Sensorimotor,0.8134651600753295,4,0.10847457627118644,0.6832038043249093
552,484,0.000969939879759519,0.006422152800414689,0.0005435034478737512,0.0001545242199617928,0.015142158497116361,0.00041789552573401334,-0.01566301347117438,6.327840285900199e-06,falff_CentExe,0.11977900247915828,Visual,0.40289256198347106,0,0.15495867768595042,0.006422152800414689
554,342,0.0006853707414829659,0.004546329984581693,0.0003395619613992984,0.0010455632696289715,0.011437793301784974,0.0037472434779788344,-0.016803226912516456,4.286019635258374e-05,var_Visu,-0.10725762239130214,Sensorimotor,0.391812865497076,7,0.3538011695906433,0.004546329984581693
555,1677,0.0033607214428857716,0.0020439569799209152,3.8171604842188634e-05,0.010750703251947005,0.013758055010683529,0.015562519255762464,-0.011758066890973584,0.00021410999602560166,netfc_Sens__DorsSal,0.10075167213009543,CentExe,0.25819916517590935,3,0.5909361955873583,0.010750703251947005
556,230,0.0004609218436873747,0.0010063187096427174,1.8798429843621558e-05,0.0010136896288541082,0.018092353137139434,0.00272836609970184,-0.014332464070472284,4.9362562963205464e-05,ac1_Sens,0.12571208027460432,DefaultMode,0.28695652173913044,8,0.45652173913043476,0.0010136896288541082
559,378,0.0007575150300601202,0.0011464422208789327,2.4264730376215007e-05,0.0010599144767408832,0.010718883344172914,-0.0060860290769286784,-0.016308936634215065,0.0,slope_DefaMod,0.07722471975263304,CentExe,0.2619047619047619,6,0.35714285714285715,0.0011464422208789327
560,490,0.0009819639278557115,0.32464823650565783,0.002274332418225561,0.00013633765359351936,0.010323961584289785,-0.013505004163537615,-0.015791288073819798,0.0,netfc_Sens__Subc,0.07471160006645403,CentExe,0.9816326530612245,0,0.1469387755102041,0.32464823650565783
561,896,0.0017955911823647295,0.003907234726123021,0.00015979987083113384,0.00038337113836516766,0.011395349432190146,0.050688598379811434,-0.013760967874344665,0.0005776142907658985,ac1_Sens,-0.23086443115625027,CentExe,0.31026785714285715,7,0.16741071428571427,0.003907234726123021
563,327,0.000655310621242485,0.0012076298694291868,2.3153435629050014e-05,9.517895112153971e-05,0.16674914431325563,-0.09442952544882499,-0.012848241504269664,0.0,var_DefaMod,-0.30048093932695874,DefaultMode,0.2966360856269113,4,0.1834862385321101,0.0012076298694291868
564,99,0.00019839679358717434,0.0012428288934096497,1.2750628034122559e-05,0.0003811096862577509,0.013722021293849293,-0.010843269829934776,-0.013195321223210543,0.0,netfc_Sens__CentExe,0.035370824656838384,CentExe,0.3434343434343434,4,0.41414141414141414,0.0012428288934096497
567,1725,0.0034569138276553104,0.0030315845685923797,0.000320892886212983,0.0011454051255223765,0.01527226105414172,-0.003162650069342021,-0.01148698377788282,0.0,slope_DorsSal,-0.04904756843926492,Visual,0.2515942028985507,8,0.2301449275362319,0.0030315845685923797
568,4453,0.008923847695390782,0.25811137310585314,0.01060580905164945,6.315522342546047e-05,0.01257728957025753,0.11069638490014322,-0.014239173640104186,0.0013922604872697844,var_DefaMod,-0.29499887850326423,DefaultMode,0.6303615540085336,5,0.11093644733887267,0.25811137310585314
569,466,0.0009338677354709419,0.001491260439527014,0.00010066503761242626,0.0012984628493134041,0.014535308639992929,-0.0014440383056835149,-0.02030974994431678,0.0,falff_Sens,-0.0814642233721277,CentExe,0.30472103004291845,7,0.34334763948497854,0.001491260439527014
570,557,0.0011162324649298598,0.0014489571733273887,7.769976002142973e-06,0.0003016781623009165,0.012647301833288984,0.0030124016131463094,-0.01956401986735057,3.8098752444548014e-05,var_Sens,0.08679178297624049,DefaultMode,0.24057450628366248,3,0.1651705565529623,0.0014489571733273887
572,69,0.00013827655310621242,0.0008604566621147899,2.866851349463213e-05,0.00016413529875503675,0.12480562734813898,-0.01718065167097671,-0.012114424969628335,0.0,netfc_DorsSal__DefaMod,0.037547672728313934,CentExe,0.36231884057971014,3,0.3188405797101449,0.0008604566621147899
575,58,0.00011623246492985972,0.0010909588129626856,1.0760841482987364e-05,0.00024107578675468337,0.01669151489989256,-0.011645698082448419,-0.017459044863957107,0.0,var_Sens,0.08350883223134578,Sensorimotor,0.20689655172413793,9,0.5517241379310345,0.0010909588129626856
577,146548,0.29368336673346696,0.004428576983853754,0.0003011249625169617,0.0164268093571197,0.2742505711777696,0.007070419695502594,-0.010423052195518867,0.001939066639958138,var_Sens,-0.1019797419254711,CentExe,0.25956000764254716,1,0.12374102683079946,0.0164268093571197
578,1524,0.003054108216432866,0.0014017430506994722,0.0001098276212351847,0.0025793162039970943,0.069220475634874,0.04664219677455206,-0.009634853810367217,0.0032285950453898797,fc_mean,0.243989543334749,DefaultMode,0.2178477690288714,2,0.29133858267716534,0.0025793162039970943
579,424,0.0008496993987975952,0.0014448357625851992,9.117638458117143e-05,0.0003001746600934398,0.013742499613950743,0.017610659256610983,-0.012380979161450423,0.0002420144780353945,ac1_Visu,-0.158880632209608,CentExe,0.2240566037735849,9,0.20047169811320756,0.0014448357625851992
580,62474,0.12519839679358719,0.0038371823181184467,0.00042982584285282605,0.24670226229745873,0.01635179988121586,0.026535260027186425,-0.019157149926328998,0.00043389926176057894,var_Visu,0.0866179470744538,CentExe,0.2630214169094343,6,0.3621826679898838,0.24670226229745873
582,265,0.000531062124248497,0.002019644228277925,0.0001722962790491627,0.0002721021176730256,0.012188130787331625,0.009893283612766424,-0.015211120585657767,0.0001205806345885619,fc_sd,0.1326014827091107,DefaultMode,0.39622641509433965,4,0.23018867924528302,0.002019644228277925
585,528,0.00105811623246493,0.0012420325628728416,4.987786960507998e-05,0.0004116521183695022,0.01565368167262834,0.032727096441050874,-0.012375502250586035,0.0005122995497576182,ac1_Sens,0.18143143424727745,CentExe,0.2897727272727273,1,0.1893939393939394,0.0012420325628728416
587,149,0.00029859719438877754,0.0011239301736629796,1.3584201920072623e-05,0.00015714419540652203,0.011655088704072229,-0.01601746112896474,-0.01763077965742177,0.0,var_VentSal,0.03658497708956339,CentExe,0.22818791946308725,7,0.2214765100671141,0.0011239301736629796
588,96,0.00019238476953907816,0.0009296090304091043,6.54714289980972e-05,0.0003151081302346207,0.17252907641453208,-0.028762387658820776,-0.031247782261215606,0.0,var_Sens,-0.06428921957501049,Visual,0.3541666666666667,2,0.4166666666666667,0.0009296090304091043
589,54,0.00010821643286573147,0.0008460544057859152,1.2739460117906577e-05,0.00013624935013294788,0.10580644576622855,-0.03073415102503585,-0.01789277291902902,0.0,netfc_DefaMod__DefaMod,0.10321700069785268,CentExe,0.37037037037037035,7,0.3148148148148148,0.0008460544057859152
590,1247,0.002498997995991984,0.9340890498904185,0.006516834372701844,2.160972547610352e-05,0.009661536139499627,-0.019849549246328424,-0.0114736047093984,0.0,netfc_Visu__DorsSal,-0.060916672330047904,CentExe,0.9711307137129109,0,0.11066559743384122,0.9340890498904185
593,135,0.0002705410821643287,0.0009101971002068814,2.3445691789064615e-05,0.0006386558063814854,0.022739754455137602,-0.009603478616052152,-0.014751250213016043,0.0,var_Sens,0.0762637635657706,CentExe,0.3111111111111111,2,0.48148148148148145,0.0009101971002068814
594,2441,0.004891783567134269,0.005208854027080921,0.0010417926487551574,5.2188938722251626e-05,0.01268401680823244,0.060734205648541595,-0.01675853017798845,0.0007703536852807472,ac1_DorsSal,-0.24225406119762588,CentExe,0.3273248668578451,0,0.11921343711593609,0.005208854027080921
597,109,0.00021843687374749498,0.001313546604799977,7.504134749349135e-05,0.00011592226293159862,0.03259000758363487,-0.012593540919836776,-0.01895787140417049,0.0,fc_sd,0.1098568083176044,DefaultMode,0.27522935779816515,8,0.29357798165137616,0.001313546604799977
600,1770,0.0035470941883767536,0.0031621548384008357,0.00034889734892411636,0.00011675503096155922,0.01224007215322907,0.01143536495329689,-0.016609344669261894,0.00013996969212686088,ac1_DorsSal,0.15116035639680045,CentExe,0.31751412429378534,2,0.13163841807909604,0.0031621548384008357
601,834,0.0016713426853707414,0.0014573815083716289,0.00014190309545452802,0.001948411603887708,0.01876288825731943,0.01807496884974913,-0.01725420428264024,0.00033913862078237245,fc_mean,0.1760187550750641,DefaultMode,0.3489208633093525,0,0.3105515587529976,0.001948411603887708
602,58,0.00011623246492985972,0.0008838222485677982,3.076282381563313e-05,0.00021305534628869208,0.23289355372959733,-0.023241740756267504,-0.009861086992810852,0.0,netfc_CentExe__DefaMod,0.06452470052191603,Visual,0.22413793103448276,2,0.3793103448275862,0.0008838222485677982
603,517,0.0010360721442885773,0.0012937817779822202,3.241396518118113e-05,0.0005619237835875818,0.034760059040993024,0.005544561186079933,-0.017683804951558857,0.00019272927418453677,netfc_VentSal__CentExe,0.1516028145574395,CentExe,0.29980657640232106,9,0.2553191489361702,0.0012937817779822202
605,76,0.00015230460921843687,0.0017418427326719682,2.667781727802414e-05,2.2715644579300012e-05,0.01140505372265311,-0.01085949635659511,-0.015592428652246637,0.0,ac1_Subc,0.0944011217078716,CentExe,0.40789473684210525,3,0.15789473684210525,0.0017418427326719682
607,961,0.0019258517034068136,0.14101345190391398,0.00495726189006585,0.0003126348823537794,0.010403153726524573,-0.006939172997092458,-0.01650330089768004,0.0,netfc_Visu__CentExe,-0.060124870207224235,Sensorimotor,0.7346514047866806,3,0.15088449531737774,0.14101345190391398
610,1046,0.002096192384769539,0.007993056464945714,0.0008398164247521402,0.0007312368026483569,0.014879789814146664,0.023201449347886594,-0.008028438925850478,0.0003452326896801227,fc_mean,-0.17411368797445193,Visual,0.34990439770554493,8,0.23518164435946462,0.007993056464945714
611,18070,0.0362124248496994,0.02647850849680094,0.0031094040439294296,0.0016468349107879624,0.05169435801979901,0.4613177158596543,-0.020406853154595783,0.023847523164524882,fc_sd,0.5319148667132703,CentExe,0.29856115107913667,2,0.13115661317100166,0.02647850849680094
612,8171,0.016374749498997997,0.4826404441712997,0.02231622978182909,7.436046135252072e-05,0.011791694258977997,0.10500576764802749,-0.016369876827508456,0.0012381959075348232,var_Visu,-0.31541264212006326,Visual,0.46946518174030105,4,0.10733080406315017,0.4826404441712997
613,190486,0.38173547094188376,0.016622807718197283,0.0021320542875861263,0.0012009804790305543,0.03204374691881233,0.15189388228915268,-0.014709528572710795,0.004867249122589479,ac1_Sens,-0.37992327769086087,CentExe,0.2567537771804752,2,0.10375565658368593,0.016622807718197283
614,9986,0.020012024048096193,0.6276585605033886,0.05491493854341443,0.00012177183085267177,0.010615511218403416,0.02316333159091777,-0.020239342637760505,0.00024589060635898583,var_Sens,-0.1486797476935479,Sensorimotor,0.7443420789104747,5,0.10765071099539356,0.6276585605033886
615,88,0.00017635270541082164,0.0012738094988138564,5.498223718488267e-05,0.0005594549438134117,0.011141979351396911,-0.00851566443676699,-0.014927353272614186,0.0,fc_mean,-0.07854669717540545,CentExe,0.3181818181818182,9,0.6136363636363636,0.0012738094988138564
616,792,0.0015871743486973948,0.0011952329495521833,6.355982749334185e-05,0.0006984670418842822,0.03488098051180665,0.012911090250399826,-0.01907293345359684,0.00045035148741037317,netfc_VentSal__Subc,0.07580628117254368,DefaultMode,0.30176767676767674,2,0.25,0.0011952329495521833
617,113,0.00022645290581162325,0.0009353409845430403,2.0680356903333742e-05,0.0005968149868024633,0.13811692328099526,-0.02445251028559836,-0.024386398400741083,0.0,netfc_CentExe__DefaMod,0.06722383205554258,DefaultMode,0.25663716814159293,0,0.584070796460177,0.0009353409845430403
618,22393,0.04487575150300601,0.8291813774034104,0.05014323053196111,0.00030130375184035137,0.01025004876761669,-0.0029061932586122996,-0.014568407457883348,0.0,netfc_VentSal__DorsSal,-0.07794677055253983,CentExe,0.6625284687179029,6,0.10936453355959451,0.8291813774034104
619,100,0.0002004008016032064,0.0007920620237434024,1.1740444211250616e-05,0.0003884041784519925,0.23061326237993227,-0.021537155479693704,-0.029505445121341456,0.0,netfc_DorsSal__Subc,0.05246269260941571,CentExe,0.32,0,0.42,0.0007920620237434024
621,322,0.0006452905811623246,0.0009180716768327405,3.009251608753491e-05,0.00027710123666916325,0.011712932157909152,0.0036228359736368843,-0.009379804114272527,4.243403197844157e-05,netfc_Sens__Sens,-0.1142385880796753,DefaultMode,0.27639751552795033,7,0.2329192546583851,0.0009180716768327405
624,835,0.0016733466933867736,0.0026782131052206556,0.00042525934582615535,0.00032072072786797724,0.011813565039568458,0.02572365372532004,-0.015437888128793764,0.00030388805633940573,ac1_CentExe,-0.16322530622382161,CentExe,0.3413173652694611,5,0.16526946107784432,0.0026782131052206556
626,29550,0.0592184368737475,0.001970737637129969,1.3860305983748394e-05,0.09284668879612437,0.019211291788197204,0.018464268450633536,-0.015713221742241545,0.00035472244886072476,netfc_Visu__DefaMod,-0.13268039376095603,CentExe,0.2527580372250423,8,0.34910321489001694,0.09284668879612437
627,13065,0.026182364729458917,0.004529818457363122,0.0004942613867512709,0.0181704866785792,0.045731001981527394,0.02598244705366415,-0.018816398800283407,0.0011882033376960457,netfc_VentSal__DefaMod,0.15939226505931778,CentExe,0.2639877535399923,4,0.24508228090317644,0.0181704866785792
629,244,0.0004889779559118237,0.0011572610932296514,1.8073349088846678e-05,0.0003105916332648852,0.01565304268772301,0.007865607871497149,-0.014924011749828603,0.000123120695777435,ac1_Sens,0.13827186642451245,DefaultMode,0.26639344262295084,0,0.2459016393442623,0.0011572610932296514
630,524,0.0010501002004008016,0.0012031316748515157,7.520207139561951e-05,0.0009048792060115968,0.0124425717632304,0.007560701048646368,-0.019001975780891467,9.407456537811377e-05,var_Visu,0.12896868035097667,DefaultMode,0.32251908396946566,2,0.32061068702290074,0.0012031316748515157
631,166,0.00033266533066132265,0.0015714329770166414,9.954993996734732e-05,0.0005608872486017335,0.018151815734470434,0.005269792975763132,-0.016938799131889448,9.5656311054859e-05,falff_Sens,0.12541671142297725,Sensorimotor,0.25903614457831325,4,0.3313253012048193,0.0015714329770166414
632,80,0.00016032064128256512,0.0011471353901304645,6.767441384859296e-05,0.00027689993263779663,0.06665501141199257,-0.01115662928846417,-0.007329276187255873,0.0,netfc_VentSal__CentExe,0.05027189591956776,Visual,0.3125,2,0.425,0.0011471353901304645
633,1631,0.0032685370741482966,0.0029930181592355888,0.0002803991832340433,0.0057572089301420075,0.011533133585162565,0.009355330058815392,-0.019928094821157538,0.00010789627130160467,netfc_Visu__DefaMod,-0.13779678517512892,CentExe,0.2869405272838749,7,0.4316370324954016,0.0057572089301420075
634,1718,0.003442885771543086,0.0010461774218949588,1.7944698778275823e-05,0.01211046099948008,0.012417301329130576,0.008536336078599938,-0.01919585450855954,0.0001059982573347043,netfc_Sens__CentExe,-0.08960734338537533,CentExe,0.2561117578579744,2,0.5855646100116414,0.01211046099948008
637,313,0.0006272545090180361,0.11182467036237383,0.0012472488444366958,2.164600048187151e-05,0.010302476372239987,-0.0016282575012063205,-0.015334377570871638,0.0,var_CentExe,-0.08290927787622465,CentExe,0.9201277955271565,7,0.134185303514377,0.11182467036237383
638,561,0.001124248496993988,0.0014315866734784272,0.00022088457689559374,0.0034663258891002324,0.018574732799640795,0.0027705896854552936,-0.01849062123113887,5.146296310477292e-05,ac1_Sens,0.1330233026612511,Sensorimotor,0.2709447415329768,9,0.46345811051693403,0.0034663258891002324
640,73,0.0001462925851703407,0.0009259964680294969,4.188992652423429e-05,0.00027573943476561733,0.0878569585159073,-0.028928238534593476,-0.017786831062494235,0.0,var_Visu,-0.06776911083883824,CentExe,0.3698630136986301,3,0.3835616438356164,0.0009259964680294969
641,75,0.0001503006012024048,0.0009429754988972901,3.976494171651065e-05,3.483675935835701e-05,0.010189017811063768,-0.012644102252312939,-0.011678364889181614,0.0,ac1_VentSal,-0.02911720695944176,CentExe,0.32,6,0.2,0.0009429754988972901
643,108,0.00021643286573146294,0.0010593824328189636,3.652083044641347e-05,9.603206401435716e-05,0.01629071174464836,-0.023564259779224273,-0.01736651120083299,0.0,falff_Sens,0.07614163318350423,DefaultMode,0.3055555555555556,6,0.24074074074074073,0.0010593824328189636
644,60,0.00012024048096192385,0.0009707213118063442,1.5943208159783365e-05,0.00016170038328223847,0.33984464097217654,-0.016393734559205786,-0.01106778816427978,0.0,netfc_VentSal__DefaMod,0.039310853621975374,CentExe,0.4166666666666667,2,0.35,0.0009707213118063442
648,1184,0.0023727454909819637,0.04623830043969193,0.00201349875231473,8.167678435072363e-05,0.010559161432967522,0.0072001371553201965,-0.01590806983198001,7.602741056253351e-05,ac1_DorsSal,0.0949040929075637,CentExe,0.5388513513513513,9,0.12837837837837837,0.04623830043969193
651,144,0.00028857715430861725,0.0013415247665109207,8.365622923357072e-05,0.00019832968902234172,0.0227808708758587,0.0015241931479363924,-0.010479958040641169,3.4722447293007555e-05,fc_mean,0.09491257780682398,Visual,0.22916666666666666,7,0.2777777777777778,0.0013415247665109207
652,61,0.00012224448897795592,0.0024986733184940596,7.346227234605129e-05,0.00017933746809173866,0.010769674693272753,-0.010864439368790446,-0.016110754202933064,0.0,var_CentExe,-0.03247978999802663,Visual,0.3770491803278688,9,0.47540983606557374,0.0024986733184940596
655,1506,0.003018036072144289,0.0035557625238269207,0.0004179932302853075,0.0014198920642331352,0.018863809312437668,0.13715300623342508,-0.015683453882078258,0.0025872281562149056,var_Sens,0.31937009516611575,Visual,0.23107569721115537,7,0.24767596281540505,0.0035557625238269207
657,437,0.000875751503006012,0.0034463483706734903,0.00021832089846201525,0.00047225829632828854,0.012147528522385265,0.012565449881018154,-0.017915752752951652,0.00015263916082627055,ac1_Visu,-0.1529348054423196,CentExe,0.2997711670480549,6,0.2471395881006865,0.0034463483706734903
659,1153,0.00231062124248497,0.0015958143483270114,0.00030332655267338343,0.009809059984084836,0.01957583323247178,0.04978019504778908,-0.02078327233616739,0.0009744887965354365,fc_mean,0.22288113526864808,Visual,0.2523850823937554,5,0.6799653078924545,0.009809059984084836
661,969,0.0019418837675350702,0.004919655349932708,0.0004159333952833566,0.002564036630297862,0.01310863248856109,0.010619079566664857,-0.009861234649335637,0.00013920161140619817,var_Visu,-0.11290675230203938,CentExe,0.27450980392156865,2,0.347781217750258,0.004919655349932708
662,50,0.0001002004008016032,0.0016083126047963983,2.9282139502751627e-05,0.00020983252020984045,0.010268540693116225,-0.015824591698621715,-0.018150419214105762,0.0,netfc_DorsSal__DorsSal,0.02257585760510397,DefaultMode,0.44,6,0.5,0.0016083126047963983
663,1588,0.0031823647294589178,0.0030718827303847294,0.0008241363621623269,0.0011528037450089714,0.058751373798615406,0.08442128896780521,-0.01803055075027471,0.004959866704708451,fc_mean,0.2599305328627765,Visual,0.2840050377833753,0,0.20906801007556675,0.0030718827303847294
664,72,0.00014428857715430862,0.0011866206943894392,2.115705924548175e-05,0.00012189136537456653,0.010776420801829096,-0.015569942118620839,-0.01611057327592591,0.0,netfc_DorsSal__DorsSal,0.029184480787191255,DefaultMode,0.3472222222222222,4,0.3333333333333333,0.0011866206943894392
665,105,0.00021042084168336673,0.001059114029303573,3.990339986728684e-05,5.111772285880724e-05,0.01093672537648876,-0.0069724329793903195,-0.014537503919309858,0.0,ac1_DorsSal,-0.09272272109894208,DefaultMode,0.24761904761904763,1,0.19047619047619047,0.001059114029303573
666,362,0.0007254509018036073,0.001840992202267604,9.811258695602768e-05,0.0008717563287964562,0.010951666710595843,0.005226305332764247,-0.013042614745009784,5.723675413224374e-05,var_Sens,0.10753788417262397,DefaultMode,0.36187845303867405,8,0.31767955801104975,0.001840992202267604
667,139,0.0002785571142284569,0.0016934428350992077,5.648982447321328e-05,9.769879075729046e-05,0.017409767797107473,0.00864559444931634,-0.017087299794381394,0.00015051779183055875,fc_mean,0.15714598190084714,DefaultMode,0.4244604316546763,0,0.2158273381294964,0.0016934428350992077
668,114,0.00022845691382765532,0.0012197595479235077,1.759330594734855e-05,0.00022953664280213738,0.032164426261092255,-0.02247085328117171,-0.01813295417376959,0.0,netfc_Sens__VentSal,0.14653463379295437,CentExe,0.3333333333333333,3,0.2894736842105263,0.0012197595479235077
670,592,0.0011863727454909819,0.001670921338498113,0.00014489905824655803,0.0004523274867581659,0.018221032557157964,0.0396728905961895,-0.018910422794238713,0.0007228810311897349,fc_mean,0.213047302301557,CentExe,0.34290540540540543,6,0.22635135135135134,0.001670921338498113
672,12988,0.02602805611222445,0.0033084399956667446,0.00027666372036615845,0.00206088639566769,0.23951594238057858,0.04141144702086208,-0.014455307020677877,0.009918701758545184,fc_mean,0.20235663545801671,DefaultMode,0.2684785956267324,5,0.1425161687711734,0.0033084399956667446
673,310,0.0006212424849699399,0.0011915801494942534,6.437561058591476e-05,0.00165400429974206,0.033353866964352344,-0.010547991106790278,-0.02246255823748311,0.0,netfc_CentExe__Subc,0.06421872524418347,CentExe,0.22258064516129034,1,0.5451612903225806,0.00165400429974206
675,1292,0.0025891783567134267,0.001233691026677619,2.799688221541211e-05,0.004626653964923248,0.035393045577719474,0.06660368831203001,-0.007830111029359488,0.0023573073760719,var_DefaMod,-0.22509419432750075,CentExe,0.2886996904024768,6,0.36145510835913314,0.004626653964923248
677,701,0.001404809619238477,0.0038002272989691123,0.0005686061653609936,0.0001132832703666729,0.013035801378632516,0.009828040720575526,-0.017253371122954997,0.00012811638677453496,ac1_Visu,0.10758514964042008,Visual,0.3252496433666191,9,0.1383737517831669,0.0038002272989691123
678,108,0.00021643286573146294,0.0017428273251129448,8.656519844572483e-05,0.00046681664723970557,0.014057812804501822,-0.01224596401658573,-0.014856416339037226,0.0,netfc_Sens__Sens,0.05378095819055438,Visual,0.3611111111111111,4,0.4351851851851852,0.0017428273251129448
679,168,0.0003366733466933868,0.0009453371761597671,5.102160001366937e-05,5.7084338404142664e-05,0.015587387450502888,0.0072986194180940656,-0.011895169507433856,0.00011376640872359613,var_Visu,0.11509800000664387,CentExe,0.25595238095238093,4,0.16666666666666666,0.0009453371761597671
680,17969,0.03601002004008016,0.0018923767456409356,0.00010502059363217438,0.14824673209885436,0.02650029725949763,-0.006718422725767503,-0.015165805832993762,0.0,var_CentExe,-0.06764483109451806,CentExe,0.25955812788691635,0,0.6391006733819355,0.14824673209885436
681,51,0.00010220440881763527,0.0010581138062794114,2.1220071775135945e-05,4.1838372636722594e-05,0.02813330153286506,-0.022986758339825553,-0.01778573659467031,0.0,fc_sd,0.02724173395767699,DefaultMode,0.2549019607843137,7,0.17647058823529413,0.0010581138062794114
683,316,0.0006332665330661323,0.00436145936163277,0.00021215439856441483,0.00015222617057823084,0.011360560164185442,0.009409594579461,-0.0167678501617059,0.0001068982653405599,var_CentExe,0.14588124558636795,Visual,0.30063291139240506,6,0.2120253164556962,0.00436145936163277
684,1088,0.0021803607214428856,0.0014172495457670888,8.036062017689833e-05,0.0006108678184448583,0.011168722737160353,-0.005010261513579639,-0.01694953681117184,0.0,fc_sd,0.0961053738969064,CentExe,0.2601102941176471,7,0.21783088235294118,0.0014172495457670888
686,2184,0.004376753507014028,0.0068789979592439035,0.0005302407776162058,0.00023040137048199272,0.012367409334775873,0.079408855912395,-0.015786630829083936,0.000982081825874826,ac1_Sens,-0.27300747345269416,DefaultMode,0.31135531135531136,2,0.13232600732600733,0.0068789979592439035
687,68,0.00013627254509018035,0.000894943343816463,1.258590481039347e-05,0.00013745742957845463,0.31499342781605977,-0.013128235306264946,-0.009828741435767174,0.0,var_Sens,-0.060545156324428,CentExe,0.35294117647058826,2,0.35294117647058826,0.000894943343816463
688,66,0.00013226452905811624,0.0008086267551216046,1.055930714395144e-05,0.0008036822173309968,0.08062216265894341,-0.010908969695610171,-0.023635252591099665,0.0,netfc_Sens__CentExe,0.06814117433861161,Sensorimotor,0.22727272727272727,9,0.9090909090909091,0.0008086267551216046
689,89,0.0001783567134268537,0.0008133846202438093,2.577692098193416e-05,0.00027985431349268917,0.2804346715203126,-0.02120236875607806,-0.01621579497332215,0.0,netfc_DefaMod__DefaMod,0.04318423483882403,DefaultMode,0.20224719101123595,1,0.33707865168539325,0.0008133846202438093
692,157,0.0003146292585170341,0.0009661781701182565,4.4289730350964435e-05,0.0017672422236608097,0.05246036202331717,-0.003581479309613833,-0.019375991381232804,0.0,var_VentSal,-0.06911622091524318,Sensorimotor,0.2356687898089172,4,0.8089171974522293,0.0017672422236608097
698,145,0.0002905811623246493,0.0012601281322497308,0.00011381500238786701,0.0007210523379069352,0.015334694793507317,-0.019073368219860054,-0.021403137675128248,0.0,netfc_Visu__Visu,0.027062149471803305,Visual,0.32413793103448274,4,0.47586206896551725,0.0012601281322497308
699,2944,0.0058997995991983965,0.006092153603925104,0.000667010345687435,0.00010887006889451251,0.010847585278729588,0.03572621584236679,-0.016423447633115762,0.0003875431730363738,ac1_Sens,-0.1976433891652317,CentExe,0.30740489130434784,2,0.12466032608695653,0.006092153603925104
700,2765,0.005541082164328658,0.0034943486180159288,0.0005346766004979698,0.0104583667167065,0.012469573710304114,0.0061378927036638276,-0.019367938039196453,7.65369054942739e-05,falff_DorsSal,0.08819380584374052,Visual,0.21916817359855334,5,0.41012658227848103,0.0104583667167065
701,10414,0.020869739478957917,0.011709555899511002,0.0020514986804020413,0.05690614645805644,0.020184829000087504,0.14380074823554778,-0.012335964274898137,0.002902593513219167,var_Subc,-0.2403650919986928,CentExe,0.21615133474169387,0,0.5349529479546764,0.05690614645805644
702,60,0.00012024048096192385,0.0007983191274894543,3.5775018668445993e-06,0.00027457374300402947,0.2573655059812642,-0.02062185040520048,-0.028423371257020325,0.0,netfc_DefaMod__Subc,0.05743370328253586,CentExe,0.26666666666666666,4,0.45,0.0007983191274894543
703,2714,0.005438877755511022,0.0020329134656069956,0.00022578530649582413,0.0009708350788006685,0.09902292537184844,0.07921259310080386,-0.013043423861286874,0.007843862695131498,fc_mean,0.2669973058151374,DefaultMode,0.22328666175386883,2,0.19602063375092116,0.0020329134656069956
704,753,0.0015090180360721444,0.001451111463125959,0.00015075927732482926,0.00020524744095601813,0.21850412339459613,-0.004265019490603539,-0.013373775456249515,0.0,ac1_DefaMod,0.10304412264781505,CentExe,0.301460823373174,2,0.16600265604249667,0.001451111463125959
705,543,0.0010881763527054108,0.0010524587521233272,7.465175376970055e-06,0.0032675634440005987,0.0641943604387631,-0.0020135217822558893,-0.009546217987601358,0.0,fc_mean,0.12787551630534738,DefaultMode,0.26887661141804786,9,0.5303867403314917,0.0032675634440005987
706,113,0.00022645290581162325,0.0013016362889642227,1.9916456542715254e-05,4.521825095958628e-05,0.011547225071801812,-0.009042402728439036,-0.01883588088731525,0.0,var_VentSal,0.0408189553248792,CentExe,0.30973451327433627,6,0.168141592920354,0.0013016362889642227
708,122,0.00024448897795591184,0.0017431394671695943,8.637391950471504e-05,0.0007478737199344876,0.010414293349333187,-0.014961006981532021,-0.012911952178597197,0.0,falff_DorsSal,-0.05021160059535885,DefaultMode,0.4426229508196721,5,0.6065573770491803,0.0017431394671695943
710,139,0.0002785571142284569,0.0009729787591925445,3.882727986301068e-05,0.00025561699297265924,0.07670598872032952,0.0044502851359907725,-0.013608620601461174,0.0003413635214435583,var_Sens,-0.09349575640356182,Visual,0.22302158273381295,8,0.26618705035971224,0.0009729787591925445
711,400,0.0008016032064128256,0.001211558710181384,7.472538139614604e-05,6.403602545962433e-05,0.012217677605779804,-0.0006050682273925911,-0.017023146832517932,0.0,slope_CentExe,-0.048665479170968064,DefaultMode,0.2475,8,0.155,0.001211558710181384
712,136,0.0002725450901803607,0.001346255254606257,4.140998114353453e-05,0.0005557782297148595,0.057918579208318305,-0.015970151740637206,-0.012512246045307096,0.0,netfc_Sens__DorsSal,0.10339944408095575,Visual,0.3014705882352941,3,0.4852941176470588,0.001346255254606257
713,3108,0.006228456913827655,0.008197169342923026,0.0008802320244854682,0.00034515599462447223,0.013683379487825524,0.09012263731183545,-0.011800378761860797,0.0012331822467815084,fc_mean,-0.3021119474799156,CentExe,0.2734877734877735,9,0.13706563706563707,0.008197169342923026
715,227,0.00045490981963927857,0.0011609399416099844,9.263026023279278e-05,0.0014366008463792032,0.01214298843833576,-0.000796931443180382,-0.017363672015622278,0.0,netfc_Visu__Visu,-0.08282081785241355,Sensorimotor,0.2555066079295154,6,0.6079295154185022,0.0014366008463792032
716,1934,0.003875751503006012,0.0034109811849581664,0.0010064437814258959,0.0003135108007507835,0.036018858032837886,0.07587696369755914,-0.014186050460679445,0.0027330015833851766,var_Visu,0.2327061276605716,Visual,0.2859358841778697,7,0.13857290589451912,0.0034109811849581664
719,138,0.00027655310621242483,0.0010590881553779203,6.226439429758815e-06,0.00016634643881085622,0.011853091344906868,0.00805359264630412,-0.016058698961712636,9.545996929131297e-05,var_Sens,0.15331413597631294,CentExe,0.2391304347826087,7,0.30434782608695654,0.0010590881553779203
721,129,0.00025851703406813627,0.0011093093493323616,1.959868898485285e-05,0.00014505318903266669,0.03479852698255198,-0.013785908205206532,-0.01943072932361578,0.0,var_DefaMod,-0.07566838179406145,DefaultMode,0.2248062015503876,0,0.27906976744186046,0.0011093093493323616
723,23657,0.04740881763527054,0.009100740099201064,0.002061483067439675,0.005301062149775622,0.11123458690878447,0.14614048857645145,-0.009268156372508773,0.016255876877449515,netfc_DorsSal__DefaMod,0.20627527030915754,CentExe,0.22543010525425877,0,0.17732595003593016,0.009100740099201064
724,280,0.0005611222444889779,0.001935441266891982,0.0004879042501819917,0.0018547797464301893,0.01147077156881702,0.00027122426125048005,-0.00862810428835914,3.1111515447254066e-06,fc_sd,-0.08109855614526787,Visual,0.475,6,0.5857142857142857,0.001935441266891982
725,643,0.0012885771543086173,0.0036255500729730733,0.0004373521075883047,0.0020922415490520724,0.01466517672046371,0.01970105401942457,-0.009917658121677109,0.0002889194387742632,var_Visu,-0.13528115014027162,Visual,0.28771384136858474,4,0.3856920684292379,0.0036255500729730733
726,267,0.0005350701402805612,0.0019724381733907262,7.157752177533309e-05,0.00024945501532525906,0.011176777399742332,-0.010334069685927538,-0.01968879394791645,0.0,var_Sens,0.05213319808960495,CentExe,0.24719101123595505,6,0.2247191011235955,0.0019724381733907262
727,766,0.0015350701402805612,0.02247512451725713,0.0003523867987680325,0.004189463645352035,0.011745273348630578,0.005322118467370407,-0.013676710517905866,6.250973619306026e-05,var_DefaMod,-0.09196164899803004,CentExe,0.33159268929503916,0,0.5182767624020888,0.02247512451725713
728,6841,0.01370941883767535,0.00400885871143067,0.0001867997098801746,0.01965395097907745,0.012761092655602263,0.020104158736325095,-0.021120735828773496,0.00025655103239718025,netfc_VentSal__DefaMod,-0.15401089295624776,CentExe,0.24864785850021925,7,0.3610583248063149,0.01965395097907745
730,903,0.0018096192384769538,0.002325343735260129,0.0002491678006582573,0.0002330897419327555,0.029016478657680003,0.03479706670401628,-0.017845312892089016,0.0010096883433669557,slope_Sens,-0.21229805909057037,DefaultMode,0.34219269102990035,2,0.1893687707641196,0.002325343735260129
731,341,0.0006833667334669339,0.0011435060387020163,1.9495567258558975e-05,0.0001355139196324082,0.011860316015622098,0.015299333273735671,-0.025374201851980027,0.00018145492745482724,var_Sens,0.16640962761301417,CentExe,0.31671554252199413,5,0.17888563049853373,0.0011435060387020163
735,382,0.0007655310621242485,0.0020340212156893934,0.00032383701726229033,0.0002459172212851183,0.014413775335999498,-0.012563163026697355,-0.011980983510041066,0.0,ac1_Sens,0.07291422397322857,Sensorimotor,0.34554973821989526,3,0.21204188481675393,0.0020340212156893934
736,67,0.0001342685370741483,0.000850365670953741,5.662677904186995e-05,0.00014341589056173287,0.22895679372706498,-0.010468106001993993,-0.01145088853242715,0.0,netfc_Visu__DefaMod,0.04720682734798582,Visual,0.373134328358209,0,0.34328358208955223,0.000850365670953741
737,2212,0.004432865731462926,0.0014504907408785506,0.0002810958582304586,0.014002439640697912,0.04515287109940724,0.025816244683483647,-0.015486634213647488,0.0011656775684640945,fc_mean,0.18675874708273868,Visual,0.2283001808318264,2,0.5786618444846293,0.014002439640697912
739,6238,0.012501002004008017,0.009449048480484142,0.0020046549330246088,0.003006427724283696,0.02272810750435635,0.1463725174377145,-0.01823464593066304,0.00332677031200765,var_Sens,-0.31805931439529406,CentExe,0.34418082718820137,4,0.19365181147803784,0.009449048480484142
740,84,0.0001683366733466934,0.00099290193150396,1.0695602178136401e-05,0.0003171138246670806,0.035624815223764005,-0.014477103799582336,-0.02197395030481486,0.0,netfc_Visu__VentSal,0.09334407689091266,CentExe,0.25,1,0.47619047619047616,0.00099290193150396
741,301,0.0006032064128256513,0.07059935045302826,0.0018511617755105224,6.987140142667982e-05,0.010980073789383859,0.0024372332078931302,-0.01370667700750694,2.67610004646033e-05,var_Sens,-0.103347647911027,VentSal,0.574750830564784,8,0.16611295681063123,0.07059935045302826
747,279,0.0005591182364729459,0.003183915248618902,8.424763643623739e-05,0.0017012361058959884,0.013422040808886712,-0.006498488156295279,-0.015094844485239456,0.0,var_Sens,-0.08789180640001082,Visual,0.26523297491039427,4,0.5734767025089605,0.003183915248618902
748,96,0.00019238476953907816,0.000915191726743055,8.14536441282005e-06,5.1208560066500415e-05,0.7593008216342779,-0.023107854230254965,-0.0074987168513058755,0.0,netfc_DefaMod__DefaMod,0.0527312954433907,CentExe,0.2604166666666667,5,0.16666666666666666,0.000915191726743055
749,10979,0.02200200400801603,0.012620968936050544,0.0017269537940231806,0.007568919803458784,0.014916187896701447,0.06438353702317967,-0.016637053686562542,0.0009603569356919821,fc_mean,-0.2358328328380772,CentExe,0.3082247927862283,7,0.2023863739867019,0.012620968936050544
750,85,0.00017034068136272546,0.0010806023190598443,0.00010520807784153983,0.000138607821598732,0.05872907777044634,-0.01978150975831383,-0.010113288482868521,0.0,var_Visu,0.08183199950049846,Sensorimotor,0.35294117647058826,0,0.23529411764705882,0.0010806023190598443
753,139,0.0002785571142284569,0.001603801569589515,0.00012714194896636777,0.0007844541001522297,0.011178362582190054,-0.009250871170122466,-0.007560139569378954,0.0,falff_Visu,0.03591700686886359,Visual,0.381294964028777,5,0.4748201438848921,0.001603801569589515
755,193,0.0003867735470941884,0.0013101799314375947,1.8257175376495256e-05,0.00011915857781728298,0.01160019378648897,-0.00966168574243964,-0.017473068227525257,0.0,var_Sens,0.08553179632630196,DefaultMode,0.23834196891191708,1,0.19170984455958548,0.0013101799314375947
757,239,0.00047895791583166334,0.0012590138068343892,0.00010522857363183222,0.0004992119199805111,0.018492868810388263,0.004367210030274515,-0.013831227960370951,8.076224215727837e-05,netfc_VentSal__VentSal,0.11646668521350298,Visual,0.28451882845188287,0,0.39748953974895396,0.0012590138068343892
760,418,0.0008376753507014028,0.0015092203871426956,5.863367062879341e-05,0.0007086271566816974,0.010854331211236603,0.004713724031643607,-0.01612988754282796,5.1164321877825236e-05,netfc_Visu__Visu,-0.12687347519829986,DefaultMode,0.29904306220095694,8,0.3133971291866029,0.0015092203871426956
761,15716,0.03149498997995992,0.013717189600979236,0.0032675667172006786,0.00048369983090235677,0.03374907239506307,0.19598549885776506,-0.02425405929734059,0.006614328789333264,slope_Visu,-0.37144023179983754,Visual,0.24809111733265463,5,0.12592262662255027,0.013717189600979236
762,238,0.0004769539078156313,0.0019940225704887485,9.447951186858228e-05,0.0001411157271284566,0.013864134081080446,0.01588937778767252,-0.014522211862660006,0.00022029246411323322,ac1_Sens,0.13692814445009138,CentExe,0.38235294117647056,6,0.2184873949579832,0.0019940225704887485
764,170,0.0003406813627254509,0.001621451993429998,0.00015438991835103883,0.0003888039173398412,0.011318723792543612,-0.007881728411310407,-0.019384941639059017,0.0,netfc_VentSal__CentExe,-0.07181266948443296,VentSal,0.2823529411764706,5,0.3176470588235294,0.001621451993429998
765,2810,0.0056312625250501,0.005402377608471827,0.0003910355620540312,0.0006294574867390088,0.018620266671914645,0.11025783746650186,-0.017674418998026242,0.0020530303362948864,var_Visu,0.3125115495539335,Visual,0.22384341637010677,5,0.16370106761565836,0.005402377608471827
766,204,0.0004088176352705411,0.0008765921165133166,3.6806685307099595e-05,0.000510884033246152,0.2702676192222376,-0.021226855985230664,-0.011427439805514972,0.0,falff_DefaMod,0.07243174971378244,CentExe,0.21568627450980393,0,0.35294117647058826,0.0008765921165133166
768,632,0.0012665330661322646,0.14481202095743306,0.0018995769418779147,8.635789606284782e-05,0.010448470064318963,-0.020119363285638237,-0.006618990003192993,0.0,netfc_Visu__CentExe,-0.03777251275944671,DefaultMode,0.7689873417721519,7,0.14082278481012658,0.14481202095743306
769,71215,0.14271543086172345,0.00510264619499005,0.0008658213724667738,0.0065081833145602215,0.24126162699410778,0.12347933262858368,-0.012294298900656253,0.02979082469011872,netfc_Sens__VentSal,0.23523938908195763,CentExe,0.250817945657516,2,0.12335884294039177,0.0065081833145602215
770,79,0.00015831663326653308,0.0015792483908715882,7.380418200700033e-05,3.5108338349880614e-05,0.014886397346867225,-0.002123878337474183,-0.018375665496384253,0.0,netfc_Sens__DefaMod,0.10656887526912301,CentExe,0.4050632911392405,3,0.20253164556962025,0.0015792483908715882
773,165,0.0003306613226452906,0.0010247278362969384,9.746709454699337e-05,0.0009015919643574992,0.0712029951484768,-0.016999390033679562,-0.00773540224610425,0.0,netfc_Visu__Sens,0.08289267575869351,Visual,0.30303030303030304,0,0.5696969696969697,0.0010247278362969384
775,291,0.0005831663326653307,0.0015443715132462824,8.213848926144831e-05,0.00022399228028837753,0.016292467828994954,0.03270219070745917,-0.008934061783356206,0.0005327993900389362,var_Visu,0.18328370283755407,DefaultMode,0.3161512027491409,9,0.19243986254295534,0.0015443715132462824
776,198,0.0003967935871743487,0.0011631991184731846,3.521098558863398e-05,0.00036295972656545075,0.11355830995162333,-0.013679376514248887,-0.017755838699955007,0.0,netfc_Visu__CentExe,0.06660029167516544,CentExe,0.24242424242424243,9,0.3383838383838384,0.0011631991184731846
777,491,0.0009839679358717435,0.0013164893759855674,5.993543237016395e-05,0.0020735127110038808,0.04699274426671958,0.0026259677707283213,-0.012341973471756917,0.00012340143190248373,netfc_Sens__DefaMod,0.14123594679297427,CentExe,0.23625254582484725,6,0.42973523421588594,0.0020735127110038808
779,53,0.0001062124248496994,0.0008113760840916056,3.7069042336773333e-06,0.000124608648391204,0.36633347535209493,-0.02396431895750073,-0.011266161657256468,0.0,netfc_Sens__DefaMod,0.038335453165012766,CentExe,0.2830188679245283,2,0.3018867924528302,0.0008113760840916056
781,732,0.0014669338677354708,0.0020727065799273654,0.00015088816145795961,0.0016733515784073858,0.012526056327860425,0.005192415958791496,-0.017023528531350918,6.504049477750368e-05,ac1_VentSal,0.1559294122871103,Sensorimotor,0.25136612021857924,3,0.28688524590163933,0.0020727065799273654
782,7935,0.01590180360721443,0.1285930543737482,0.014515290046098663,0.00023144141461786926,0.011605332714522467,0.02747935836439408,-0.01817794615818724,0.0003189070966003892,var_CentExe,-0.14166117989680185,DefaultMode,0.6218021424070573,4,0.11758034026465028,0.1285930543737482
783,5915,0.01185370741482966,0.008828874963440274,0.0008766067602415274,0.00322045894815802,0.03609990567112608,0.05106732691598337,-0.014159079018343679,0.0018435256845435574,ac1_DorsSal,0.1962295989894243,CentExe,0.22163989856297547,2,0.19171597633136095,0.008828874963440274
787,190,0.0003807615230460922,0.0011554416063428805,0.00010106707097295474,0.0002107121973250146,0.07652303467308998,-0.003611911152600067,-0.01450763221249951,0.0,netfc_Visu__Sens,0.07187980644773814,CentExe,0.38421052631578945,0,0.24210526315789474,0.0011554416063428805
788,432,0.0008657314629258517,0.002199868899660394,0.00011411284910414275,0.00029864875628284694,0.01093261494769579,-0.002338553230889273,-0.01290607267631838,0.0,netfc_Visu__Sens,-0.10597766100867173,CentExe,0.33796296296296297,6,0.2337962962962963,0.002199868899660394
789,244,0.0004889779559118237,0.0015295438149810097,9.117469418798358e-05,0.0007981201161349405,0.01686296877273736,0.009501240743137851,-0.008731681015437864,0.00016021912595379348,fc_mean,0.13527821137977772,DefaultMode,0.2540983606557377,5,0.35655737704918034,0.0015295438149810097
790,660,0.0013226452905811623,0.0034041673373344915,0.00035087898452432036,0.0003130343615005003,0.011408409649384312,-0.0024877504844005305,-0.013910871125226931,0.0,falff_DorsSal,0.05494260714738045,CentExe,0.35,7,0.1803030303030303,0.0034041673373344915
792,50,0.0001002004008016032,0.000844371810618976,2.4717335673871885e-05,0.00035165076911346303,0.04854135560244891,-0.024024822809510793,-0.029350320364256444,0.0,netfc_DorsSal__CentExe,0.05863473792242089,Sensorimotor,0.28,9,0.74,0.000844371810618976
794,50,0.0001002004008016032,0.0008421002356263361,1.7165300105931048e-05,0.00020533156932489127,0.10506094742943929,-0.0757282939946391,-0.009266708345628816,0.0,var_DefaMod,-0.20958552123919447,DefaultMode,0.28,1,0.42,0.0008421002356263361
796,236,0.00047294589178356714,0.0008834981643418586,2.3045329826915725e-05,2.971158660437611e-05,0.01099430449192141,-0.0013113737298258155,-0.015337103521647633,0.0,ac1_DorsSal,-0.08415805405425186,CentExe,0.2923728813559322,8,0.13983050847457626,0.0008834981643418586
798,1674,0.0033547094188376755,0.19640880775709255,0.002797188305030456,0.0001024626009748721,0.011292931642873516,0.05497605047295129,-0.017840732081426003,0.0006208407799862031,ac1_Sens,0.22781999731636995,CentExe,0.5967741935483871,7,0.12126642771804062,0.19640880775709255
799,6842,0.013711422845691382,0.3499119407003465,0.015530444373784758,0.00015080042515326652,0.010244556407473439,0.015868108100734246,-0.01543813879161382,0.0001625617285178582,var_Sens,-0.12127225074467043,DefaultMode,0.5980707395498392,6,0.11473253434668226,0.3499119407003465
801,145,0.0002905811623246493,0.00118383409349867,3.198041246844402e-05,0.0001024403010410292,0.03371603876537726,-0.0036069840891719274,-0.014938514658235702,0.0,falff_Sens,0.10081806678419646,DefaultMode,0.23448275862068965,6,0.21379310344827587,0.00118383409349867
803,108,0.00021643286573146294,0.0012218096086689118,8.262504893309525e-06,3.8103276770700506e-05,0.010645802687258128,-0.002490368582899194,-0.011231139106298027,0.0,ac1_Visu,-0.08832503697598498,CentExe,0.2962962962962963,1,0.18518518518518517,0.0012218096086689118
804,140,0.00028056112224448897,0.0012809228680103063,3.258729252575103e-05,0.00011878636917417411,0.01741871902691526,-0.01027960010436102,-0.013583025963469053,0.0,var_Visu,-0.0961031307777011,CentExe,0.35,7,0.25,0.0012809228680103063
805,218,0.00043687374749498995,0.0010244900307684048,4.396907896433585e-05,0.00022002473603823896,0.011722782389232524,0.003939672110840786,-0.011996543189777054,4.618391884031489e-05,slope_VentSal,-0.1330330038564962,Sensorimotor,0.23853211009174313,5,0.24770642201834864,0.0010244900307684048
807,122,0.00024448897795591184,0.0017121471219337142,6.977803863117906e-05,6.371008298868392e-05,0.013069535153140629,-0.006801340460875993,-0.01951445289680742,0.0,var_Visu,0.05204217253223871,DefaultMode,0.4426229508196721,2,0.19672131147540983,0.0017121471219337142
808,12231,0.024511022044088178,0.7639686246820109,0.026890962213537158,0.00019117202524126812,0.010435938887108006,0.01107686102178762,-0.014707360120775004,0.00011559744468436435,netfc_Sens__Sens,-0.14666802640343823,VentSal,0.3305535115689641,3,0.1141362112664541,0.7639686246820109
809,172,0.000344689378757515,0.0015520429934278962,0.00020664097997248184,0.00036219105509353964,0.010925316131463752,-0.013165295485722428,-0.015400245565720283,0.0,netfc_Sens__CentExe,-0.05411476631840455,Visual,0.42441860465116277,8,0.27906976744186046,0.0015520429934278962
810,233,0.00046693386773547093,0.0059218314142074485,0.00019035857391096534,0.001689567961103614,0.01251790916130276,0.00180073295153238,-0.02518201983882662,2.2541411511046938e-05,var_Visu,-0.10629705750024364,DefaultMode,0.41630901287553645,0,0.6523605150214592,0.0059218314142074485
811,447,0.0008957915831663327,0.0017150090364722015,6.37774684421216e-05,0.0001624284846471748,0.010550008303084217,-0.004327769497537659,-0.020214251363594782,0.0,var_CentExe,0.08309131984643327,DefaultMode,0.2975391498881432,5,0.19463087248322147,0.0017150090364722015
815,415,0.0008316633266533066,0.0018483216453936669,4.351487309548806e-05,0.0005556911022346064,0.025288726388579662,0.03700150465344043,-0.00957740448727784,0.0009357209271466122,netfc_Sens__VentSal,0.20998256458790365,DefaultMode,0.3156626506024096,2,0.29156626506024097,0.0018483216453936669
816,409,0.0008196392785571143,0.0031577825926937778,0.0004038226240113544,0.0003562439225382401,0.021610280848113537,0.000984297241067078,-0.013117949858061806,2.127093981748287e-05,fc_mean,0.12257690678258756,Visual,0.35207823960880197,4,0.26894865525672373,0.0031577825926937778
817,36773,0.0736933867735471,0.0038045664332297066,0.0003006452336342331,0.007240020066518602,0.22207398469123266,0.062373264881474655,-0.014055413966675312,0.013851479470430802,netfc_Sens__DefaMod,0.18647377217946806,CentExe,0.2505098849699508,4,0.15171457319228782,0.007240020066518602
818,75,0.0001503006012024048,0.0010236247948529299,2.492975011727116e-05,0.00020970529652978315,0.011268550558354651,-0.013942535001536527,-0.0179495788727142,0.0,falff_VentSal,-0.032325573153433755,CentExe,0.29333333333333333,3,0.41333333333333333,0.0010236247948529299
820,706,0.0014148296593186373,0.0042189209189181535,0.0005633200035498103,0.0012382833885866212,0.0193493779881549,0.019409613434716033,-0.026871245704102487,0.00037556394695229,ac1_CentExe,0.12994051798605188,Visual,0.301699716713881,5,0.330028328611898,0.0042189209189181535
821,3357,0.00672745490981964,0.01787548172302333,0.0014204992296386607,0.00031145570192084575,0.020031329559181858,0.1482954863218341,-0.013140381701433945,0.002970555758651804,fc_sd,0.31109269464063216,Sensorimotor,0.2535001489425082,7,0.12838844206136432,0.01787548172302333
822,4262,0.008541082164328657,0.4767140944498838,0.020061775316524238,0.00011893213019298732,0.010086568970631973,-0.0012893470938155627,-0.013111270593348268,0.0,var_Subc,-0.0845136338717316,CentExe,0.5640544345377757,4,0.11801970905678086,0.4767140944498838
823,53,0.0001062124248496994,0.000989122575950157,5.917774461962055e-06,0.0001085724723908236,0.05379760355746731,-0.012495616835174417,-0.011872177090950009,0.0,netfc_VentSal__DefaMod,0.08619622902767085,DefaultMode,0.3018867924528302,3,0.3018867924528302,0.000989122575950157
824,79,0.00015831663326653308,0.0009974944502363508,2.8606458904168348e-05,0.00024390109673510976,0.040650765936786196,-0.0078085264372931285,-0.011611530226532496,0.0,netfc_Visu__CentExe,0.08324812755061246,CentExe,0.3670886075949367,9,0.4177215189873418,0.0009974944502363508
825,1272,0.0025490981963927854,0.0039305252086671745,0.0006355881336726055,0.0045798015518143985,0.017155038290802265,0.0014984685681562748,-0.011722816649472723,2.570628566428454e-05,var_Sens,-0.11722262150681069,Visual,0.28852201257861637,3,0.40408805031446543,0.0045798015518143985
827,86,0.0001723446893787575,0.0010911429301726434,9.065246983209569e-05,0.0001479891774826985,0.028337464237775282,0.006066458923317586,-0.011879897486447355,0.00017190806278944483,var_Sens,-0.09314824340849104,CentExe,0.4883720930232558,3,0.3023255813953488,0.0010911429301726434
828,142,0.0002845691382765531,0.051578050140647376,0.00036232337675747115,6.259633536582698e-05,0.009952873929133216,-0.011757290514477603,-0.02032315210986413,0.0,var_CentExe,-0.0755222841666982,DefaultMode,0.6197183098591549,6,0.176056338028169,0.051578050140647376
829,134,0.0002685370741482966,0.0010021273450062473,2.834571855867522e-05,6.779471489906252e-05,0.01305097342442095,-0.0028593534437211243,-0.010470063499835813,0.0,fc_mean,0.09072491585974962,CentExe,0.23134328358208955,6,0.22388059701492538,0.0010021273450062473
831,104,0.00020841683366733466,0.0011339967682307195,2.2677401970970476e-05,9.915112945098132e-05,0.011528416726522805,-0.019577337024237362,-0.012059485598813868,0.0,var_Visu,0.028736567344318915,DefaultMode,0.2980769230769231,2,0.23076923076923078,0.0011339967682307195
834,116,0.00023246492985971943,0.0020924418707170683,4.6987973128554805e-05,0.0001642312858371697,0.009883864551661958,-0.012357569616697761,-0.01283876992391364,0.0,netfc_VentSal__DefaMod,-0.06598651957088886,CentExe,0.2672413793103448,5,0.2672413793103448,0.0020924418707170683
836,166,0.00033266533066132265,0.0016321606427694467,7.474133564512295e-05,0.0005373216929362716,0.01556798254952315,-0.02299517018806485,-0.014842468860780222,0.0,var_CentExe,-0.060334121248608125,CentExe,0.43373493975903615,9,0.4759036144578313,0.0016321606427694467
837,333,0.0006673346693386774,0.0015457110231644003,9.146757877146374e-05,0.0001637986157229254,0.010293078710580631,-0.01058664287932265,-0.018900793944638394,0.0,var_Sens,0.07215868764657264,DefaultMode,0.3063063063063063,7,0.2012012012012012,0.0015457110231644003
840,84839,0.1700180360721443,0.0057365623877604285,0.0012126563157882104,0.009006272072986163,0.1978391817365675,0.05803140064597945,-0.010243888985209448,0.011480884818827489,netfc_Sens__VentSal,0.18291861525010844,CentExe,0.25164134419311873,2,0.12427067740072373,0.009006272072986163
842,26398,0.05290180360721443,0.03267453543154202,0.004062577286256572,0.09799544842902286,0.017132288252502976,0.05661975918909823,-0.011325193670755684,0.000970026035214935,var_CentExe,-0.132117708151789,CentExe,0.32510038639290856,0,0.39393135843624516,0.09799544842902286
843,110,0.00022044088176352705,0.002714619969824811,0.00014517736455558174,2.5838507746121053e-05,0.010069114426776389,-0.010528003841521194,-0.01326241769066172,0.0,netfc_Visu__DefaMod,-0.03977121881023008,CentExe,0.6090909090909091,0,0.16363636363636364,0.002714619969824811
844,54,0.00010821643286573147,0.0009785459949218037,3.3589576901885915e-05,0.0003672972172369336,0.0445988515166596,-0.008110765479868443,-0.02243645450419951,0.0,netfc_DorsSal__DefaMod,0.06279483880313728,Visual,0.37037037037037035,9,0.6666666666666666,0.0009785459949218037
845,542,0.0010861723446893787,0.0034492256313980864,0.0007823136952973142,0.0001798438812276976,0.014614322068050216,0.024436804808256385,-0.015139035468730633,0.0003571273357819369,var_Visu,0.17595641665977968,Visual,0.4446494464944649,4,0.1752767527675277,0.0034492256313980864
847,740,0.0014829659318637274,0.0027374917705591333,0.0002103945826660747,0.00022541138835932,0.010683252402868451,-0.004962224343009858,-0.014774276500795658,0.0,netfc_VentSal__DefaMod,-0.1141633814271386,CentExe,0.32432432432432434,3,0.14324324324324325,0.0027374917705591333
849,3353,0.006719438877755511,0.4273909116661858,0.0045369072683013045,2.3675851574521497e-05,0.010781489055400637,0.01838496784412591,-0.013742088741615532,0.00019821732959533615,var_CentExe,-0.15349355556395738,DefaultMode,0.3748881598568446,9,0.10975246048314942,0.4273909116661858
850,14075,0.0282064128256513,0.7713391163143326,0.11267491989997282,8.105409268451818e-05,0.010306960985818655,0.023983389919807085,-0.020625645413959948,0.00024719586421112803,var_Sens,-0.1767126852770998,Sensorimotor,0.9072824156305507,8,0.10408525754884547,0.7713391163143326
851,372,0.0007454909819639278,0.0010480085011263633,6.766836476830141e-05,0.0003620764275783294,0.135731606837764,-0.025689660235567846,-0.016076362363404373,0.0,netfc_Sens__DefaMod,0.09367583545137177,DefaultMode,0.2661290322580645,1,0.24193548387096775,0.0010480085011263633
852,103,0.00020641282565130262,0.002530854339862397,0.00014604683539985597,0.00012705809802446882,0.010797534255088215,-0.008392505011087126,-0.010752566473392733,0.0,fc_sd,0.05345283040926278,CentExe,0.5728155339805825,6,0.24271844660194175,0.002530854339862397
853,4363,0.008743486973947896,0.31090725596484553,0.029786396111438986,6.372562741546548e-05,0.011747592364550214,0.11419164600708998,-0.01987172792017322,0.0013414769087283112,var_Sens,-0.3056340527364648,Sensorimotor,0.8526243410497364,9,0.12101764840705936,0.31090725596484553
854,1784,0.0035751503006012024,0.0015650865860385378,0.00010742273586407904,0.001945652891389372,0.011894326553301643,0.05556601275503259,-0.015623178963607431,0.0006609203009732818,ac1_Sens,-0.22562646467584552,CentExe,0.31390134529147984,3,0.18778026905829595,0.001945652891389372
855,391,0.000783567134268537,0.0009508650987488255,4.8597543398843916e-05,0.00032019989802141045,0.010787519074182952,-0.0007779538465249036,-0.0157939692679947,0.0,netfc_Sens__Sens,-0.08301007423287848,CentExe,0.3273657289002558,4,0.18925831202046037,0.0009508650987488255
856,144,0.00028857715430861725,0.0014438282147007382,8.251728830086473e-05,0.0003470964775707125,0.01728744956049929,0.01209060088919045,-0.0156377744401055,0.00020901565302800776,falff_Sens,0.1529983253728718,Sensorimotor,0.3472222222222222,3,0.3888888888888889,0.0014438282147007382
857,762,0.001527054108216433,0.0051555717882964276,0.0006070328721601853,0.002641414309466869,0.011869844618249971,0.01193201465967686,-0.01990258997903971,0.00014163115999304513,netfc_Sens__DorsSal,-0.12782859747260486,Visual,0.3530183727034121,7,0.39501312335958005,0.0051555717882964276
858,468,0.000937875751503006,0.00146775890126219,4.669214364662998e-05,0.0006520593180005948,0.011659315712358507,-0.0035931170256680023,-0.017842181054189332,0.0,var_Sens,0.08913306470905881,CentExe,0.26495726495726496,5,0.2841880341880342,0.00146775890126219
859,774,0.0015511022044088177,0.13184289981913097,0.003095040839091108,5.557878963983843e-05,0.01054762881877871,0.01709889025224942,-0.009069241446782783,0.00018035274759376036,ac1_CentExe,0.08490201648359251,CentExe,0.46382428940568476,3,0.12144702842377261,0.13184289981913097
860,155,0.00031062124248496995,0.001302485099721165,0.00010623591518136236,0.0004711637531709531,0.01687400432081058,0.0003939665372802992,-0.01274998984864295,6.647793052322551e-06,netfc_DefaMod__DefaMod,0.13113842713842272,Sensorimotor,0.36129032258064514,0,0.34838709677419355,0.001302485099721165
861,305,0.0006112224448897796,0.001549958776052106,0.00014044745994732521,0.0005354502132471677,0.011455680373734612,-0.011633269340892927,-0.017059810587468638,0.0,var_CentExe,0.05748474021544219,CentExe,0.3114754098360656,5,0.30491803278688523,0.001549958776052106
862,81,0.0001623246492985972,0.0010934297219738548,3.808381959828534e-05,0.0002610461875268594,0.016330028092987368,-0.00857964227525021,-0.01961496945397867,0.0,ac1_CentExe,-0.07190471547727556,Sensorimotor,0.2839506172839506,3,0.37037037037037035,0.0010934297219738548
864,512,0.0010260521042084168,0.003190653288253466,0.00022870815537695056,0.0016293310947087648,0.012130549454400024,0.00562301403007448,-0.013025527036414575,6.821024977460367e-05,fc_mean,-0.13287231990268483,CentExe,0.298828125,8,0.345703125,0.003190653288253466
865,466,0.0009338677354709419,0.0023316822004165383,7.74093533011295e-05,0.0010954727222154946,0.013756560732759967,0.029970455344406233,-0.012833252182338883,0.00041229038913379485,netfc_Visu__Visu,-0.1452797557194889,CentExe,0.34549356223175964,7,0.3283261802575107,0.0023316822004165383
866,6765,0.013557114228456913,0.0072922729182186155,0.0004944665916424738,4.481043906824221e-05,0.011766345541664476,0.00828407159105704,-0.013523459863707954,9.747324883226335e-05,var_Sens,0.12699067414863463,CentExe,0.2842572062084257,5,0.1065779748706578,0.0072922729182186155
867,68,0.00013627254509018035,0.0009539808597965426,1.506651789233464e-05,0.00027920982063452495,0.06717209340366946,-0.015124027262704232,-0.009205272060232028,0.0,netfc_VentSal__CentExe,0.05309178191026792,CentExe,0.23529411764705882,9,0.4264705882352941,0.0009539808597965426
868,139,0.0002785571142284569,0.0017911672019200573,0.00012944398312074963,0.00023331240061957411,0.01875976431689597,0.007371618839222771,-0.012569843495683797,0.00013828983205780942,var_Sens,-0.10746642939922511,Sensorimotor,0.3237410071942446,9,0.2517985611510791,0.0017911672019200573
870,5056,0.010132264529058117,0.28286137789507926,0.011274499948026916,0.0006705485443000267,0.011726029632604005,0.08582312311271623,-0.012220115596544234,0.0010063644847823322,var_DorsSal,-0.2717967081984473,CentExe,0.5791139240506329,5,0.1439873417721519,0.28286137789507926
871,75,0.0001503006012024048,0.0010901890039928964,2.43523099270139e-05,0.0001373126516106646,0.011538353084729015,-0.01977754818727795,-0.012856402224200147,0.0,falff_DorsSal,-0.04689291368663816,DefaultMode,0.38666666666666666,0,0.28,0.0010901890039928964
872,408,0.0008176352705410822,0.0013516049409632988,6.316940406319901e-05,0.0025478879048691653,0.012408730985230555,0.03588542449284737,-0.016296788373487026,0.00044529257882254666,var_Visu,-0.19018171656500024,CentExe,0.28921568627450983,5,0.6029411764705882,0.0025478879048691653
876,234,0.000468937875751503,0.0013328928365948214,9.3353145653727e-05,0.00014335527340694594,0.013790391473711194,0.010674671642875722,-0.0203633863971715,0.00014720790080858002,var_Sens,-0.09880321708321628,CentExe,0.36752136752136755,4,0.1794871794871795,0.0013328928365948214
877,1406,0.0028176352705410823,0.014844235081160355,0.00020345293655965987,0.0007078090479631785,0.01950496581331487,0.08156511891255669,-0.009727164875589889,0.0015909248559483804,fc_mean,0.28486819265824453,DefaultMode,0.3186344238975818,5,0.1728307254623044,0.014844235081160355
879,499,0.001,0.001549065837997796,0.00010727815216403709,9.675518618673933e-05,0.0161698303591007,0.059509536935835494,-0.015069641464516836,0.0009622591170010972,netfc_Visu__DefaMod,0.23415189258323885,CentExe,0.36072144288577157,9,0.17034068136272545,0.001549065837997796
881,60,0.00012024048096192385,0.00098995568187498,3.1882099272042095e-05,0.00028075537663508373,0.01151798909839282,-0.01259846278410559,-0.015153722812299986,0.0,netfc_Visu__Visu,0.09042762305108913,DefaultMode,0.38333333333333336,9,0.5333333333333333,0.00098995568187498
882,1115,0.0022344689378757513,0.001725354810534392,9.309378406475874e-05,0.0017473348950022797,0.023941349971204604,-0.012408523584575226,-0.016540133568397453,0.0,var_DefaMod,-0.08694217075927116,CentExe,0.25829596412556055,7,0.2726457399103139,0.0017473348950022797
883,181,0.00036272545090180363,0.0010470961482967475,2.272193097019335e-05,0.00046770078100014535,0.011590887218301165,-0.014183350443074616,-0.014115609973108123,0.0,var_DefaMod,0.03063695205737895,DefaultMode,0.3314917127071823,5,0.30386740331491713,0.0010470961482967475
884,826,0.0016553106212424849,0.0017498597477229832,0.00021017561998293307,0.004701113893837747,0.018698477431168623,0.0019204248689775882,-0.016289683376311093,3.5909021070832394e-05,falff_CentExe,0.11433890724839542,Sensorimotor,0.22760290556900725,8,0.47094430992736075,0.004701113893837747
885,446,0.0008937875751503006,0.0026859507213905015,0.0001731557011954457,0.0002473374591279013,0.012610472606342462,0.00017944053321694575,-0.014560398727992974,2.262829928599779e-06,ac1_Sens,0.1346848908532617,DefaultMode,0.30493273542600896,6,0.19282511210762332,0.0026859507213905015
887,61,0.00012224448897795592,0.011936145733347002,0.00014712507253283497,0.00021943236082982187,0.010315714424141776,-0.01114484050196407,-0.014563149287405874,0.0,netfc_DorsSal__DorsSal,0.019346799654475742,DefaultMode,0.6885245901639344,5,0.45901639344262296,0.011936145733347002
888,686,0.001374749498997996,0.10977671612480061,0.006168875368210293,5.518028387837064e-05,0.01312065950281669,0.053341605779200885,-0.016418516453965415,0.0006998770467623738,var_Visu,-0.21250803169262714,Visual,0.9650145772594753,4,0.12973760932944606,0.10977671612480061
892,580,0.0011623246492985973,0.0014726156561338246,0.0001604456535711883,0.0005338461960627521,0.012045237731489437,-0.012431296935782488,-0.0152977505135381,0.0,netfc_VentSal__DefaMod,-0.043774172554356984,Visual,0.25862068965517243,7,0.23448275862068965,0.0014726156561338246
893,350,0.0007014028056112224,0.0053244847820146475,0.0008752180660615875,0.00012492262692366502,0.01788277326574102,0.006925354759870661,-0.01746082469226251,0.00012384454895558738,netfc_Subc__Subc,0.12522542709868809,Visual,0.5228571428571429,8,0.17142857142857143,0.0053244847820146475
894,729,0.0014609218436873747,0.002410929997297226,0.000499127095536014,0.00020346585084232157,0.03048817652095887,0.040424818859381206,-0.013900962511388837,0.0012324790132126015,var_Visu,0.20936501673166982,Visual,0.3401920438957476,5,0.1550068587105624,0.002410929997297226
897,470,0.0009418837675350701,0.0021930800914161733,0.0001402868686666614,0.0009644051807898683,0.014618569949511776,0.015532556514092133,-0.017874204821010098,0.00022706376389600063,slope_DorsSal,-0.08992510679082846,DefaultMode,0.3553191489361702,5,0.35319148936170214,0.0021930800914161733
899,62138,0.1245250501002004,0.003046275925241225,0.0005322353798630207,0.07976695535279979,0.09699419371219253,0.07378821784887257,-0.013872773082974632,0.007157028695711009,fc_mean,0.177251605936628,CentExe,0.24270172841095625,1,0.22902249831021276,0.07976695535279979
900,123,0.0002464929859719439,0.00117178594365107,2.1992790127629827e-05,0.0007835456845276329,0.025423281552656992,0.0072627011158905574,-0.017345651642467486,0.00018464169530208176,fc_mean,0.14624458659297046,CentExe,0.2682926829268293,0,0.6260162601626016,0.00117178594365107
903,2459,0.004927855711422846,0.0022446781097475955,0.0002747769155466317,0.0018589878793573618,0.056526230835098015,0.16980814173902758,-0.02023382492855208,0.009598614217619315,fc_mean,0.38288399972612036,Sensorimotor,0.21065473769825133,9,0.23058153721024807,0.0022446781097475955
904,146,0.0002925851703406814,0.00098711889736678,1.9256776290098545e-05,0.00025435411702672873,0.23438456301852267,-0.007759562592694946,-0.022893457064788514,0.0,var_Visu,-0.04378727399740963,DefaultMode,0.2534246575342466,0,0.2602739726027397,0.00098711889736678
905,167,0.0003346693386773547,0.005441514381905748,0.0001873527369742789,0.0014219509814469636,0.0112125600077589,-0.0055814998639880375,-0.019761880306966795,0.0,netfc_Sens__CentExe,-0.07521458057839168,CentExe,0.46706586826347307,9,0.6946107784431138,0.005441514381905748
906,515,0.0010320641282565131,0.002461014240284293,0.00034688552199650305,0.0007827520390836809,0.012604016849093229,0.03520914675552078,-0.010564752864090199,0.0004437766789487801,var_Sens,0.21555201203074711,DefaultMode,0.4563106796116505,7,0.32038834951456313,0.002461014240284293
907,59,0.00011823647294589178,0.0009157796681525451,1.9382794067292933e-05,0.00020594704737221753,0.2098783060653334,-0.01156266442586551,-0.015162064570768408,0.0,netfc_Visu__Visu,0.04046396381186908,Visual,0.2542372881355932,2,0.4067796610169492,0.0009157796681525451
908,126,0.00025250501002004006,0.0014094707094582165,6.959772698333265e-05,0.000547940740036135,0.010618758986026459,-0.006826642049370779,-0.01373938593347912,0.0,slope_VentSal,0.08335045332659517,CentExe,0.2222222222222222,4,0.4444444444444444,0.0014094707094582165
910,773,0.0015490981963927856,0.0022900979977112652,0.00014722172183104766,0.0005241134290349689,0.011704596417439006,-0.004875548086244574,-0.007051036934657695,0.0,netfc_Sens__CentExe,-0.05724824176601957,DefaultMode,0.2846054333764554,7,0.23673997412677877,0.0022900979977112652
911,360,0.0007214428857715431,0.0015651014767979576,9.711803341076583e-05,0.00042915892761259114,0.016411532236048,0.01806402369616278,-0.01121020882480983,0.0002964583072023104,netfc_Sens__VentSal,0.16537198556459393,Visual,0.2722222222222222,6,0.2722222222222222,0.0015651014767979576
913,784,0.0015711422845691382,0.0015302463743187033,0.00012027496202752406,0.0008087971476169225,0.01158217384817526,0.005561248696157706,-0.014402409851874243,6.441134921183655e-05,var_VentSal,0.11717736133177388,Sensorimotor,0.2423469387755102,5,0.21683673469387754,0.0015302463743187033
914,130,0.00026052104208416834,0.00097223133701633,7.347459033732896e-06,2.0850592923864028e-05,0.6779178614483482,-0.06830220845426482,-0.018893218870355666,0.0,var_DefaMod,-0.22748936591518876,CentExe,0.27692307692307694,3,0.16923076923076924,0.00097223133701633
916,23473,0.047040080160320644,0.005249179900390303,0.00044428714947676335,0.13635973624016698,0.014414431033592997,0.09244976145367523,-0.01625387588362348,0.0013326107105461258,var_Sens,-0.18469388042731374,CentExe,0.25625186384356496,5,0.46628040727644526,0.13635973624016698
917,197,0.0003947895791583166,0.0014384745021819067,6.832970206909178e-05,0.00013456791960231925,0.009993200537110405,-0.00854412807637872,-0.014905406968342305,0.0,ac1_VentSal,-0.07232939154561513,DefaultMode,0.39086294416243655,6,0.20304568527918782,0.0014384745021819067
918,3725,0.007464929859719439,0.05556647183302843,0.011340127355592117,0.0015720231586801503,0.020914756503546128,0.2279103928266758,-0.017108569236095272,0.004766690370597471,var_Sens,0.42868821493798687,CentExe,0.3755704697986577,5,0.1887248322147651,0.05556647183302843
919,198396,0.3975871743486974,0.014670803886271606,0.0023055140368091667,0.0005581275571010534,0.031172755392908803,0.04959179612063713,-0.01847582562778749,0.001545912929963625,ac1_DorsSal,-0.23550017218000707,CentExe,0.2602169398576584,2,0.10339422165769471,0.014670803886271606
920,909,0.0018216432865731462,0.0017997658187699154,0.00010838365496651709,0.0002081172524602387,0.01168881865598925,0.003604199911947492,-0.019134124907802752,4.2128839170686655e-05,ac1_VentSal,0.12232622584212886,DefaultMode,0.24972497249724973,7,0.1782178217821782,0.0017997658187699154
921,272,0.0005450901803607214,0.0012047445017793225,4.648498504084346e-05,0.0005352892563683481,0.011517922079144469,-0.013209622221402872,-0.012243825923085705,0.0,slope_VentSal,0.048251243233664004,DefaultMode,0.31985294117647056,3,0.27205882352941174,0.0012047445017793225
922,13068,0.026188376753507013,0.0043841996657851745,0.00032071990297055414,0.19301017353595046,0.016263788015606816,0.12225583172493526,-0.010283828771982417,0.001988342930846046,var_Sens,-0.28449564006196426,CentExe,0.2594123048668503,0,0.9290633608815427,0.19301017353595046
925,6218,0.012460921843687375,0.4710195546234002,0.023633808266220416,0.00011330837555724251,0.01046060644511975,0.01785886324081143,-0.011329325149604275,0.00018681453991934422,var_CentExe,-0.09024945670410503,DorsSal,0.30829848825989065,2,0.11450627211321969,0.4710195546234002
926,9777,0.01959318637274549,0.7819250782376005,0.03211997111245863,5.132563495510685e-05,0.010060776652722881,-0.004211561777011319,-0.010985878195207688,0.0,var_DefaMod,-0.07159060813490993,DefaultMode,0.7382632709420067,3,0.10678122123350721,0.7819250782376005
928,155,0.00031062124248496995,0.001198796803094847,6.902710253511953e-05,5.883106013780388e-05,0.015272483827533483,0.019136682618222545,-0.011332627716336807,0.0002922646757994449,netfc_Visu__DefaMod,0.1366605189047385,DefaultMode,0.36129032258064514,8,0.17419354838709677,0.001198796803094847
929,276,0.0005531062124248497,0.0012109511131606825,6.178148924374133e-05,0.00013938733045606194,0.01883797908198701,0.015154968013490588,-0.011432421965054784,0.0002854889704263179,var_Sens,0.1563477553273719,Sensorimotor,0.2753623188405797,6,0.17753623188405798,0.0012109511131606825
931,135,0.0002705410821643287,0.058376329955464816,0.002971749602786588,3.0503746086138328e-05,0.010114384859563846,-0.011312355974798516,-0.0077356211875503345,0.0,falff_DorsSal,0.036275282374406345,DorsSal,0.8592592592592593,4,0.16296296296296298,0.058376329955464816
933,109,0.00021843687374749498,0.0010460909898501718,1.0985431465713378e-05,6.955110424359277e-05,0.011174822040320588,-0.002596973792085455,-0.015464349217592321,0.0,ac1_DefaMod,-0.08294747429309184,CentExe,0.28440366972477066,0,0.22018348623853212,0.0010460909898501718
936,60,0.00012024048096192385,0.0008504996231346245,7.817673343617224e-06,0.00033737773550315863,0.021853169313090785,-0.008591481437918436,-0.026694745109184126,0.0,var_Subc,0.04437322934948376,DefaultMode,0.25,3,0.5833333333333334,0.0008504996231346245
937,3010,0.006032064128256513,0.34103499304014295,0.007782392650398034,0.00030481879107637384,0.0104381879399103,-0.007614219417546364,-0.015487233323496996,0.0,var_Sens,0.09351000670460649,CentExe,0.7013289036544851,6,0.132890365448505,0.34103499304014295
938,1862,0.0037314629258517035,0.0014348355172046242,8.108045020214794e-05,0.008896620379136315,0.012819114933019396,0.016750611616720312,-0.017528088104591166,0.0002147280155131075,ac1_Sens,-0.16964089481148106,CentExe,0.30343716433942,7,0.44575725026852847,0.008896620379136315
939,788,0.0015791583166332665,0.001980538184307427,0.0002938503643527618,0.002444312302157067,0.011258069891860591,0.017951451109611383,-0.012956441867898238,0.00020209869125232331,ac1_DorsSal,-0.149003695258998,CentExe,0.3616751269035533,9,0.37944162436548223,0.002444312302157067
940,1401,0.002807615230460922,0.1640346272335407,0.007670291878265592,4.219462537304289e-05,0.011037092880693152,0.017076788055076064,-0.014277104008592056,0.00018847809586778588,var_DorsSal,-0.12265684030989825,Sensorimotor,0.7566024268379729,4,0.11420413990007137,0.1640346272335407
941,312,0.000625250501002004,0.0020596051655813645,7.502691056899955e-05,0.0006558187399285648,0.012849654132127733,-0.003810325986215002,-0.017049137649040924,0.0,var_Visu,0.0818431997417342,CentExe,0.38461538461538464,1,0.33653846153846156,0.0020596051655813645
942,156,0.000312625250501002,0.0012154743129906649,3.231607547385743e-05,0.00029907235087594305,0.02411436531334847,0.0063627620173543065,-0.01527198674430097,0.00015343396768837983,netfc_DefaMod__Subc,0.14896631403550503,DefaultMode,0.2564102564102564,1,0.28846153846153844,0.0012154743129906649
943,491,0.0009839679358717435,0.0014031230836635382,9.904128900532923e-05,0.0002814924703169749,0.011196677968492422,-0.008193903636400046,-0.01061503727751334,0.0,var_Sens,0.08784213429166388,DefaultMode,0.3095723014256619,5,0.21792260692464357,0.0014031230836635382
946,2148,0.004304609218436874,0.0016031120025734697,1.2694106344583322e-05,0.0004392162376919677,0.02312234245639768,0.11066396363559639,-0.020283313581262563,0.0025588100647645994,slope_Sens,-0.2714786390008571,CentExe,0.271415270018622,5,0.16154562383612664,0.0016031120025734697
948,1149,0.002302605210420842,0.007376220585515227,0.0007303914038951834,0.0004647790152691818,0.012992137460029293,0.033310626504208796,-0.015989166168036695,0.0004327762384223757,falff_DefaMod,0.1215714133297717,Visual,0.3394255874673629,5,0.17580504786771106,0.007376220585515227
949,2463,0.004935871743486974,0.16197058352055999,0.010494404416862325,8.840255020636831e-05,0.011095170235745222,0.040283293708545886,-0.014765334679410103,0.00044695000135284107,var_Subc,-0.17333720851345885,VentSal,0.4348355663824604,3,0.11124644742184328,0.16197058352055999
950,3093,0.006198396793587174,0.002697123945998818,0.00016323541721623502,0.0012023866825468337,0.021708835932110215,0.03949763848195176,-0.015574622210223321,0.0008574477535104935,ac1_Sens,0.18504579019790265,CentExe,0.27578402845134176,5,0.1946330423537019,0.002697123945998818
951,197,0.0003947895791583166,0.002088873264298751,0.00018254384651533278,0.0003457110881821576,0.014878195277430487,-0.013411996541548232,-0.011662840077869774,0.0,var_CentExe,0.04779136575597602,Sensorimotor,0.27411167512690354,3,0.3401015228426396,0.002088873264298751
953,2883,0.005777555110220441,0.25994185872714837,0.020724405218726868,7.486463580377175e-05,0.012514572608960309,0.11144706051415354,-0.01137999815144286,0.0013947123308595678,var_Sens,-0.29660454282791376,Sensorimotor,0.8890045091918141,6,0.11272979535206382,0.25994185872714837
954,111,0.00022244488977955911,0.0009624487072889909,1.7104166525318553e-05,0.0002902376260279646,0.062480416044696147,-0.009261611334610231,-0.017712578376127164,0.0,netfc_DefaMod__DefaMod,0.09804264621578687,CentExe,0.24324324324324326,8,0.36936936936936937,0.0009624487072889909
955,3680,0.007374749498997996,0.32568633322471063,0.032504686662342186,7.014422221120417e-05,0.011538893922735818,0.07185982348544095,-0.011511537883571288,0.0008291828805050232,var_Visu,-0.26201939290285703,Visual,0.9809782608695652,2,0.10978260869565218,0.32568633322471063
958,174,0.00034869739478957915,0.0017654762399337063,0.0002234467343094934,0.0007271445594317955,0.010962253350013988,-0.01625726338700817,-0.016397376141909392,0.0,var_Visu,0.04522886328521022,Visual,0.4367816091954023,4,0.39655172413793105,0.0017654762399337063
959,69,0.00013827655310621242,0.0009628304884365367,3.193877135775625e-05,0.0008141778139693212,0.022626150057157606,-0.012987910708312844,-0.014547303356685637,0.0,netfc_VentSal__DefaMod,0.09751645855630972,CentExe,0.2463768115942029,0,0.855072463768116,0.0009628304884365367
960,61,0.00012224448897795592,0.0011297428093224064,4.126019440442792e-05,4.841697983271792e-05,0.014104925181420848,0.0044776130066733755,-0.013412735246423502,6.31563964504848e-05,var_DefaMod,-0.13749933015397375,DefaultMode,0.4262295081967213,7,0.21311475409836064,0.0011297428093224064
961,175,0.0003507014028056112,0.0017703773628127374,5.178990345289743e-05,0.0004771609868052337,0.01355695887789186,0.01677432620909869,-0.01875788154937208,0.0002274088506210946,fc_mean,0.15409712257085298,DefaultMode,0.37142857142857144,5,0.4,0.0017703773628127374
962,355,0.0007114228456913828,0.0016903930308792409,7.676585523614297e-05,0.0005545360685841309,0.01902786767910848,0.03463948804977146,-0.011606808710833638,0.0006591155950831109,fc_mean,0.18972484470614784,CentExe,0.2507042253521127,0,0.28450704225352114,0.0016903930308792409
964,79,0.00015831663326653308,0.0007883419870769672,2.634474176368409e-05,5.305545008325196e-05,0.010276632103705594,-0.008918691236415865,-0.017204535484840022,0.0,netfc_Sens__VentSal,0.04915311762031666,CentExe,0.3037974683544304,5,0.24050632911392406,0.0007883419870769672
965,145,0.0002905811623246493,0.0009779160159574811,2.9776488396468054e-05,0.0005660340794653892,0.01110589111935824,-0.0084005425308471,-0.019168052725221818,0.0,netfc_Sens__Sens,-0.0553321220044787,CentExe,0.30344827586206896,3,0.41379310344827586,0.0009779160159574811
966,12223,0.02449498997995992,0.0012725036146607857,6.533203292897554e-05,0.08161152314320876,0.01396431449359695,0.08443884546109481,-0.015141906241976422,0.0011791305934949594,slope_Sens,0.25860949875142136,CentExe,0.2689192505931441,4,0.5987891679620387,0.08161152314320876
968,835,0.0016733466933867736,0.0013875694311698485,0.0001274516295514018,0.0003959218625774438,0.013917342309833814,0.048780213428492813,-0.016324136969380287,0.0006788909282310866,ac1_DefaMod,0.19148131798851695,Visual,0.23952095808383234,6,0.17724550898203592,0.0013875694311698485
969,349,0.0006993987975951904,0.001194233334499771,4.1109577710485e-05,0.00010712225720893913,0.011330727383684546,-0.015839373967377668,-0.017238857924909867,0.0,slope_DorsSal,0.04837743049064114,CentExe,0.2521489971346705,6,0.18051575931232092,0.001194233334499771
971,78,0.000156312625250501,0.00089251091815776,7.5107837433172945e-06,0.000374938923531523,0.052610818112484845,-0.06477915237381593,-0.019327175115027018,0.0,var_CentExe,-0.19244214295464532,CentExe,0.2948717948717949,9,0.5384615384615384,0.00089251091815776
972,3215,0.006442885771543086,0.031085826921944202,0.006304063113550748,0.00018550876250061929,0.024545559020920215,0.2633492831485107,-0.00900802196615258,0.006464055372638799,var_Visu,-0.36134344080692393,Visual,0.4942457231726283,3,0.13032659409020217,0.031085826921944202
973,20084,0.04024849699398798,0.5948980031235225,0.022902586697452876,0.00012702620302534754,0.011477830233993966,0.04432843303574119,-0.013303838451007133,0.0005087942289232071,ac1_DefaMod,0.1558056745970518,CentExe,0.4231228838876718,3,0.10889265086636128,0.5948980031235225
974,189,0.0003787575150300601,0.0018538899223880724,9.770810265569495e-05,0.00031274181272825867,0.01906659413234621,-0.004038466859837664,-0.011477709489554844,0.0,var_Sens,-0.08508803737918832,CentExe,0.2275132275132275,5,0.32275132275132273,0.0018538899223880724
975,127,0.00025450901803607213,0.0017835112211514355,0.00018606169137404876,0.0007476538244116322,0.014532894889819216,-0.011351780338265227,-0.007596169269114439,0.0,falff_Sens,0.055067224120529126,Visual,0.47244094488188976,5,0.5590551181102362,0.0017835112211514355
976,168,0.0003366733466933868,0.0019801339414104433,0.00020926230592716643,0.0001339789337025135,0.010839681405137708,-0.013260332025634591,-0.020601625318486416,0.0,var_DefaMod,0.05676939301783307,Sensorimotor,0.4107142857142857,5,0.23214285714285715,0.0019801339414104433
978,464,0.0009298597194388777,0.0015504412946942834,0.00010551061915620361,0.00039047902697485096,0.011385822545341583,-0.01497241682911743,-0.011594012407994958,0.0,netfc_Visu__DefaMod,-0.0402797277040444,CentExe,0.2349137931034483,5,0.20905172413793102,0.0015504412946942834
979,104,0.00020841683366733466,0.0008989571216893049,3.51266973653513e-05,0.00043729339218904714,0.013668019179293776,-0.012123070348080578,-0.015614766413470704,0.0,netfc_VentSal__DefaMod,-0.06150254868854609,DefaultMode,0.25961538461538464,4,0.5,0.0008989571216893049
980,460,0.0009218436873747494,0.0011212110365917943,2.7218295370694662e-05,0.0021248508321795143,0.027288937019725547,0.050906778877395364,-0.01731348590105708,0.0013891918826623368,fc_mean,0.2519783546485973,DefaultMode,0.2782608695652174,5,0.48695652173913045,0.0021248508321795143
982,472,0.0009458917835671343,0.0011799148461490404,1.956730659585254e-05,0.003513026032765533,0.030942305683723942,-0.010865072748556859,-0.019693678230329636,0.0,netfc_DorsSal__CentExe,0.08501036152908241,CentExe,0.2521186440677966,9,0.6652542372881356,0.003513026032765533
985,4194,0.008404809619238477,0.006901882186569487,0.0005702382045687327,0.00022901085002195832,0.015222561619998102,0.0009580161185390734,-0.01367871466704007,1.4583459397412451e-05,falff_DorsSal,0.07033531568421127,CentExe,0.2985216976633286,0,0.12041010968049595,0.006901882186569487
986,109,0.00021843687374749498,0.0010590264877564685,2.172322571380916e-05,6.474147239657725e-05,0.010977705677386037,-0.012626461433402403,-0.017532942547572983,0.0,ac1_CentExe,0.049662315875888874,CentExe,0.26605504587155965,5,0.21100917431192662,0.0010590264877564685
988,2651,0.005312625250501002,0.0030231323887442594,0.0004823835215428298,0.00034709247395930135,0.02554412188729338,-0.008003981034498286,-0.013437209227042501,0.0,netfc_DorsSal__DorsSal,0.08226267600159863,CentExe,0.3036589966050547,5,0.14032440588457187,0.0030231323887442594
989,138,0.00027655310621242483,0.001465715835147149,3.8669630338551454e-05,0.00016786800768431534,0.012107908933100342,-0.004239240485414353,-0.013888061288981346,0.0,netfc_DorsSal__DorsSal,-0.05041827173978531,CentExe,0.3333333333333333,3,0.2246376811594203,0.001465715835147149
990,867,0.0017374749498997996,0.001998307259110543,0.0006633944341158986,0.0036790916382575803,0.04223336584462005,0.052835983623376714,-0.016964720331880123,0.0022314414261264226,fc_mean,0.19663599832655393,Visual,0.3552479815455594,4,0.49480968858131485,0.0036790916382575803
991,81,0.0001623246492985972,0.0011548809147306591,1.3598724685660404e-05,0.0003930825923528895,0.010558619203590292,-0.007044092950466707,-0.012107758727818219,0.0,netfc_Sens__DefaMod,0.08457208255713046,CentExe,0.3333333333333333,4,0.5061728395061729,0.0011548809147306591
992,235,0.00047094188376753507,0.0010943857670499136,3.2640139733644136e-05,0.0003349590956254191,0.012509385563654938,-0.016333953808886248,-0.017011919789415186,0.0,netfc_VentSal__DefaMod,0.06760882971195811,CentExe,0.26382978723404255,2,0.25957446808510637,0.0010943857670499136
994,98,0.00019639278557114228,0.0009211668833256716,3.664656439413738e-05,2.742364428204111e-05,0.7816762545718065,-0.02153269025359572,-0.008944330653282151,0.0,netfc_Visu__Subc,0.06842574526865249,Sensorimotor,0.24489795918367346,7,0.14285714285714285,0.0009211668833256716
998,135,0.0002705410821643287,0.0010341677325905018,6.898061887553279e-05,0.00023044606739696316,0.14043550337719116,-0.013193639008336921,-0.01711702004476212,0.0,netfc_Sens__DefaMod,0.06857951663298315,Visual,0.28888888888888886,4,0.2814814814814815,0.0010341677325905018
1000,55,0.00011022044088176352,0.0010532629211896394,9.343702296280494e-06,0.00039148491990121824,0.011095243445503663,-0.015779296500709528,-0.009315372931375743,0.0,netfc_Visu__DefaMod,0.036963749094098615,CentExe,0.34545454545454546,0,0.6363636363636364,0.0010532629211896394
1001,63,0.00012625250501002003,0.001046874805127773,1.3071859204325577e-05,9.993156047844705e-05,0.0166074945038993,-0.014883477836102,-0.014313266828807292,0.0,netfc_DefaMod__DefaMod,0.07618459942452233,DefaultMode,0.36507936507936506,8,0.31746031746031744,0.001046874805127773
1002,68,0.00013627254509018035,0.0014927475306647947,3.606366920954798e-05,0.00016500665892934927,0.010089933924018456,-0.014386246186901985,-0.014794311756406664,0.0,ac1_CentExe,0.06720712795020935,DefaultMode,0.38235294117647056,3,0.35294117647058826,0.0014927475306647947
1003,157,0.0003146292585170341,0.0011039661436442114,3.9654447524877714e-05,0.00032637299387529235,0.010983465469894396,-0.007671353361290656,-0.0183920394539423,0.0,var_Sens,0.0475130133650882,DefaultMode,0.3057324840764331,7,0.3630573248407643,0.0011039661436442114
1004,434,0.0008697394789579159,0.0014502370185202795,3.7973150362402295e-05,9.449108215955363e-05,0.01260413041427895,0.070970003410595,-0.015163670034968213,0.0008945151784889613,ac1_DorsSal,-0.24879585285004482,DefaultMode,0.26497695852534564,7,0.15207373271889402,0.0014502370185202795
1006,155,0.00031062124248496995,0.001559612716709948,9.373402128472391e-05,0.00015889296642120985,0.01050416079852643,-0.00846901011823542,-0.014328879024330554,0.0,slope_DefaMod,-0.06140567162655321,Sensorimotor,0.3225806451612903,0,0.24516129032258063,0.001559612716709948
1007,1633,0.0032725450901803605,0.670808471673939,0.01327228029990003,1.9822535853949193e-05,0.010182072143477376,-0.01165529221614392,-0.016206494166600915,0.0,var_Visu,-0.07328382160989658,Visual,0.9571341090018372,8,0.11818738518064911,0.670808471673939
1009,939,0.0018817635270541083,0.0012526835417400553,7.798785773142928e-05,0.00048802178475722914,0.12570122906697515,0.0023512318969638457,-0.01749244499151037,0.0002955527392698309,netfc_Sens__DorsSal,0.14124177830432783,DefaultMode,0.25559105431309903,0,0.1853035143769968,0.0012526835417400553
1010,76,0.00015230460921843687,0.0013117433830750875,5.8127474089403146e-05,5.255813412685686e-05,0.010423284009168525,-0.01672745595738645,-0.014759579252267008,0.0,var_VentSal,0.0850251862640762,CentExe,0.5,7,0.21052631578947367,0.0013117433830750875
1012,471,0.0009438877755511022,0.002342476214309326,0.00013801170113185234,9.093488391289456e-05,0.016882622120055993,0.11302766862746816,-0.011188362626882498,0.0019082034185484526,var_Sens,0.27072412759472836,Visual,0.2526539278131635,6,0.16348195329087048,0.002342476214309326
1013,251,0.0005030060120240481,0.0009050527058423368,6.4696157104199e-05,0.000586231004887214,0.14523322849977963,0.002550863981164664,-0.00747084237333806,0.0003704702114483452,netfc_CentExe__Subc,0.11553251707839697,Visual,0.26294820717131473,9,0.36254980079681276,0.0009050527058423368
1014,1376,0.00275751503006012,0.003804919048923541,0.00031059987252684065,0.0004420110404636489,0.01249936637245584,0.00028550957077055905,-0.014798878986692188,3.5686887279038266e-06,netfc_Sens__CentExe,-0.05802486930242947,Visual,0.23909883720930233,2,0.17369186046511628,0.003804919048923541
1016,92,0.0001843687374749499,0.0007234240081282414,3.0140062425721757e-06,0.00014657620279479397,0.11739721766081278,-0.01899691155226324,-0.012323671955683624,0.0,netfc_CentExe__CentExe,0.04875751538334234,DefaultMode,0.25,7,0.32608695652173914,0.0007234240081282414
1017,381,0.0007635270541082165,0.0011000397688278253,3.249267119720053e-05,0.00121318425310583,0.012261656700477911,0.005245205621932425,-0.012916321350533,6.431491065955213e-05,ac1_DorsSal,-0.12891646334635412,CentExe,0.2677165354330709,5,0.3543307086614173,0.00121318425310583
1018,269,0.0005390781563126253,0.0012488772446910155,1.7718631131914612e-05,0.0004803680808365509,0.013595438750988823,0.018169752096520053,-0.014106737640303901,0.00024702575174888916,slope_VentSal,-0.1523588271419429,DefaultMode,0.27137546468401486,0,0.31970260223048325,0.0012488772446910155
1019,172,0.000344689378757515,0.0009455137875259546,2.249259147032637e-05,9.77409487869428e-05,0.08227666261141314,-0.018312492508416378,-0.01570800968598496,0.0,netfc_Visu__DefaMod,0.06635616697069559,CentExe,0.25,4,0.18023255813953487,0.0009455137875259546
1020,51,0.00010220440881763527,0.000858636348956527,9.430394572115823e-06,2.2840461506530675e-05,0.01082721297649013,-0.007645444097482468,-0.020036259614646612,0.0,falff_CentExe,-0.04630109490125776,DefaultMode,0.3137254901960784,7,0.1568627450980392,0.000858636348956527
1022,112,0.00022444889779559118,0.0007910085025543286,2.9259054342295528e-05,0.0007963987190342614,0.013386240406453653,-0.015019057329367813,-0.010328564383190963,0.0,netfc_CentExe__Subc,0.03616179802354656,Visual,0.24107142857142858,3,0.6160714285714286,0.0007963987190342614
1023,150,0.0003006012024048096,0.001277139999501145,8.636883078277552e-05,0.0007499902961340415,0.05873192997269749,-0.0061513786553595295,-0.020360164524971136,0.0,fc_mean,0.07851324600968476,Visual,0.32,4,0.5466666666666666,0.001277139999501145
1024,31299,0.06272344689378757,0.05130160213684432,0.0017673607023115095,0.003783406311652754,0.01937035320154383,0.3138510324209485,-0.012987856595336744,0.006079405350662956,netfc_Sens__Sens,-0.40596282086177155,DefaultMode,0.2778363525991246,3,0.1352758874085434,0.05130160213684432
1025,753,0.0015090180360721444,0.0013834652961479334,0.00015950620358790114,0.0014380962296014824,0.01828590196301638,0.027896476662893188,-0.013085560086580461,0.0005101122373712392,slope_Visu,-0.1622351885483574,Visual,0.2589641434262948,2,0.30810092961487384,0.0014380962296014824
1026,65,0.00013026052104208417,0.000995398777848831,4.701523525593552e-05,0.00027817048856405553,0.10541984826948728,-0.011275426382743703,-0.011935427640233032,0.0,var_DefaMod,-0.03694473433294433,CentExe,0.4153846153846154,9,0.5384615384615384,0.000995398777848831
1027,279,0.0005591182364729459,0.027454462198479475,0.0008657793372113119,4.989524515164904e-05,0.01013906474245076,-0.013228357866672535,-0.0134008821316558,0.0,var_Visu,0.04371389186640964,Sensorimotor,0.4910394265232975,0,0.15770609318996415,0.027454462198479475
1028,139,0.0002785571142284569,0.0013603674471673963,5.934868123102961e-05,0.00029343106120298753,0.019404305124421033,0.0005782066337547409,-0.015651666348382998,1.1219697946341354e-05,var_Visu,0.13671401961701987,CentExe,0.39568345323741005,8,0.31654676258992803,0.0013603674471673963
1030,398,0.0007975951903807615,0.00212634042176978,6.225208226524232e-05,0.0013576708251910414,0.01226110798412827,0.011167347966754448,-0.019733662713869338,0.00013692405931671158,ac1_DorsSal,0.16079057469939367,DefaultMode,0.3341708542713568,8,0.44974874371859297,0.00212634042176978
1032,117,0.0002344689378757515,0.0013728174498372995,0.00016175501864186092,3.293464014940904e-05,0.014193610821203708,-0.014480959648924374,-0.008787357965992726,0.0,var_Subc,-0.14057102816672545,CentExe,0.5726495726495726,6,0.19658119658119658,0.0013728174498372995
1033,94,0.00018837675350701403,0.001015459066640875,2.553777511714621e-05,7.771355595958442e-05,0.016786191368723263,-0.011504568030131779,-0.015269415311406132,0.0,falff_DorsSal,-0.05215515953471123,CentExe,0.35106382978723405,6,0.22340425531914893,0.001015459066640875
1034,341,0.0006833667334669339,0.03684127346841672,0.002711239188574769,0.00016570538767075464,0.01043861464312628,0.022500042640587248,-0.016538765435090585,0.00023486927457899975,fc_sd,-0.17407244831129765,Sensorimotor,0.9178885630498533,4,0.16129032258064516,0.03684127346841672
1035,977,0.0019579158316633265,0.0014077068100843797,0.00010900850518537068,0.005367412808628536,0.01120928437525173,-0.005612657633285112,-0.01487228877074065,0.0,var_CentExe,0.09435301652326378,DefaultMode,0.27635619242579323,4,0.5209825997952917,0.005367412808628536
1036,441,0.0008837675350701403,0.0019499308947629782,0.0001654227284253104,0.0007173609070584132,0.01984222115372001,-0.01090041113062723,-0.01010319821543959,0.0,slope_CentExe,-0.06724806376453041,Visual,0.2766439909297052,8,0.2925170068027211,0.0019499308947629782
1037,3410,0.006833667334669339,0.0049096389605322545,0.0010557252263349495,0.000957245205300094,0.021624552316430675,0.12962658298431118,-0.013927423477906098,0.0028031168253443792,netfc_Visu__DefaMod,0.2525050727228213,CentExe,0.3715542521994135,3,0.16011730205278593,0.0049096389605322545
1038,102,0.00020440881763527055,0.0010778896089563396,3.667350847711636e-05,0.0001578864455898378,0.038069306895771086,-0.004774788340956793,-0.01360106632721858,0.0,fc_mean,0.11181872363746913,Visual,0.29411764705882354,5,0.2549019607843137,0.0010778896089563396
1039,549,0.0011002004008016032,0.0021524218240924604,0.0001515924160375717,0.0010648798189868008,0.013358908819266418,-0.006226871403713918,-0.01724287176939221,0.0,falff_Sens,-0.07798088348051528,DefaultMode,0.2604735883424408,6,0.28051001821493626,0.0021524218240924604
1041,78,0.000156312625250501,0.0008539341520329161,1.0880221171190533e-05,0.00013543019628900057,0.22490619646569965,-0.013315738781254804,-0.017388018817964035,0.0,var_DorsSal,-0.032606532881667885,CentExe,0.24358974358974358,7,0.21794871794871795,0.0008539341520329161
1043,13049,0.026150300601202405,0.8429939194107184,0.03084619536284739,3.6750590202809774e-05,0.010028020141210056,-0.007447044675009229,-0.00943865689296719,0.0,ac1_DorsSal,0.0489820585268463,Sensorimotor,0.3863131274427159,7,0.10299639819143229,0.8429939194107184
1045,19916,0.03991182364729459,0.003232053812841853,0.00012422955193871102,0.1376514471008896,0.016407980049094363,0.030559526403475368,-0.0090366897823011,0.0005014200995379963,slope_Sens,0.17725105585848883,CentExe,0.2525105442860012,3,0.48764812211287406,0.1376514471008896
1047,182082,0.3648937875751503,0.004885280757398446,0.0008304957345107693,0.0028450441721201837,0.23124097236507082,-0.0027674258079999348,-0.01623647352117974,0.0,falff_Visu,0.07826530470866017,CentExe,0.26287606682703396,4,0.11058753748311201,0.004885280757398446
1049,98,0.00019639278557114228,0.0011186092756691349,4.35839128766659e-05,0.0003622088409141507,0.05471446791217251,-0.01323559381856465,-0.013195322675623178,0.0,var_DefaMod,-0.21976303814927314,Sensorimotor,0.2653061224489796,3,0.42857142857142855,0.0011186092756691349
1050,102,0.00020440881763527055,0.001300856618045729,2.9099460259794833e-05,0.00022221094022730696,0.010819095850499626,-0.008780258524757167,-0.011814259444548503,0.0,falff_DefaMod,-0.019887443755099574,CentExe,0.21568627450980393,3,0.3137254901960784,0.001300856618045729
1051,597,0.0011963927855711423,0.001475847331401625,0.0002456864717174635,0.006455510236531686,0.04467046466193816,0.07306812672731,-0.012816858261843755,0.00326398717288632,var_DefaMod,-0.18280860996088108,Sensorimotor,0.304857621440536,0,0.8107202680067002,0.006455510236531686
1052,89,0.0001783567134268537,0.0013409970187935468,6.89742357750196e-05,0.0002029483104408847,0.011143747401905345,-0.010381247319993347,-0.009999445010402397,0.0,var_VentSal,0.08109831980598009,CentExe,0.24719101123595505,5,0.34831460674157305,0.0013409970187935468
1054,317,0.0006352705410821644,0.0025773218661030903,5.6988084428482045e-05,0.001614247606657775,0.011088185677549475,0.023577665526299585,-0.011432082507143448,0.0002614335331987671,ac1_Sens,-0.1728415565426084,CentExe,0.277602523659306,5,0.4384858044164038,0.0025773218661030903
1056,135,0.0002705410821643287,0.0010584411252894444,5.4443291180849594e-05,0.00035742747143169317,0.010759985213680035,-0.0034264611062884143,-0.013032793970836343,0.0,ac1_CentExe,0.09033462060807952,Sensorimotor,0.2962962962962963,6,0.34074074074074073,0.0010584411252894444
1059,213,0.00042685370741482966,0.001319427754908272,3.3688695137072504e-05,0.0003486386161606928,0.01526713935415427,-0.0033658327169696634,-0.013406095571259158,0.0,ac1_Sens,0.11498106289566794,Sensorimotor,0.22535211267605634,3,0.28169014084507044,0.001319427754908272
1060,4015,0.008046092184368737,0.0047112875274814454,0.00048452023240890414,0.0018411847517817593,0.01767714153116801,0.07408821205724048,-0.011438603424303917,0.0013096678103270282,ac1_CentExe,0.24596765005438873,CentExe,0.26077210460772104,4,0.22092154420921545,0.0047112875274814454
1061,347,0.0006953907815631262,0.001649436746864002,0.0003348624321158601,0.0008606337491503798,0.011394097953101654,-0.005108749636872689,-0.016911660094265812,0.0,var_Sens,0.12356974151035915,Sensorimotor,0.38904899135446686,5,0.3804034582132565,0.001649436746864002
1062,64,0.0001282565130260521,0.0009372813418861838,5.934418961669075e-05,0.00018153689600530228,0.01718180936338767,-0.008637969627125042,-0.008131113583415228,0.0,netfc_Sens__DorsSal,0.09576215924722166,Sensorimotor,0.34375,0,0.421875,0.0009372813418861838
1063,171990,0.3446693386773547,0.00446083516333501,0.000573316230437787,0.007749656737102487,0.24868117921016109,0.015710421767458183,-0.017529950426063534,0.003906886211020484,slope_Sens,-0.15206825937151464,CentExe,0.2518925518925519,2,0.11339612768184197,0.007749656737102487
1064,74,0.00014829659318637273,0.001068249962308501,9.726389809373675e-06,2.8945744552130017e-05,0.010123027228880269,-0.009299629294592382,-0.01610294737484841,0.0,slope_DorsSal,0.03235926450764124,CentExe,0.33783783783783783,0,0.1891891891891892,0.001068249962308501
1065,276,0.0005531062124248497,0.0016148834604603265,5.1427517319721844e-05,7.54736657387701e-05,0.010935250642673562,-0.011473894374266491,-0.0184162839418911,0.0,slope_DefaMod,-0.06584761270621946,CentExe,0.29347826086956524,2,0.16666666666666666,0.0016148834604603265
1067,154,0.0003086172344689379,0.0011628206401593072,1.4976801276940568e-05,4.754319768736794e-05,0.015867365278591453,0.022692630363797206,-0.016698992607078855,0.0003600722551144259,falff_DefaMod,0.16894564098342274,CentExe,0.2857142857142857,5,0.15584415584415584,0.0011628206401593072
1068,162,0.0003246492985971944,0.001050524005395466,7.387270994029431e-05,0.0007775098103178227,0.015959139723773882,-0.013665566346704683,-0.015117284790295837,0.0,falff_Visu,0.07044451758437824,Sensorimotor,0.30864197530864196,6,0.42592592592592593,0.001050524005395466
1069,78,0.000156312625250501,0.0009723279292435813,5.443488972199609e-05,6.51311716947728e-05,0.015704265565222926,-0.017810136813479316,-0.012662064192572098,0.0,var_Subc,0.028342720946003288,CentExe,0.3076923076923077,0,0.1794871794871795,0.0009723279292435813
1071,290,0.0005811623246492986,0.0034760815212879284,0.00011775839917348252,0.0010467277864554662,0.01851146533029247,0.01597802335797971,-0.012935628644933583,0.00029577662543784467,netfc_Sens__Sens,0.1288724331835159,Sensorimotor,0.28620689655172415,3,0.38620689655172413,0.0034760815212879284
1074,314,0.0006292585170340682,0.0019384682738807699,0.00013096154128002945,0.0012621080758470928,0.011362076167158435,-0.01333246729718085,-0.015442972806874122,0.0,var_CentExe,-0.05099280904918589,CentExe,0.3471337579617834,4,0.445859872611465,0.0019384682738807699
1075,82268,0.16486573146292585,0.004637961513284566,0.0012021397467704875,0.008893089240729284,0.21918206381565375,0.025566724997875823,-0.015355151265764144,0.005603767550041688,netfc_Sens__DefaMod,0.12921473781802953,CentExe,0.24449360626245928,2,0.12488452375164098,0.008893089240729284
1077,262,0.0005250501002004008,0.0011372488995538446,3.7580866214578265e-05,0.00015343949854354686,0.25239865272535517,-0.013265332817144593,-0.013109474367196672,0.0,netfc_Sens__VentSal,0.05058101546790386,CentExe,0.2633587786259542,2,0.22519083969465647,0.0011372488995538446
1078,113,0.00022645290581162325,0.002380947473618453,0.00022617321524269187,0.00011733067132157647,0.01157616490464919,-0.010805960734928899,-0.012878283582033578,0.0,ac1_Sens,0.12104853465718483,CentExe,0.36283185840707965,6,0.21238938053097345,0.002380947473618453
1079,801,0.0016052104208416833,0.02627895581971504,0.0010276427940234297,0.00019522158449367707,0.011527281721010078,0.0058106147068016645,-0.016878471996755406,6.698059269754717e-05,ac1_Sens,0.13172077788296266,CentExe,0.5717852684144819,0,0.16229712858926343,0.02627895581971504
1080,4982,0.009983967935871743,0.006377072171599436,0.0008249576481816227,0.0007167256063429386,0.028118411698276634,0.11684342458132946,-0.013506134544038595,0.0032854515166143576,var_Sens,-0.20297811338884078,CentExe,0.31754315535929345,3,0.1567643516659976,0.006377072171599436
1081,483,0.0009679358717434869,0.005232661171559509,0.0009056433761061076,0.007412693108287671,0.0129911484593713,-0.0004685435387943304,-0.01802434288405963,0.0,var_Visu,-0.0873709913893235,Visual,0.37060041407867494,0,0.9585921325051759,0.007412693108287671
1082,3126,0.006264529058116233,0.006323867504008266,0.0013651112727912735,0.00014638452508453138,0.03273284083468504,0.12081509706826998,-0.018941871924136766,0.003954621342762705,netfc_DorsSal__DefaMod,0.28818364822053566,CentExe,0.3915547024952015,9,0.13787587971849008,0.006323867504008266
1083,15774,0.03161122244488978,0.002525994698930153,0.0002666470147116575,0.08764115637800153,0.014048512314110195,0.05549684621756512,-0.014848976944030978,0.0007796481274817435,fc_sd,-0.2330907904475514,CentExe,0.26467604919487764,2,0.498668695321415,0.08764115637800153
1084,234,0.000468937875751503,0.0015026868036097374,0.00014005865240734444,7.65604015202177e-05,0.011848291379876034,0.006623207175306622,-0.014477914718403762,7.847368848231855e-05,ac1_Visu,-0.13163509585348565,CentExe,0.3888888888888889,6,0.1581196581196581,0.0015026868036097374
1092,610,0.001222444889779559,0.0014317398250754687,0.00011350273541998934,0.003679081609991409,0.012793199452406265,0.02161934231947027,-0.014521728053012106,0.00027658055832283063,ac1_Sens,0.17037423375690072,Visual,0.21147540983606558,5,0.521311475409836,0.003679081609991409
1093,88,0.00017635270541082164,0.0013591830447794095,5.9992333338408834e-05,0.0003009167389727653,0.012721472916162874,-0.010859838911442043,-0.015237091050532836,0.0,netfc_Visu__VentSal,0.06919584113582104,CentExe,0.4090909090909091,6,0.45454545454545453,0.0013591830447794095
1094,50375,0.10095190380761523,0.0028671050773255036,0.00010941970186873548,0.23426547351239907,0.01868478937611267,0.014164215730615104,-0.01425455620737237,0.00026465538760436503,netfc_Sens__DorsSal,-0.12881583495978016,CentExe,0.2626104218362283,8,0.4320397022332506,0.23426547351239907
1095,187,0.000374749498997996,0.001277496527975352,0.00010899731150397087,0.0004154043052272816,0.011098169341022493,-0.006276623498141509,-0.012919985795070366,0.0,ac1_DefaMod,-0.09923593087760936,CentExe,0.42245989304812837,3,0.3155080213903743,0.001277496527975352
1097,63,0.00012625250501002003,0.0007745015616773691,1.8416287658124515e-06,9.814498735987205e-05,0.4773257649086223,-0.02068468912897581,-0.016639865355365213,0.0,netfc_CentExe__CentExe,0.02662619706503489,CentExe,0.2857142857142857,8,0.23809523809523808,0.0007745015616773691
1098,124,0.0002484969939879759,0.001050733479778852,6.912943053712236e-05,0.0001190467905934024,0.010240064023582823,-0.005827092776879539,-0.017706426484016546,0.0,var_VentSal,0.060727437052377785,Sensorimotor,0.33064516129032256,5,0.24193548387096775,0.001050733479778852
1099,1456,0.0029178356713426856,0.0020926489203355954,0.00016378683339235303,0.007451858205328738,0.01733402487006394,0.13360700664568337,-0.017820602631581473,0.002315947176011074,ac1_Visu,-0.3386757598066539,CentExe,0.29945054945054944,9,0.4423076923076923,0.007451858205328738
1100,532,0.0010661322645290582,0.0012899560758386588,4.9226741890399516e-05,0.0038062433299290133,0.01302501867881845,-0.006860483189707889,-0.01827334750089782,0.0,falff_Sens,0.07845202592130407,CentExe,0.22932330827067668,0,0.5695488721804511,0.0038062433299290133
1101,854,0.0017114228456913828,0.0017822191295752776,6.209265349196173e-05,0.0002427232616983507,0.03235528227698529,0.027951314326837617,-0.007039810574581251,0.0009043726650575741,fc_mean,0.20500668400983224,DefaultMode,0.23770491803278687,1,0.1756440281030445,0.0017822191295752776
1104,257,0.0005150300601202405,0.0053375116901480165,0.0002572671250634593,0.00036247557466303186,0.010338351415863374,-0.008989339323465684,-0.017698066306299776,0.0,ac1_CentExe,0.04751354381600552,DefaultMode,0.5058365758754864,2,0.29571984435797666,0.0053375116901480165
1105,157,0.0003146292585170341,0.0013184748432954175,7.55554895354889e-05,0.0007002537093224835,0.020583572619627136,0.002759987947810405,-0.012731832263083165,5.681041235305114e-05,var_DefaMod,-0.0936074748310753,DefaultMode,0.3375796178343949,9,0.4840764331210191,0.0013184748432954175
1107,127,0.00025450901803607213,0.001081341835081186,2.4769192566735435e-05,0.0003010092975395969,0.011117038777029494,-0.015498683455757334,-0.011598102469326577,0.0,netfc_DorsSal__Subc,-0.033063763040656495,CentExe,0.2992125984251969,3,0.30708661417322836,0.001081341835081186
1108,98,0.00019639278557114228,0.0015376727132436559,0.00013207168405721714,0.0004687095013970549,0.014591522969478177,-0.014662914962991325,-0.017217607862829887,0.0,ac1_DorsSal,-0.04804290678552345,Visual,0.41836734693877553,0,0.4897959183673469,0.0015376727132436559
1111,1069,0.0021422845691382764,0.002076343525788823,0.00015620264791698252,0.001370363990483521,0.019382192450302663,0.008489736444808993,-0.01857401053072083,0.00016454970562563624,var_DefaMod,-0.11059806641091088,CentExe,0.27128157156220767,8,0.2600561272217025,0.002076343525788823
1113,240,0.0004809619238476954,0.0019067190102219557,4.9544018664546876e-05,0.00010940794895066531,0.016215123644905655,0.05849875911416502,-0.019796846685376845,0.0009485646121097374,fc_sd,0.20946693060770366,DefaultMode,0.325,0,0.1875,0.0019067190102219557
1114,142,0.0002845691382765531,0.0010600884085717056,3.859732103690615e-05,0.0006400210266418342,0.01673670318858735,-0.01496346267554527,-0.013461587371958128,0.0,netfc_VentSal__Subc,0.016567122843381046,Sensorimotor,0.2676056338028169,2,0.4788732394366197,0.0010600884085717056
1115,167,0.0003346693386773547,0.0010009566121196897,6.0097209857902503e-05,0.0021967086079839582,0.04893722364713985,-0.009198332101680196,-0.036958791817100156,0.0,netfc_Visu__Visu,0.06835383452476745,Visual,0.31137724550898205,0,0.9341317365269461,0.0021967086079839582
1116,806,0.0016152304609218437,0.004863484760293223,0.0005513547445003763,0.00031534562097531676,0.012498555711762444,0.028474200003936967,-0.017587998085403678,0.00035588637509707257,var_DefaMod,0.15936459704949824,CentExe,0.45409429280397023,4,0.1774193548387097,0.004863484760293223
1118,187,0.000374749498997996,0.002806003728499546,0.00014329582710692702,7.281593088363043e-05,0.011723070470548106,-0.015383693772613949,-0.01264079531816531,0.0,falff_CentExe,0.042926945179467914,DefaultMode,0.48128342245989303,3,0.20320855614973263,0.002806003728499546
1120,378,0.0007575150300601202,0.0016304868133852914,0.00011146328044918034,0.00016398760453607074,0.013531294699580799,-0.007884996712959724,-0.01695915278578264,0.0,slope_CentExe,-0.06199161605320523,Visual,0.2619047619047619,3,0.1931216931216931,0.0016304868133852914
1121,164,0.0003286573146292585,0.0018395735781590718,0.00014518339846513348,0.00036684785562430595,0.013590630306963553,0.0110314983320291,-0.020805604273296918,0.00014992501556249256,slope_Sens,-0.14968095294457082,CentExe,0.4451219512195122,7,0.3170731707317073,0.0018395735781590718
1123,127,0.00025450901803607213,0.004185196477652248,0.00011903388967914292,0.000598311805735055,0.010511170550249275,-0.007827622661648492,-0.019142420686568462,0.0,fc_mean,0.11535872445518776,CentExe,0.49606299212598426,5,0.5196850393700787,0.004185196477652248
1124,89,0.0001783567134268537,0.0010198442610805654,2.0217435900669106e-05,0.00011411905545496925,0.011351169651320613,-0.011027810303961383,-0.01663397709244485,0.0,netfc_Sens__DefaMod,0.08987044746339636,DefaultMode,0.2696629213483146,6,0.23595505617977527,0.0010198442610805654
1125,186647,0.3740420841683367,0.01557857391787498,0.0012105381613803467,0.0012732295496342577,0.026499722116377904,0.16304231059945795,-0.015696752078166787,0.004320575924097811,ac1_VentSal,-0.3753486730703005,CentExe,0.2534517029472748,4,0.10525216049548078,0.01557857391787498
1126,577,0.001156312625250501,0.00238912464699477,0.00013584829583083668,1.8860351098384977e-05,0.011470114986417064,-0.009382077421537183,-0.012267688616798944,0.0,falff_Sens,-0.03987582010669319,CentExe,0.3119584055459272,6,0.1195840554592721,0.00238912464699477
1127,77,0.00015430861723446894,0.0009152667198336987,5.6525908017407444e-05,3.6976271895928264e-05,0.2857899406366672,-0.0894678763066985,-0.010016938477722004,0.0,var_DefaMod,-0.24693640880940104,Visual,0.3246753246753247,8,0.16883116883116883,0.0009152667198336987
1128,218,0.00043687374749498995,0.001922812630821455,0.00023979656215263092,0.0008802152929630651,0.01220452044043914,0.0012495189146369823,-0.018154340423602422,1.5249779134402379e-05,ac1_Sens,0.13244459466064507,Sensorimotor,0.25229357798165136,6,0.41284403669724773,0.001922812630821455
1129,36578,0.07330260521042084,0.00353183639310322,0.00015339191740687083,0.18437221721472805,0.015609142508894282,0.02191801441450869,-0.01431044945455695,0.00034212141050806523,falff_DefaMod,0.15107492904501252,CentExe,0.24714309147575045,7,0.4337306577724315,0.18437221721472805
1130,1029,0.002062124248496994,0.002510251865216331,5.828810359222517e-05,0.0021742006264376295,0.01955455285821476,-0.005300717296936819,-0.011835598758395793,0.0,var_Sens,-0.0624991280828022,CentExe,0.2575315840621963,4,0.30029154518950435,0.002510251865216331
1132,488,0.0009779559118236474,0.0018061031222200057,1.1631642756740476e-05,0.00017705644657427586,0.019851795214864427,0.02473002265785429,-0.012462059685838911,0.0004909353454626807,netfc_Sens__VentSal,0.17753559201157054,CentExe,0.23770491803278687,1,0.2192622950819672,0.0018061031222200057
1133,197,0.0003947895791583166,0.0016798418827777073,0.00010212067491684614,0.0002476690661791047,0.013692895193159572,-0.008702138871754528,-0.014921371429110764,0.0,var_DorsSal,0.08059290076006169,Visual,0.30456852791878175,6,0.233502538071066,0.0016798418827777073
1134,90999,0.1823627254509018,0.006752678882727965,0.0006544453165791119,0.010915360041820903,0.1945617650651267,0.035980709401799205,-0.014199715457620776,0.007000470329509453,var_Sens,-0.17676241441432802,CentExe,0.25339838899328565,3,0.1308695699952747,0.010915360041820903
1135,7152,0.014332665330661323,0.7840214597137593,0.00855133959179025,8.662150942873201e-05,0.009874039572145079,-0.008367319528834072,-0.015926621507349914,0.0,falff_Visu,0.036642232914853586,DefaultMode,0.4197427293064877,5,0.11185682326621924,0.7840214597137593
1136,54,0.00010821643286573147,0.005868008250761425,0.00011320189225328248,6.468970191755596e-05,0.010455926936153739,-0.008039417636271029,-0.013491077446651234,0.0,ac1_VentSal,-0.0773232886573602,CentExe,0.5555555555555556,6,0.2222222222222222,0.005868008250761425
1139,194,0.00038877755511022047,0.0014801252075931418,0.00010001706245486509,0.0002682124871560248,0.011180639124679289,-0.007723743984608289,-0.010092288761763601,0.0,netfc_DefaMod__Subc,0.05014184571460665,Sensorimotor,0.3247422680412371,4,0.27835051546391754,0.0014801252075931418
1142,74,0.00014829659318637273,0.001074831608378315,2.3282400205963636e-05,0.00021730690702824565,0.009859630476305198,-0.011175414399756223,-0.014528103722941443,0.0,var_Subc,0.03182553496884187,Sensorimotor,0.2702702702702703,5,0.36486486486486486,0.001074831608378315
1143,72,0.00014428857715430862,0.001429775592285249,5.242423612628024e-05,0.00014961120330183282,0.014281390923430533,-0.01008330518828493,-0.01825777257527772,0.0,netfc_Visu__VentSal,0.0796267660768872,DefaultMode,0.4583333333333333,8,0.375,0.001429775592285249
1144,4866,0.009751503006012024,0.0018966406387105326,0.00010784302424100137,0.0026933212851043206,0.06603127694408212,0.18810371855582864,-0.013416735977841432,0.0124207287341716,fc_mean,0.35580062207836116,DefaultMode,0.2533908754623921,9,0.2311960542540074,0.0026933212851043206
1147,70,0.00014028056112224449,0.0009158592256097943,4.1284477415199286e-05,0.00015561255294363938,0.06808679818209284,-0.022799533357218627,-0.020576400499207503,0.0,netfc_DefaMod__Subc,0.09481793593414722,Sensorimotor,0.2571428571428571,8,0.32857142857142857,0.0009158592256097943
1148,69,0.00013827655310621242,0.0009472328714632618,1.4823005128669252e-05,8.915477159340269e-05,0.01360802994427216,-0.016996653196588385,-0.016202472368115783,0.0,netfc_DorsSal__CentExe,0.06981446825748001,CentExe,0.3333333333333333,8,0.2463768115942029,0.0009472328714632618
1149,67,0.0001342685370741483,0.0009450188937398557,5.344882665985281e-05,0.00026071805697170086,0.010126754717664489,-0.008016122839064943,-0.01703471989420846,0.0,slope_Visu,0.06937427981458504,Sensorimotor,0.3880597014925373,9,0.47761194029850745,0.0009450188937398557
1150,117,0.0002344689378757515,0.001189833693755147,4.4935249887421644e-05,0.0002686129416695328,0.021057142229900926,-0.009787501737536175,-0.02380609675957901,0.0,netfc_VentSal__DefaMod,0.08993608856316458,CentExe,0.3076923076923077,9,0.358974358974359,0.001189833693755147
1151,422,0.000845691382765531,0.0020412571681759297,0.0001755198576765503,0.00044931865880520075,0.010685138581925656,0.004687850508711011,-0.017508523735692005,5.009033233692784e-05,var_Visu,0.06259829749317602,Sensorimotor,0.2985781990521327,4,0.25355450236966826,0.0020412571681759297
1152,380,0.0007615230460921844,0.0044653114966591865,0.0002736099701647491,0.0005313607469807284,0.01119321810000571,0.006069022189705731,-0.014755509435040448,6.793188902315048e-05,fc_mean,-0.10338122344402259,CentExe,0.37894736842105264,8,0.2657894736842105,0.0044653114966591865
1155,339,0.0006793587174348698,0.0015158374806062325,6.46773756692605e-05,0.000993687834553266,0.027751388499969696,0.007055720206176619,-0.01827218542874709,0.00019580603258869363,netfc_Visu__DefaMod,0.09483529930201172,CentExe,0.26548672566371684,5,0.3834808259587021,0.0015158374806062325
1156,228,0.00045691382765531064,0.0014126262771896663,0.00014001463958167437,0.0001917987971881082,0.010293919186315606,-0.003966485603950742,-0.011837516899729783,0.0,falff_Sens,-0.06298503232783627,CentExe,0.33771929824561403,6,0.22807017543859648,0.0014126262771896663
1158,193,0.0003867735470941884,0.0018028532124167093,8.534891400766244e-05,8.979358323226667e-05,0.01615493131675564,-0.01401786034836916,-0.009915577993219626,0.0,falff_Sens,-0.05915242635613512,CentExe,0.22279792746113988,3,0.18652849740932642,0.0018028532124167093
1159,1066,0.0021362725450901803,0.004627549925625916,0.00010346755506600723,0.00012129037556997495,0.010523426114925174,0.007474879468145068,-0.022563747507093224,7.86613418009958e-05,var_VentSal,0.13567037413321945,DefaultMode,0.300187617260788,7,0.1425891181988743,0.004627549925625916
1160,293,0.0005871743486973948,0.0011748457312905393,2.4224672643588402e-05,0.0001553562753877977,0.044087109156260136,-0.009258257709193973,-0.010624665145448464,0.0,netfc_Sens__VentSal,0.08156989288150909,CentExe,0.26621160409556316,3,0.18771331058020477,0.0011748457312905393
1162,84,0.0001683366733466934,0.0020943583250166483,0.00016841490262809887,8.778973518626921e-05,0.011181681225543796,-0.01636939009078686,-0.018680666201949858,0.0,ac1_Sens,-0.057959883379488056,CentExe,0.27380952380952384,7,0.2261904761904762,0.0020943583250166483
1167,1969,0.003945891783567134,0.0013393551236143128,6.161967505816735e-05,0.002450453339093903,0.07868294519036532,0.07977708085693902,-0.020857040782540803,0.006277095680513876,fc_mean,0.28916488331201884,DefaultMode,0.2351447435246318,2,0.26358557643473846,0.002450453339093903
1169,163,0.00032665330661322644,0.0012972854142893895,3.8931526109398706e-05,6.183968620213372e-05,0.014568405082879621,-0.004295802062377563,-0.01008822488790373,0.0,falff_Sens,-0.04797108491619711,Sensorimotor,0.27607361963190186,6,0.1656441717791411,0.0012972854142893895
1170,135,0.0002705410821643287,0.0011340551648276844,4.007594838242079e-05,0.00020360589429798014,0.015192875974008462,-0.0006968638852227205,-0.014540813639815964,0.0,fc_mean,0.14810483301145233,CentExe,0.3037037037037037,6,0.3111111111111111,0.0011340551648276844
1172,12114,0.024276553106212424,0.7760773342609997,0.03637927138158878,5.715653488485275e-05,0.010034613484892353,-0.008629407133065703,-0.014922453068447528,0.0,netfc_DefaMod__DefaMod,-0.06738564932712719,VentSal,0.2821528809641737,6,0.10921248142644874,0.7760773342609997
1173,73,0.0001462925851703407,0.0010275320476916439,1.9350662501126085e-05,4.4020365111639614e-05,0.011373018478040293,-0.0029045652463159932,-0.012041561702661907,0.0,ac1_DefaMod,-0.08103545192517742,Sensorimotor,0.2602739726027397,5,0.2054794520547945,0.0010275320476916439
1174,56,0.00011222444889779559,0.002553739030751367,3.962392949730912e-05,7.937838370933493e-05,0.011316469005831897,-0.010381384917431014,-0.009697124152943548,0.0,var_Subc,0.047907042244046516,CentExe,0.4642857142857143,7,0.25,0.002553739030751367
1175,59,0.00011823647294589178,0.0008880727343454137,1.2017320065073402e-05,9.406157928501664e-05,0.4244309520484272,-0.012933907158102942,-0.009605677088041276,0.0,netfc_Sens__Subc,0.042368137846032154,Sensorimotor,0.23728813559322035,2,0.23728813559322035,0.0008880727343454137
1176,67,0.0001342685370741483,0.001120081407967343,1.8615795173988023e-05,0.0003083733204947515,0.01008000469579534,-0.008027125306627747,-0.012018074564204007,0.0,ac1_CentExe,-0.04800150456126565,CentExe,0.2537313432835821,9,0.43283582089552236,0.001120081407967343
1178,14577,0.0292124248496994,0.6630418660430114,0.014898641777243458,0.00011960818522153517,0.010463213404680528,-0.002681006884462489,-0.013128157089079329,0.0,netfc_DefaMod__Subc,-0.08227236220719061,DefaultMode,0.37730671605954585,6,0.10708650613980929,0.6630418660430114
1179,136,0.0002725450901803607,0.0011124457016871154,1.6842090825262874e-05,0.0002378179872419638,0.01059162731581217,-0.006996004103471787,-0.014964967035081989,0.0,var_CentExe,0.060593224489475225,DefaultMode,0.2867647058823529,3,0.29411764705882354,0.0011124457016871154
1180,109,0.00021843687374749498,0.0009716031738435279,2.9551220172770412e-05,0.0007100648420730322,0.015207047487607851,-0.011244843748069222,-0.01517193144464346,0.0,var_Visu,0.0735112516169725,CentExe,0.3944954128440367,9,0.5779816513761468,0.0009716031738435279
1181,1538,0.0030821643286573146,0.003695913532236041,0.0002929600423921071,0.00011033691633750484,0.014087703815036143,0.12263963716602888,-0.015879212782617502,0.0017277108843785135,ac1_Visu,-0.33471970479602586,DefaultMode,0.270481144343303,1,0.12548764629388817,0.003695913532236041
1182,1081,0.002166332665330661,0.002101452884404302,0.00037432528429920186,0.0018221650994913227,0.025691978579070362,0.1811622958707103,-0.01619001361346295,0.004654417824845497,falff_Sens,0.3439219006518567,Sensorimotor,0.23866790009250693,5,0.3367252543940796,0.002101452884404302
1185,119,0.00023847695390781564,0.0011574866622658534,8.816728949877123e-05,0.0001497072163931284,0.012045163190076693,-0.004414121658146364,-0.01876356355631903,0.0,netfc_Visu__Visu,0.09779472622496667,DefaultMode,0.42857142857142855,9,0.23529411764705882,0.0011574866622658534
1186,3363,0.006739478957915832,0.0020966019022617727,0.0002447001258065067,0.05347805130829655,0.014910923079089304,0.04388835037555838,-0.015471999315470164,0.0006544158165180712,var_Visu,-0.17945410302358045,CentExe,0.29229854296758845,9,0.9889979185251264,0.05347805130829655
1188,594,0.001190380761523046,0.0018659828060086125,0.00011525909696618713,8.915928134071137e-05,0.011353229297457097,0.002417592133734714,-0.011218878093998574,2.7447477842018768e-05,var_Visu,0.11393839102703539,CentExe,0.3181818181818182,8,0.13973063973063973,0.0018659828060086125
1189,59,0.00011823647294589178,0.001140665445053554,1.36401027217244e-05,8.131525734066922e-05,0.2857984133416278,-0.06514985219264213,-0.019534341540593525,0.0,var_DefaMod,-0.21662751175691294,CentExe,0.3559322033898305,0,0.288135593220339,0.001140665445053554
1190,57,0.00011422845691382766,0.0028892106070057383,0.00011206593463716599,0.00027405340406731017,0.011549256548918209,-0.014016676167886821,-0.014325619494600872,0.0,fc_sd,-0.05267903162033999,Visual,0.3684210526315789,6,0.5087719298245614,0.0028892106070057383
1192,2198,0.004404809619238477,0.28372586047282544,0.016023358754558098,7.223212365809864e-05,0.010922326305942984,0.026296525152491257,-0.015309458380345253,0.0002872192284279466,var_Visu,-0.19356765579397603,Visual,0.5354868061874432,2,0.1278434940855323,0.28372586047282544
1193,207,0.00041482965931863725,0.0011337567895556345,0.00011008732495352312,0.00020137589618741088,0.01253950066261499,0.018503975521978022,-0.021177343290703643,0.00023203061331885494,var_Sens,0.13861043958021776,Sensorimotor,0.32367149758454106,6,0.2222222222222222,0.0011337567895556345
1196,25874,0.05185170340681363,0.012723130919220048,0.0011760602337715247,0.11029916273335319,0.018354109618999467,0.08611268469920941,-0.016880393616736544,0.0015805216545556277,var_Visu,0.1153041637947506,DefaultMode,0.27224240550359435,9,0.42100177784648685,0.11029916273335319
1197,459,0.0009198396793587175,0.0017807406943881625,5.9001335331975586e-05,0.0007371617419429989,0.013157024271579778,0.0005162390683324247,-0.013911150187998267,6.792169951987444e-06,netfc_Visu__Visu,-0.12036685735056636,CentExe,0.31808278867102396,9,0.32679738562091504,0.0017807406943881625
1199,137,0.00027454909819639277,0.0011930625606696539,6.786333647969043e-05,0.0001539365484151572,0.08928162004869157,-0.006493813051425823,-0.027607951647263596,0.0,netfc_DorsSal__CentExe,0.0757411033272903,Visual,0.32116788321167883,4,0.21897810218978103,0.0011930625606696539
1200,2929,0.0058697394789579155,0.002559076980602995,0.0001609223142244629,0.01509815628422343,0.014045829595809425,0.03420069444644813,-0.01797518709152235,0.00048037712625315624,var_Sens,-0.19448523288026892,DefaultMode,0.2721065209969273,2,0.47422328439740524,0.01509815628422343
1202,52,0.00010420841683366733,0.0009582036724017681,2.1688908186123666e-05,0.00017042803342121315,0.012079219349919413,-0.01491750948391668,-0.013148659716151867,0.0,netfc_DefaMod__DefaMod,0.044310710308384266,CentExe,0.40384615384615385,4,0.4230769230769231,0.0009582036724017681
1203,5061,0.010142284569138276,0.0017449011604410741,8.098811106278147e-05,0.06601576875178579,0.013152694136178767,0.07931985885842974,-0.020670366544852437,0.0010432698424897963,var_VentSal,-0.22042684966654746,CentExe,0.25074096028452875,7,0.8707765263781861,0.06601576875178579
1204,9137,0.01831062124248497,0.01475986685193585,0.000642331008245282,0.00404105431605352,0.014917299407559452,0.07036212547775056,-0.019715340262581815,0.0010496128927038723,var_Visu,0.2502149341350285,CentExe,0.2534748823465032,5,0.1678888037649119,0.01475986685193585
1205,85,0.00017034068136272546,0.0010273828012146442,4.0860378432100034e-05,6.531199198199526e-05,0.010865376055513866,-0.0011819627733486993,-0.020129811600984482,0.0,netfc_Visu__DorsSal,0.09542802821746735,DefaultMode,0.36470588235294116,2,0.21176470588235294,0.0010273828012146442
1206,93,0.00018637274549098196,0.001150993009617147,2.8897380518758224e-05,0.0006254474504308797,0.17667615931813285,-0.014575060186426292,-0.010988708560031979,0.0,netfc_CentExe__DefaMod,0.060910256735256664,CentExe,0.34408602150537637,9,0.6451612903225806,0.001150993009617147
1208,25512,0.05112625250501002,0.0023825668612671835,0.00010526992393648985,0.10721352492950967,0.018645789518632112,0.12612262154440856,-0.01857192481279557,0.002351655854855138,slope_VentSal,0.3215807957499897,CentExe,0.2563107557227971,4,0.4011837566635309,0.10721352492950967
1209,9321,0.01867935871743487,0.015102087711826176,0.00299091958464455,0.0006073766858392895,0.01726150287132337,0.11474785350488503,-0.012941861830102264,0.0019807204027527665,ac1_DorsSal,0.26505308860027005,Visual,0.2666022958909988,6,0.12251904302113507,0.015102087711826176
1211,15876,0.03181563126252505,0.014357727954378726,0.0004658791105631939,0.0005591008460269013,0.042500224108212165,0.05235127340904655,-0.01114211924736952,0.0022249408522347666,fc_mean,0.28326020562634435,CentExe,0.24691358024691357,4,0.12717309145880573,0.014357727954378726
1214,85,0.00017034068136272546,0.00107938846144227,7.464055857445189e-05,5.50273984407211e-05,0.01064057628517719,-0.008245078079074597,-0.01830310015576342,0.0,var_Visu,0.08247169316350873,Sensorimotor,0.35294117647058826,6,0.2235294117647059,0.00107938846144227
1215,225,0.00045090180360721443,0.001837436754513191,0.0002620321595973749,0.0012321455891630296,0.013349156920618558,-0.00389588125539575,-0.009041188049301985,0.0,falff_DorsSal,0.08258421287948535,Sensorimotor,0.3288888888888889,8,0.5288888888888889,0.001837436754513191
1217,265,0.000531062124248497,0.0014466259551098191,1.8581219587116066e-05,0.00014259095972894375,0.010786007666342584,0.011729449918727819,-0.01662806808718864,0.00012651393674537964,ac1_DorsSal,-0.141254920534619,CentExe,0.27169811320754716,0,0.16981132075471697,0.0014466259551098191
1218,66,0.00013226452905811624,0.0013393174031463549,4.97173519811218e-05,6.776279785969741e-05,0.023745226052150663,-0.009104281077600751,-0.027283535909002676,0.0,netfc_CentExe__Subc,0.11148431975533422,CentExe,0.45454545454545453,4,0.22727272727272727,0.0013393174031463549
1222,108,0.00021643286573146294,0.000985662528582551,5.2570703329317346e-05,5.3133601423081775e-05,0.036711196287374584,0.004147660459988378,-0.014624316628389034,0.0001522655772800157,netfc_Sens__VentSal,0.14684252594623384,DefaultMode,0.25925925925925924,6,0.17592592592592593,0.000985662528582551
1223,97,0.00019438877755511023,0.0008418107514125254,1.6671986627715643e-05,6.171390701338214e-05,0.759803956487958,-0.015260717171989402,-0.010999870274815526,0.0,netfc_CentExe__Subc,0.056236730998298665,DefaultMode,0.25773195876288657,9,0.2268041237113402,0.0008418107514125254
1224,125,0.000250501002004008,0.002364480860373519,0.00020633426745872045,0.00017517924159863002,0.01220313189535529,-0.01679221297343081,-0.011755507315377223,0.0,ac1_DorsSal,0.06954710231415234,VentSal,0.312,7,0.288,0.002364480860373519
1230,8954,0.0179438877755511,0.003188647541047925,0.0002714007478864063,0.0013546537270559197,0.3147565925972282,0.21493780538597995,-0.009464227928629665,0.06765309124361722,var_DefaMod,-0.4856875352373252,CentExe,0.28143846325664507,1,0.15635470180924727,0.003188647541047925
1231,225,0.00045090180360721443,0.0011834597391375955,8.828726791527642e-05,0.0018964174318741485,0.032830736336149385,0.013969543429856346,-0.013728521721320996,0.00045863039708200163,netfc_VentSal__CentExe,0.1348221522460577,Sensorimotor,0.26666666666666666,0,0.6666666666666666,0.0018964174318741485
1233,287,0.0005751503006012024,0.0015502679696565264,0.0002356877001465884,0.0009441075951315932,0.021658040497016928,0.024955658919362578,-0.011926833023940153,0.0005404906715052964,netfc_Sens__DefaMod,0.17884363876788134,Sensorimotor,0.3240418118466899,1,0.4250871080139373,0.0015502679696565264
1235,202,0.00040480961923847696,0.0011854860777128842,4.7242791004394125e-05,0.0002648242655450921,0.038647935497566586,0.010319472562415055,-0.013595276081574958,0.00039882630996112525,falff_VentSal,0.14544428210769036,DefaultMode,0.3118811881188119,6,0.27722772277227725,0.0011854860777128842
1236,8425,0.016883767535070142,0.008337684875593,0.0012618171588498293,0.0028147680215500665,0.04008647786891131,0.1593789761385912,-0.012144242890716583,0.00638894179974938,var_Sens,-0.27638550287023067,CentExe,0.3233234421364985,4,0.1797032640949555,0.008337684875593
1237,6138,0.01230060120240481,0.0032227116574798913,0.0003273645139209314,0.0010960219121545919,0.028566893014492202,0.1520599924286108,-0.022866588540371158,0.004343881535492619,ac1_Sens,0.3551442250679416,CentExe,0.3095470837406321,6,0.16080156402737047,0.0032227116574798913
1241,1440,0.0028857715430861725,0.0012242162819815904,4.696874935628361e-05,0.0012326183671287473,0.11802745903167063,0.029422014563072363,-0.011966463813862127,0.0034726056184722397,var_DorsSal,-0.12994053874967568,CentExe,0.28055555555555556,8,0.21597222222222223,0.0012326183671287473
1243,84,0.0001683366733466934,0.0007958376247837223,4.223751278457666e-06,0.0001888229684473856,0.5194669816942509,-0.023126806861877514,-0.02876900587794018,0.0,fc_sd,0.023622028969986223,DefaultMode,0.25,8,0.34523809523809523,0.0007958376247837223
1245,613,0.0012284569138276552,0.0012744718711628403,4.939366113945917e-05,0.0003384555441791195,0.012771596419964594,0.03702505845085291,-0.02156808147604461,0.0004728691039598929,ac1_DorsSal,-0.20724301488638586,CentExe,0.2707993474714519,7,0.20228384991843393,0.0012744718711628403
1247,118,0.00023647294589178357,0.0017373569440637805,4.842963235939997e-05,0.0003637140526246042,0.014245379380823982,-0.005401905514709204,-0.01663659223706415,0.0,ac1_DorsSal,0.08136185266604534,Sensorimotor,0.23728813559322035,4,0.3898305084745763,0.0017373569440637805
1248,2056,0.004120240480961924,0.002662745167741025,0.00035262648539126856,0.0011200356149045558,0.013780883731499516,0.0805807566315998,-0.021017505346566878,0.0011104740381363354,ac1_VentSal,-0.2799545376229789,CentExe,0.3428988326848249,5,0.20282101167315175,0.002662745167741025
1249,242,0.0004849699398797595,0.002585122191844191,0.00024618930200658235,0.0005010499597733928,0.013143866980594733,-0.00832251308837395,-0.016777915500880702,0.0,slope_DefaMod,0.052769816878996116,CentExe,0.512396694214876,0,0.3925619834710744,0.002585122191844191
1250,1742,0.0034909819639278557,0.0017138372588836974,3.8084862125522234e-05,0.004030296630645569,0.01834147131702877,0.025105331012940768,-0.017091313966657085,0.0004604687086783659,netfc_Visu__Sens,0.17105299588714915,CentExe,0.2537313432835821,9,0.2939150401836969,0.004030296630645569
1251,119,0.00023847695390781564,0.0015023870829775471,4.259217550609989e-05,0.000150381159490884,0.010846501468746004,-0.010690917959590429,-0.009989955028222974,0.0,var_Visu,0.08473504108989674,CentExe,0.3445378151260504,9,0.2689075630252101,0.0015023870829775471
1252,9556,0.019150300601202406,0.5724082543170882,0.07142710953463173,8.41581286126108e-05,0.010198758533243483,0.023286990911888128,-0.013139660441285228,0.0002374983972761825,var_Visu,-0.14313508292604338,Visual,0.8977605692758477,2,0.10663457513604019,0.5724082543170882
1254,348,0.0006973947895791583,0.0024023805865558165,0.0005221376188390813,0.0011979952539658387,0.012698939035859403,0.016947567505837924,-0.019513782123506518,0.0002152161265627476,ac1_Sens,0.1414738243444527,Visual,0.4339080459770115,6,0.4051724137931034,0.0024023805865558165
1256,198,0.0003967935871743487,0.001137925215618383,4.985203538907791e-05,0.0007414204091051988,0.031303272859173864,0.0019394192500766794,-0.015176758213840014,6.071016997348465e-05,netfc_Sens__DefaMod,0.1025208786262086,Visual,0.23232323232323232,6,0.45454545454545453,0.001137925215618383
1259,95,0.0001903807615230461,0.0010692393368851054,3.2462888261816736e-05,8.770019818202543e-05,0.010189544346669372,-0.0065758316754815915,-0.013969909487189014,0.0,netfc_Visu__DefaMod,-0.057012249736242526,CentExe,0.3157894736842105,6,0.2631578947368421,0.0010692393368851054
1260,295,0.0005911823647294589,0.002334523083617467,0.00011084591708910882,0.0003382074005542473,0.01087565784069698,0.0020871399735565843,-0.013244109598042009,2.2699020218042752e-05,ac1_VentSal,-0.09424974012821578,CentExe,0.37966101694915255,4,0.25084745762711863,0.002334523083617467
1262,14205,0.02846693386773547,0.8082808481577466,0.024683775541639218,0.00010866592304380037,0.010201287156044469,-0.008338734368596334,-0.010866316521066288,0.0,netfc_Sens__DorsSal,-0.07947084052752616,CentExe,0.5367124252023935,7,0.10418866596268919,0.8082808481577466
1264,59,0.00011823647294589178,0.000994928199935083,1.4225336569626278e-05,8.676999878547966e-05,0.014959613850982831,-0.007241349981460976,-0.00942461672674555,0.0,ac1_CentExe,0.10628087809752633,CentExe,0.2542372881355932,6,0.3050847457627119,0.000994928199935083
1265,342,0.0006853707414829659,0.0012879570232377582,0.00010314391484945029,0.0038757992490666593,0.011580095650545815,-0.00795670757280309,-0.013842351145330722,0.0,var_Visu,-0.08106090263667527,CentExe,0.2953216374269006,0,0.8216374269005848,0.0038757992490666593
1268,92,0.0001843687374749499,0.0010790910611173901,3.225610910771225e-05,7.903593525197435e-05,0.3231058202659287,-0.015174314797450128,-0.009438694434630968,0.0,netfc_CentExe__Subc,0.04144954479352671,DefaultMode,0.391304347826087,3,0.17391304347826086,0.0010790910611173901
1269,175,0.0003507014028056112,0.0010608847015254042,6.142083909164627e-05,9.497305543026075e-05,0.01169902114391707,0.03154597792431513,-0.016154322664984955,0.0003690570627421038,netfc_DefaMod__DefaMod,0.20448514118812885,CentExe,0.2857142857142857,0,0.22857142857142856,0.0010608847015254042
1270,21986,0.04406012024048096,0.8541843984202719,0.1635651149327599,0.00013678413951862632,0.010293630330534934,0.02043977675973374,-0.013362156288825089,0.0002103995060033583,netfc_Visu__Visu,-0.1692354329792603,Visual,0.8331210770490312,7,0.10570362958246157,0.8541843984202719
1272,123,0.0002464929859719439,0.0008765422994465807,1.3250436909182468e-05,2.7570465573522577e-05,0.7980905078332956,-0.013440167113889512,-0.009998830965466388,0.0,netfc_VentSal__DefaMod,0.04773807121733371,DefaultMode,0.25203252032520324,0,0.17073170731707318,0.0008765422994465807
1274,500,0.001002004008016032,0.0028300152982551146,0.00018794680594682925,0.00034870381500950537,0.011879106481374784,0.03756056541106789,-0.012111263038371067,0.0004461859560187181,falff_CentExe,0.1885018029584534,CentExe,0.3,7,0.198,0.0028300152982551146
1275,53,0.0001062124248496994,0.0009337094607557398,4.26201767331899e-05,0.00010098981332833668,0.009897148741264931,-0.01779277518638822,-0.014080507081297045,0.0,ac1_DorsSal,-0.04065027840633209,CentExe,0.33962264150943394,0,0.32075471698113206,0.0009337094607557398
1276,245,0.0004909819639278558,0.001380589780913097,2.721368284267281e-05,0.00011543205678893914,0.010748458067807129,-0.010950692244990012,-0.012671896035926888,0.0,var_VentSal,0.06352652650888771,CentExe,0.2897959183673469,6,0.19591836734693877,0.001380589780913097
1277,98,0.00019639278557114228,0.0011453109511848152,0.00011269695845647836,0.00017670054320484467,0.030269675571251427,-0.025358702095829466,-0.009142861590433204,0.0,slope_DorsSal,-0.05770487283278238,Sensorimotor,0.35714285714285715,3,0.29591836734693877,0.0011453109511848152
1278,75,0.0001503006012024048,0.0013345562985889235,0.00016901372801951864,2.1141612824017694e-05,0.012894035313894965,-0.0002018193095747467,-0.015353625197391585,0.0,var_Visu,0.12861521677963325,Visual,0.56,3,0.2,0.0013345562985889235
1280,106,0.0002124248496993988,0.0010416969481611851,6.85911025738169e-06,0.0002107307513046596,0.11423163875044656,-0.009640607303964988,-0.03909200225638254,0.0,netfc_Visu__DefaMod,0.0740830358879659,Visual,0.2169811320754717,1,0.3018867924528302,0.0010416969481611851
1281,154,0.0003086172344689379,0.0010574761827596053,0.00011091546210951651,0.0002692877711117811,0.07560232891210122,-0.00209622717886071,-0.012763776569485907,0.0,netfc_Visu__DefaMod,0.07629936986095237,Visual,0.33116883116883117,2,0.3181818181818182,0.0010574761827596053
1282,133,0.00026653306613226455,0.00320590992457552,0.0005014364143689353,4.228261642290228e-05,0.010947141591516078,0.002751177502531066,-0.01988601599814066,3.011752966360116e-05,netfc_Sens__VentSal,0.11897807702485352,CentExe,0.3157894736842105,0,0.17293233082706766,0.00320590992457552
1284,69,0.00013827655310621242,0.0008368761766713449,7.933222369468017e-06,0.00011066415692922345,0.010813355157264719,-0.008946485382525848,-0.012988820972217097,0.0,slope_DorsSal,0.07100271943420948,DefaultMode,0.2898550724637681,7,0.3188405797101449,0.0008368761766713449
1285,70,0.00014028056112224449,0.0008347737168998567,2.7743898390670235e-05,0.0002347598170038397,0.37373949568051285,-0.022183604221209796,-0.010772232758000877,0.0,netfc_Sens__Subc,0.04075715393655514,Sensorimotor,0.24285714285714285,7,0.37142857142857144,0.0008347737168998567
1289,211,0.0004228456913827655,0.002393297375161651,0.00016610443067676604,0.0021090625389634282,0.011956334568514054,-0.012511034450873648,-0.01333559951965424,0.0,netfc_Visu__Sens,0.09614336931617123,CentExe,0.44075829383886256,0,0.7772511848341233,0.002393297375161651
1290,150,0.0003006012024048096,0.00532036162736434,0.0002426023972061214,2.436284007068163e-05,0.014746962517529657,0.0043406505403774664,-0.01766049315577778,6.401141082064135e-05,ac1_VentSal,0.13844942554890555,DefaultMode,0.5466666666666666,3,0.16,0.00532036162736434
1291,3229,0.006470941883767535,0.005721725677332666,0.0005715064882992829,0.005993483555536745,0.013925031517315053,0.04674529955641349,-0.01821179102778525,0.0006509297696093912,falff_DefaMod,0.17555373396038482,CentExe,0.2647878600185816,2,0.28244038401982036,0.005993483555536745
1292,1943,0.0038937875751503008,0.33329351555752196,0.01223639644586946,5.176516590554102e-05,0.010607388827016043,0.0007417375099100232,-0.013672869167127066,7.867898175198281e-06,var_DorsSal,0.07917426134947775,VentSal,0.5671641791044776,3,0.1188883170355121,0.33329351555752196
1293,3143,0.006298597194388777,0.4556053472890827,0.022654497481875306,6.302240216607428e-05,0.010443785763951174,0.036304079743207485,-0.02270707223002466,0.0003791520311954585,var_VentSal,-0.18255271840906134,VentSal,0.6500159083678014,4,0.11708558701877188,0.4556053472890827
1294,51,0.00010220440881763527,0.001185179882855768,9.226694311886179e-06,6.561154530044422e-05,0.01034240578612276,-0.013068152160719437,-0.01302678605122054,0.0,var_Sens,-0.037151354517552075,CentExe,0.29411764705882354,1,0.2549019607843137,0.001185179882855768
1296,569,0.0011402805611222444,0.0019188518044636093,0.00011206386877496197,0.0006190997453964658,0.011229628537017084,0.0038311080414057397,-0.021336545292909515,4.302192019016552e-05,ac1_Sens,-0.12649755848785063,DefaultMode,0.23374340949033393,4,0.22671353251318102,0.0019188518044636093
1297,399,0.0007995991983967936,0.0035982270764866636,0.00022999727642745722,0.002912523590263939,0.013690383045262705,0.005892202522285062,-0.015239883273354016,8.066650951034555e-05,ac1_DefaMod,0.14460708609515782,DefaultMode,0.3684210526315789,0,0.6441102756892231,0.0035982270764866636
1298,164,0.0003286573146292585,0.0010888675017775816,5.7149601166888396e-05,0.000855217722919492,0.040007584713588736,0.004595402176964858,-0.019906242925783246,0.00018385094188793163,netfc_VentSal__DefaMod,0.15195832083761912,Sensorimotor,0.2621951219512195,5,0.5365853658536586,0.0010888675017775816
1299,7946,0.01592384769539078,0.003726785709853167,0.00023984496898176225,0.0010325908789613723,0.013336164915036282,0.1314628776441532,-0.01042050081953838,0.0017532106164676636,fc_mean,-0.3603682855830214,CentExe,0.2900830606594513,1,0.13503649635036497,0.003726785709853167
1300,654,0.00131062124248497,0.0010841883344847268,3.223439528897346e-05,0.0012049158817260747,0.23861120561879973,-0.00355717213500939,-0.013493020760480423,0.0,fc_mean,0.1341354608493391,DefaultMode,0.2691131498470948,2,0.3241590214067278,0.0012049158817260747
1302,609,0.0012204408817635271,0.001504761225854001,0.00012708214986967387,0.001234958218067059,0.011986482685487753,0.024770927702222,-0.013596188966582767,0.00029691629600615295,var_Visu,0.1806596999083835,DefaultMode,0.23645320197044334,8,0.2988505747126437,0.001504761225854001
1303,1772,0.0035511022044088176,0.006064307246789704,0.0004545051536305681,0.0022393626155248893,0.012512899917441044,0.032528361438432296,-0.014725333818497388,0.00040702413115745195,netfc_VentSal__DefaMod,-0.15289706745527673,CentExe,0.32054176072234764,3,0.23024830699774265,0.006064307246789704
1305,83,0.00016633266533066133,0.0010727825411563495,2.1727245613517308e-05,4.985936158333168e-05,0.012785818173731606,-0.010769381234412734,-0.016370144213087467,0.0,falff_CentExe,-0.06073380982134453,DefaultMode,0.24096385542168675,0,0.1927710843373494,0.0010727825411563495
1308,1060,0.002124248496993988,0.0019074154456091533,6.527039181931746e-05,0.0008047403525934783,0.013651457216753407,0.04751662732138018,-0.019654395066109442,0.0006486712049622376,var_Visu,0.1570819081653224,CentExe,0.2622641509433962,2,0.2160377358490566,0.0019074154456091533
1309,83,0.00016633266533066133,0.0018798437565604835,0.00015215307509004646,3.0093129987603412e-05,0.011088249984072245,-0.015283426112390641,-0.016483424884390585,0.0,ac1_Subc,0.0692160320872746,CentExe,0.3614457831325301,9,0.18072289156626506,0.0018798437565604835
1310,2673,0.005356713426853708,0.003770517540450333,0.00023071538673064871,0.00012141377141326951,0.012933035969341113,0.08557430854978942,-0.01341067615434488,0.0011067356105259215,ac1_DefaMod,-0.23397720178893902,DefaultMode,0.2618780396558174,7,0.11821922933034044,0.003770517540450333
1311,157,0.0003146292585170341,0.0010455543003219268,3.325678335295249e-05,0.0009868571632387277,0.03897600326095328,-2.5793688069652987e-05,-0.016594625536538343,0.0,netfc_Sens__DefaMod,0.12705778484506292,DefaultMode,0.267515923566879,4,0.5987261146496815,0.0010455543003219268
1313,516,0.001034068136272545,0.0017246507729911102,8.038653251406083e-05,0.00023792662572758486,0.011150215079117195,-0.0007598131749957382,-0.011834463553765495,0.0,var_Visu,0.09517613255660326,CentExe,0.3003875968992248,1,0.15503875968992248,0.0017246507729911102
1315,570,0.0011422845691382766,0.0032937252056137924,0.0002036938381402467,0.0016440357813475197,0.016228773783147334,-0.0036731414934378925,-0.018711784369588536,0.0,netfc_Visu__VentSal,-0.08947944901755377,CentExe,0.28596491228070176,2,0.3368421052631579,0.0032937252056137924
1316,118,0.00023647294589178357,0.0011503196959844128,4.8803580761490506e-06,0.0006091064682516303,0.014630517099315028,-0.026006064212674262,-0.013612028611697635,0.0,var_CentExe,-0.1151687045940105,CentExe,0.2627118644067797,5,0.5847457627118644,0.0011503196959844128
1317,92,0.0001843687374749499,0.0011591104795609162,8.910438865813647e-05,3.57886489699984e-05,0.01001192286580117,-0.004293851565457363,-0.021955447871974787,0.0,ac1_DorsSal,-0.08657389635712678,DefaultMode,0.43478260869565216,0,0.1956521739130435,0.0011591104795609162
1320,348,0.0006973947895791583,0.0017922620634939009,4.63810093590279e-05,0.0009034512747917649,0.011628333601418253,-0.01429374932009897,-0.013585085647072281,0.0,var_DefaMod,0.03725513942536139,CentExe,0.3563218390804598,4,0.3706896551724138,0.0017922620634939009
1321,343,0.000687374749498998,0.0018947146329407823,9.22846775829285e-05,0.0019729245309276213,0.011176633320638844,-0.005830272204308651,-0.011341653745476021,0.0,var_DefaMod,-0.1091210125064946,Sensorimotor,0.2536443148688047,7,0.5539358600583091,0.0019729245309276213
1322,393,0.0007875751503006012,0.002582317336788903,0.00023762771917951736,0.0020468053483123504,0.017407486692619774,0.0406608551791966,-0.010727259941377243,0.0007078032954424046,ac1_Sens,0.20923962409721109,Visual,0.31806615776081426,5,0.455470737913486,0.002582317336788903
1325,270,0.0005410821643286574,0.001141858134369884,4.585106444477086e-05,3.393913999224553e-05,0.011474914073835527,0.016578429103926262,-0.018224592969727782,0.00019023604944672798,var_Visu,0.14287542804005463,DefaultMode,0.3037037037037037,6,0.15185185185185185,0.001141858134369884
1329,118,0.00023647294589178357,0.0034350201731111994,0.00018385161859411523,0.00038893844111131167,0.02224695851906828,-0.009288879796041316,-0.018576927195215864,0.0,netfc_Sens__DefaMod,0.061767633625001386,Sensorimotor,0.4406779661016949,1,0.3898305084745763,0.0034350201731111994
1331,371,0.0007434869739478958,0.0015757091024813073,0.0003882417366357255,0.001959775028631558,0.046928626820913324,0.01835009596382886,-0.01741945891774277,0.0008611448056144724,fc_mean,0.17108074198645007,Visual,0.3746630727762803,5,0.5525606469002695,0.001959775028631558
1332,42755,0.0856813627254509,0.00161163748832148,4.521685776076393e-05,0.2057010780010777,0.015786177015900456,0.09056047443914073,-0.012815792685534344,0.0014296036801402041,slope_VentSal,0.24782006365788994,CentExe,0.259688925271898,6,0.44712899076131446,0.2057010780010777
1334,4033,0.008082164328657314,0.39394771432785536,0.02565741792894142,0.00013685181271800388,0.010714583537788213,0.05475208455034397,-0.018262496176340237,0.0005866457837827039,var_Visu,-0.22785602575239652,Visual,0.7783287875030994,4,0.12496900570295066,0.39394771432785536
1335,347,0.0006953907815631262,0.2395502776507238,0.003273613718861959,0.00012772177854702995,0.010434353533500331,0.004529900145155308,-0.01728700995874255,4.726657958600495e-05,var_Visu,0.14339330092692987,Visual,0.968299711815562,0,0.18155619596541786,0.2395502776507238
1337,3343,0.00669939879759519,0.0041194988835793,0.0007790530798165594,0.03757987912026236,0.014753918319198405,0.03815368104671568,-0.01744081496192229,0.0005629162937399914,netfc_Sens__DefaMod,0.18956597571056294,CentExe,0.30122644331438825,0,0.8262040083757104,0.03757987912026236
1338,134,0.0002685370741482966,0.0010411989118317595,1.8307608741786782e-05,0.00040608599843170037,0.04021391583615361,-0.009695775998413758,-0.013745282090027455,0.0,netfc_Sens__DefaMod,0.09001930026759901,DefaultMode,0.291044776119403,4,0.39552238805970147,0.0010411989118317595
1340,59,0.00011823647294589178,0.001064834787925883,3.654445529364425e-05,5.2365509160336517e-05,0.013056765096086763,-0.010410369509562756,-0.012959880121574452,0.0,netfc_Visu__DorsSal,0.054729473768390755,DefaultMode,0.3389830508474576,6,0.2711864406779661,0.001064834787925883
1341,60,0.00012024048096192385,0.0008473041748921353,4.1130722639230215e-05,0.0004973916469547099,0.11573410337876162,-0.05422689230112887,-0.01779866038226441,0.0,var_DefaMod,-0.20475922564926308,Sensorimotor,0.25,1,0.7,0.0008473041748921353
1342,27563,0.05523647294589178,0.0014781334921325578,6.156175440878052e-05,0.16690682906099266,0.014253548855316966,0.06907521534183347,-0.01741243819825855,0.0009845669565663635,fc_mean,-0.25149080712321714,CentExe,0.2590792003773174,4,0.5386931756340021,0.16690682906099266
1343,271,0.0005430861723446893,0.0011132758583128908,3.084090104081474e-05,0.0014057521539268239,0.014683623702302464,-0.006041843166117777,-0.021676231897374887,0.0,slope_DorsSal,0.059834697375743734,CentExe,0.24723247232472326,2,0.4575645756457565,0.0014057521539268239
1345,529,0.0010601202404809619,0.0017595471211120952,0.00010886016634773937,0.0009346219531897987,0.02644008101929412,0.024773477605970595,-0.007026921777213424,0.0006550127550315311,fc_mean,0.18465215670463989,Visual,0.2589792060491493,2,0.277882797731569,0.0017595471211120952
1346,140,0.00028056112224448897,0.001023810363442207,4.9523524995529803e-05,0.0005238615880414597,0.01613990308164151,-0.011003578943798109,-0.01643080986340717,0.0,ac1_Subc,0.09914928714911136,Sensorimotor,0.2785714285714286,9,0.4785714285714286,0.001023810363442207
1347,100,0.0002004008016032064,0.0016301229035689231,0.0002447239301806168,0.00019173981516131937,0.016259028176342054,0.0017454889701928877,-0.014252136850678054,2.8379954347860436e-05,netfc_CentExe__Subc,0.1194868970725349,Visual,0.53,3,0.36,0.0016301229035689231
1349,884,0.0017715430861723446,0.0015399541921422074,0.00011868999235549117,0.0033785841479204532,0.011490720216673203,-0.0077400803721197065,-0.014056195237671654,0.0,netfc_Visu__DefaMod,-0.059426863152139194,DefaultMode,0.24434389140271492,5,0.4411764705882353,0.0033785841479204532
1350,176,0.0003527054108216433,0.001981144122665479,8.757224850028821e-05,0.0004341688443289476,0.011411530315189822,-0.011985968769349986,-0.023316235416353193,0.0,falff_VentSal,-0.04736666490670513,CentExe,0.3806818181818182,6,0.3977272727272727,0.001981144122665479
1351,10863,0.021769539078156312,0.350216247896427,0.05856092260738884,0.00012240326178311636,0.01201107076342328,0.0865928422590746,-0.014291932923446105,0.0010400727559796948,var_Sens,0.3023621723589501,Sensorimotor,0.7291724201417656,4,0.10890177667311056,0.350216247896427
1352,4831,0.009681362725450901,0.0025959541713394384,0.00014162349715759153,0.059746741598691026,0.012461765964030959,-0.0015575280483464127,-0.013898955002266566,0.0,var_Visu,-0.0755798600280129,CentExe,0.24239287932105155,9,0.8714551852618505,0.059746741598691026
1354,419,0.0008396793587174348,0.0010063848493319716,5.018435147458787e-05,0.0006767810414809411,0.20606864875817058,-0.004423834502929047,-0.018662502657980085,0.0,netfc_Sens__VentSal,0.11091775390146143,Sensorimotor,0.2577565632458234,2,0.27923627684964203,0.0010063848493319716
1355,66,0.00013226452905811624,0.0008084299757340939,3.116294463354348e-05,0.0001090073203609065,0.039109020188295256,-0.00700541360915552,-0.014918108382303341,0.0,netfc_Visu__CentExe,0.11707419167219273,CentExe,0.30303030303030304,2,0.2727272727272727,0.0008084299757340939
1356,391,0.000783567134268537,0.0018010069939563573,9.974122148455622e-05,0.0003683810472710663,0.012477424183517645,0.0228784159971116,-0.017528499691741528,0.00028546370104293726,falff_CentExe,0.16125693882630063,CentExe,0.2966751918158568,5,0.2659846547314578,0.0018010069939563573
1357,17487,0.035044088176352704,0.5468887101561091,0.06974243493290948,0.0001811028420922928,0.010508912339010653,0.0307423032411146,-0.015425535375964028,0.0003230681698601564,var_DorsSal,-0.15935607021335754,Visual,0.32589923943500887,3,0.10762280551266655,0.5468887101561091
1360,508,0.0010180360721442885,0.0017155158480056997,0.00012381430122211705,0.0015234911232891632,0.030774941994611164,0.03686154305904621,-0.01208701058294026,0.0011344118494740088,fc_mean,0.18188494771160635,Sensorimotor,0.2795275590551181,0,0.3858267716535433,0.0017155158480056997
1361,193,0.0003867735470941884,0.002181899996577928,7.463780093991076e-05,0.0002437357616548344,0.010331391676010606,-0.008326421327435662,-0.018940481794260444,0.0,slope_DefaMod,0.08605219053826982,CentExe,0.3005181347150259,8,0.24352331606217617,0.002181899996577928
1362,257,0.0005150300601202405,0.002120668564257428,0.0003441373164585852,0.0005684797448374451,0.01345032285519418,-0.009477702555741319,-0.018581754824859686,0.0,netfc_VentSal__CentExe,-0.04187549148702805,Visual,0.42023346303501946,8,0.31906614785992216,0.002120668564257428
1363,2343,0.0046953907815631265,0.0014624645158123472,6.941267846026279e-05,0.014824856634705686,0.0118261098328058,0.015668693375113008,-0.016403915389488377,0.00018529968879064303,var_CentExe,-0.12147581521402316,CentExe,0.23090055484421682,5,0.5603926589842083,0.014824856634705686
1364,85,0.00017034068136272546,0.0014956450688882786,6.002406257089675e-05,0.0002157172212002907,0.01388579316759439,-0.012069881708063557,-0.01736544489265235,0.0,netfc_VentSal__Subc,0.08027601632612161,DefaultMode,0.38823529411764707,2,0.35294117647058826,0.0014956450688882786
1367,2522,0.005054108216432865,0.0024395324859484034,0.0002001564519867534,0.005663185321171279,0.02845189624603802,0.1542397607207302,-0.01071933312851936,0.004388413669039947,var_Sens,-0.3008304602493423,CentExe,0.24345757335448057,9,0.3560666137985726,0.005663185321171279
1369,397,0.0007955911823647294,0.0021799984344291765,0.00014763480589140106,4.7645841731642946e-05,0.010835465739685584,0.0012508171267202606,-0.01851212536375213,1.3553186123189346e-05,ac1_CentExe,-0.11439560834315908,CentExe,0.26700251889168763,9,0.13350125944584382,0.0021799984344291765
1374,10922,0.021887775551102204,0.5408259583471687,0.06156634220412865,4.675100356870104e-05,0.010882198243413493,0.034852987378647615,-0.01375795955315895,0.0003792771180296317,var_Visu,-0.18431308064154237,Visual,0.7749496429225416,2,0.10520051272660685,0.5408259583471687
1375,4438,0.008893787575150301,0.8082503629745075,0.06461271069106836,3.6657995597386486e-05,0.010003829921582505,-0.007569960734732817,-0.015473752336343072,0.0,netfc_Sens__CentExe,-0.06183409239870496,Subcortical,0.6297881928796756,8,0.11086074808472285,0.8082503629745075
1376,439,0.0008797595190380761,0.2941571793691607,0.0020539066565639762,0.0015327629340340836,0.009737644757844319,-0.012270124340236777,-0.01340659707036318,0.0,fc_sd,-0.05035819519674596,CentExe,1.0,0,0.28929384965831434,0.2941571793691607
1377,3783,0.0075811623246492986,0.28618192490686084,0.012256997975527612,3.466416531712551e-05,0.010751387978352562,0.007211136863765177,-0.018180314152560273,7.752973018733992e-05,var_DefaMod,-0.1199172488975668,DefaultMode,0.8020089875759979,3,0.1112873380914618,0.28618192490686084
1378,293,0.0005871743486973948,0.0012866485864252819,0.00010195000052475289,0.00101797703742687,0.014230565205083891,0.0370430452556223,-0.01738180647532217,0.0005271434709050066,fc_sd,0.18811425434918114,Sensorimotor,0.2901023890784983,3,0.4061433447098976,0.0012866485864252819
1382,2687,0.005384769539078156,0.0023754924868530187,0.0003397676464401524,0.005666826943377072,0.013366463329118592,0.029445549560696338,-0.01605988931004876,0.00039358285840879165,netfc_Sens__VentSal,-0.18771324978118084,CentExe,0.2355787123185709,5,0.27540007443245257,0.005666826943377072
1383,371,0.0007434869739478958,0.0010651172853086972,2.477537074223934e-05,0.00023700850523062248,0.01744414862487713,0.03566318230600618,-0.014825343860024098,0.0006221138525820601,var_Sens,0.18689758854553076,DefaultMode,0.2803234501347709,5,0.20215633423180593,0.0010651172853086972
1386,464,0.0009298597194388777,0.0014179274208122679,2.056275946394301e-05,0.00023871287899339297,0.0255849641534345,0.020427007752682358,-0.017332928155949334,0.0005226242611143068,slope_CentExe,-0.15072478193237368,CentExe,0.26939655172413796,3,0.17672413793103448,0.0014179274208122679
1394,160,0.00032064128256513024,0.004253138881473388,0.0004819221258098,0.000189107110842484,0.01164048842591787,-0.015568711237695654,-0.015380707887745704,0.0,slope_VentSal,0.031396819601417054,CentExe,0.38125,1,0.25625,0.004253138881473388
1396,10136,0.020312625250501003,0.6419965374404147,0.020843334977532272,4.244297980951643e-05,0.010994554271013651,0.025139255246247383,-0.01231802706472851,0.0002763949061377315,var_Visu,-0.17832728131473727,Visual,0.5546566692975533,5,0.10803078137332281,0.6419965374404147
1398,118,0.00023647294589178357,0.0014199561129232005,0.00011078664106573909,0.00013211162011290796,0.01787827243886827,-0.0029000982079869786,-0.012762038297133849,0.0,netfc_Visu__DefaMod,0.09764929921828074,CentExe,0.2796610169491525,6,0.2711864406779661,0.0014199561129232005
1399,2230,0.004468937875751503,0.0029627542000503593,0.00041751155169393464,0.0005162125837088272,0.011344286374597804,0.016558214103636337,-0.015936740253462034,0.0001878411226435549,ac1_CentExe,-0.16194225140086105,CentExe,0.3439461883408072,3,0.14887892376681613,0.0029627542000503593
1400,152,0.00030460921843687374,0.0013368890378668101,8.37433858861229e-05,0.0002703652857853044,0.02411504926665664,-0.015369620471310519,-0.014746756044541565,0.0,var_DefaMod,0.040169319622659405,Sensorimotor,0.3223684210526316,7,0.3092105263157895,0.0013368890378668101
1402,79,0.00015831663326653308,0.0011162597488185134,2.1156400395080032e-05,6.433506504182429e-05,0.012937962537788393,-0.01146948006610482,-0.012299635375603968,0.0,falff_VentSal,0.061058186092344285,CentExe,0.3037974683544304,5,0.20253164556962025,0.0011162597488185134
1407,50,0.0001002004008016032,0.001052431048726081,1.9794488301115146e-05,0.0005760766347856818,0.015853965284812328,-0.009736430892017589,-0.013406935044111945,0.0,netfc_CentExe__CentExe,0.060307486519565405,DefaultMode,0.34,0,0.84,0.001052431048726081
1408,4467,0.00895190380761523,0.010316963762564742,0.0020935303106012493,0.0006377609962661331,0.018969590141018008,0.07040183379329701,-0.015450518333173235,0.0013354939322349154,fc_mean,0.2868222887354439,Sensorimotor,0.2928139691067831,0,0.14081038728453102,0.010316963762564742
1409,483,0.0009679358717434869,0.003724969661649294,0.0004891652014706008,0.00015942095454332162,0.012488177647423606,0.04209728539848623,-0.011554985867995082,0.0005257183785305878,var_Visu,-0.17945278447897356,CentExe,0.4451345755693582,2,0.16977225672877846,0.003724969661649294
1411,39001,0.07815831663326653,0.005271466507709777,0.0003831527789263983,0.23270690007156183,0.01643157650183509,0.021848993096306724,-0.017570054467630936,0.0003590134015500307,netfc_DorsSal__DefaMod,-0.0813585789525502,CentExe,0.26132663265044487,9,0.4835004230660752,0.23270690007156183
1412,54,0.00010821643286573147,0.0007870985916771715,1.0246192775653738e-05,0.00019442781289092176,0.3458438052126636,-0.03465333533717696,-0.011686184144086953,0.0,netfc_DefaMod__DefaMod,0.048033734183203176,Visual,0.18518518518518517,8,0.37037037037037035,0.0007870985916771715
1416,512,0.0010260521042084168,0.04188160650258463,0.0010183306001421914,0.00016369242308718083,0.010520518780645787,0.017871641987025844,-0.017128320699896893,0.00018801894516548318,netfc_VentSal__DefaMod,-0.13059806740336735,DefaultMode,0.58984375,5,0.15625,0.04188160650258463
1418,385,0.0007715430861723447,0.25670128708555084,0.001782625449356556,0.00018377436941174332,0.010949577715408436,-0.005248155434788959,-0.01712498663490103,0.0,slope_Visu,-0.05861476675742992,CentExe,0.9584415584415584,2,0.16623376623376623,0.25670128708555084
1419,131,0.0002625250501002004,0.0016635983125693682,0.00010225067921526295,0.0002271557934144648,0.023379007266015193,-0.014576876416016571,-0.023045082173807074,0.0,netfc_CentExe__CentExe,0.075557713155624,Sensorimotor,0.26717557251908397,2,0.25190839694656486,0.0016635983125693682
1420,57,0.00011422845691382766,0.0010934883926704336,1.9341588033075388e-05,0.00010300238283335404,0.015649733544731075,-0.015737244013535268,-0.010604001082009207,0.0,netfc_VentSal__VentSal,0.04454168043476765,CentExe,0.2982456140350877,7,0.2982456140350877,0.0010934883926704336
1424,36167,0.07247895791583166,0.013831858378065621,0.0014956012818654776,0.008998508538591925,0.1964076127396312,0.4523804068336904,-0.02328737440807438,0.08885095575638828,fc_mean,0.6453346280223327,CentExe,0.2291868277711726,0,0.17762048276052755,0.013831858378065621
1425,2472,0.004953907815631263,0.0018216300350823976,3.5318468452932535e-05,0.0003247883919121598,0.04678906300235474,0.0501164905700513,-0.016861954729599393,0.0023449036347390475,var_Visu,0.18502242400005164,CentExe,0.2682038834951456,0,0.14805825242718446,0.0018216300350823976
1426,85,0.00017034068136272546,0.0014968041234279625,5.638574025484862e-05,0.0002895186772516509,0.012515927734127357,-0.017367522413713976,-0.016000884284101957,0.0,netfc_Visu__Sens,-0.028754977767884982,DefaultMode,0.32941176470588235,5,0.38823529411764707,0.0014968041234279625
1427,584,0.0011703406813627255,0.0015373520520175414,0.0001752120708611879,0.007469897479541549,0.014944179381603888,0.008962409575337227,-0.014795479024195979,0.00013393585638524384,slope_VentSal,-0.11080612965353316,CentExe,0.285958904109589,9,0.8664383561643836,0.007469897479541549
1428,200,0.0004008016032064128,0.001118650206619374,2.7077047206431897e-05,0.0001677518334691941,0.12300436904980162,-0.0066899151823067715,-0.010417221255045073,0.0,netfc_CentExe__Subc,0.09639456105325306,CentExe,0.25,9,0.215,0.001118650206619374
1430,449,0.0008997995991983968,0.0017141543145716724,0.00014853364299852428,0.0008247935411248557,0.015209279857665212,0.009610268787023979,-0.014664720329211178,0.0001461652674892325,ac1_DefaMod,-0.07069079434379387,CentExe,0.35634743875278396,9,0.36971046770601335,0.0017141543145716724
1431,167,0.0003346693386773547,0.0012626394176903696,0.0001512406542646184,0.00032268527837266576,0.020761838282663925,0.003146254436926843,-0.016001758231345198,6.532202581558896e-05,netfc_DefaMod__Subc,0.1002430999764132,Sensorimotor,0.32335329341317365,5,0.281437125748503,0.0012626394176903696
1433,964,0.00193186372745491,0.0028340664651447553,0.001082718870072482,0.0003257916961234718,0.017564380092769526,0.0398943255606633,-0.009623681529468131,0.000700719097692181,falff_Visu,0.16090923369390278,Visual,0.40560165975103735,5,0.18983402489626555,0.0028340664651447553
1434,812,0.0016272545090180361,0.0015661674706293693,6.883436730938676e-05,0.005395155112572197,0.011255736417438583,-0.003370440899726601,-0.012683706592893085,0.0,var_Sens,-0.05259370796489756,CentExe,0.2869458128078818,9,0.5788177339901478,0.005395155112572197
1436,462,0.0009258517034068136,0.0011218825595828432,3.7609312867291155e-05,0.0003679401230053165,0.0640562878729918,0.009698106667604067,-0.021471262249664003,0.0006212247125230273,fc_mean,0.12467658028939511,CentExe,0.2683982683982684,6,0.22727272727272727,0.0011218825595828432
1438,4348,0.008713426853707415,0.4066674329835963,0.012055090215537754,0.0001445396253875737,0.009904133505909712,-0.02006263715178669,-0.013242566613627993,0.0,var_CentExe,-0.04065086991556865,CentExe,0.7923183072677092,6,0.11844526218951242,0.4066674329835963
1439,15001,0.030062124248496993,0.708833289676891,0.04296156175317093,7.816369374743842e-05,0.010110434820032847,-0.008718088766059173,-0.014344508565646175,0.0,var_Visu,-0.07104362631868522,DefaultMode,0.6912872475168322,2,0.10919272048530097,0.708833289676891
1440,469,0.0009398797595190381,0.0022040815938846052,0.00020328155893208156,0.0024706884599739573,0.011587686744253423,-0.0005140977596618246,-0.01295167053541424,0.0,var_Visu,-0.09296550540426118,Sensorimotor,0.3049040511727079,5,0.509594882729211,0.0024706884599739573
1441,198,0.0003967935871743487,0.0014215897498988611,0.00011420737881616019,2.94731167038655e-05,0.018007839084832087,0.006947246633825177,-0.01957028184208487,0.00012510489946456518,netfc_Visu__VentSal,0.14574754133343448,DefaultMode,0.3333333333333333,9,0.13636363636363635,0.0014215897498988611
1444,210,0.00042084168336673346,0.0011922998973158971,5.405174637657399e-05,9.141651274772809e-05,0.010280696742320171,0.005662054699169139,-0.013378273629387705,5.820986730058678e-05,falff_DefaMod,-0.12033170624777335,DefaultMode,0.29523809523809524,0,0.21428571428571427,0.0011922998973158971
1445,2674,0.00535871743486974,0.005036619194871013,0.00033640711264620296,0.0014738146022784768,0.013707291342774234,0.08529687757736781,-0.014820089364651512,0.0011691891515819275,fc_mean,-0.24095860206743033,DefaultMode,0.29581151832460734,6,0.19222139117427076,0.005036619194871013
1446,176,0.0003527054108216433,0.0010337482358729272,8.231681850014203e-06,0.001067879670160996,0.09020462322183286,-0.00471671176619437,-0.017224183779973368,0.0,netfc_CentExe__Subc,0.0733243759044623,CentExe,0.24431818181818182,0,0.625,0.001067879670160996
1448,525,0.0010521042084168336,0.0016640377586062411,0.00012389262784600667,0.0017283869793209377,0.024242757417064997,-0.0006820069481248137,-0.015555169382142742,0.0,netfc_Subc__Subc,0.10276078464930145,DefaultMode,0.2838095238095238,9,0.44571428571428573,0.0017283869793209377
1451,1237,0.0024789579158316635,0.002559065880904627,0.0003237446301815993,0.00024771557105598025,0.011520651136485056,0.04625797641827545,-0.013790634910096466,0.000532922008594704,ac1_CentExe,-0.21863768330909727,CentExe,0.30234438156831045,2,0.1406628940986257,0.002559065880904627
1452,107,0.00021442885771543087,0.0010537827347285862,2.9375057643468716e-05,0.0004479788668177198,0.011197409871331622,-0.015295208907937896,-0.015288245766975628,0.0,falff_Sens,0.0630468793089446,DefaultMode,0.32710280373831774,6,0.4766355140186916,0.0010537827347285862
1453,15697,0.03145691382765531,0.0023944123584643167,0.00010774138110052444,0.08045234875818492,0.012539106183408276,0.002761797306018665,-0.012962046922789128,3.4630469677218964e-05,var_Visu,-0.09260441671831354,CentExe,0.25705548830986813,4,0.4788176084602153,0.08045234875818492
1454,190,0.0003807615230460922,0.0019889518185126982,0.00019091022480706194,0.00044031200597655296,0.015817853994309784,-0.004228987187821165,-0.014323852271089121,0.0,fc_mean,0.13917573853289067,Visual,0.3736842105263158,4,0.3263157894736842,0.0019889518185126982
1455,326,0.0006533066132264529,0.007276118914095602,0.000592203582580047,0.00014460596464290558,0.017624093488008752,0.05613882640037593,-0.01682043791015242,0.0009893959247873193,falff_VentSal,0.2578950902833197,Sensorimotor,0.44171779141104295,3,0.1901840490797546,0.007276118914095602
1458,867,0.0017374749498997996,0.0013458882594736476,0.00011876271544539193,0.0033259841083401903,0.012332005334570205,-0.005349910313142026,-0.009803597466523817,0.0,netfc_Visu__DefaMod,0.038788470363957696,CentExe,0.3021914648212226,3,0.42560553633217996,0.0033259841083401903
1459,172,0.000344689378757515,0.002043528469790729,2.9054686226558847e-05,9.941381562648724e-05,0.012038234615158483,-0.01111120865889026,-0.015218668393611967,0.0,falff_DefaMod,-0.03205224766337551,DefaultMode,0.2558139534883721,7,0.18604651162790697,0.002043528469790729
1460,402,0.0008056112224448898,0.0012656603300281709,4.103493885320418e-05,0.003966655542886451,0.018489426594007752,0.010530049579461576,-0.01624012189916546,0.000194694578730717,fc_mean,0.13713311186107144,DefaultMode,0.2835820895522388,0,0.7611940298507462,0.003966655542886451
1464,785,0.0015731462925851704,0.0020337416693095357,3.823944171873742e-05,0.001537608588894808,0.016129149861531987,0.06646951783279964,-0.01181513945048196,0.0010720968143489982,fc_mean,0.286357704497936,CentExe,0.30318471337579617,0,0.31337579617834393,0.0020337416693095357
1465,319,0.0006392785571142284,0.0009793826041888472,2.4742768178974825e-05,0.00018621813461742494,0.13605056367847243,-0.0053693459102455154,-0.016315060125010605,0.0,netfc_Sens__DefaMod,0.12256833372170625,CentExe,0.2852664576802508,2,0.2507836990595611,0.0009793826041888472
1469,28430,0.056973947895791584,0.7863365695172106,0.03211108221548152,0.00023038502758117763,0.010695144635715135,0.03370777441552164,-0.017642306918054684,0.00036050952272206216,var_Sens,-0.17818227341961984,DefaultMode,0.42493844530425606,6,0.10647203658107633,0.7863365695172106
1470,195,0.0003907815631262525,0.0009652810075716151,2.595930321219667e-05,0.00012903895790400684,0.05380755359166485,-0.00032120963990855955,-0.013484188916658812,0.0,netfc_Visu__DefaMod,0.10961298421999718,CentExe,0.2358974358974359,9,0.18974358974358974,0.0009652810075716151
1471,50,0.0001002004008016032,0.0021363869638683364,0.0002254447244070371,0.0002260140110170988,0.013684148049909564,-0.01254811236888953,-0.010053300553122702,0.0,falff_Sens,0.09732600903963393,Visual,0.66,5,0.52,0.0021363869638683364
1473,74,0.00014829659318637273,0.0012482973237686534,1.2073963191915569e-05,0.00019056098977035752,0.009861454819143177,-0.008843127993552802,-0.018790911421799006,0.0,slope_DefaMod,0.03897592892300941,CentExe,0.3108108108108108,5,0.3108108108108108,0.0012482973237686534
1476,895,0.0017935871743486973,0.0015942859043891712,0.00015621704825789984,0.0017609300230307815,0.014092467285193234,0.03342994305965008,-0.018273065569288427,0.0004711103789139914,var_Visu,0.186219237275722,DefaultMode,0.2849162011173184,5,0.30614525139664805,0.0017609300230307815
1477,110,0.00022044088176352705,0.0009941364396094548,4.1338830770340355e-05,9.355845872326607e-05,0.010878788207013249,-0.007751570061921953,-0.01573838305904607,0.0,netfc_VentSal__DefaMod,-0.06358129747391784,CentExe,0.2727272727272727,7,0.20909090909090908,0.0009941364396094548
1481,327,0.000655310621242485,0.0020340624880152555,0.00011904753604780827,0.0001162534288615044,0.012363279174459963,0.025229757668853936,-0.016596298912228136,0.00031192253756401344,ac1_DorsSal,0.1912089632025232,Visual,0.29357798165137616,7,0.1834862385321101,0.0020340624880152555
1482,77,0.00015430861723446894,0.002545559029069242,0.00017122655525808478,0.0002172044502935669,0.014210052977851273,-0.011885251930374707,-0.012821457551428272,0.0,var_VentSal,-0.05582028254754273,CentExe,0.6623376623376623,6,0.37662337662337664,0.002545559029069242
1483,107,0.00021442885771543087,0.0013373588830434186,3.4199547975677606e-05,0.0001818672043945012,0.011644561996033753,-0.006169544971946772,-0.016381297404250317,0.0,ac1_CentExe,0.09298218036208937,DefaultMode,0.35514018691588783,6,0.2616822429906542,0.0013373588830434186
1485,392,0.0007855711422845691,0.0014383756118742036,2.8226775969811386e-05,0.0025902133606105653,0.012896865229467544,-0.008865427183827324,-0.023482796120290583,0.0,fc_mean,-0.0645923753470714,CentExe,0.3010204081632653,2,0.6071428571428571,0.0025902133606105653
1486,109,0.00021843687374749498,0.0012718873472134578,0.00011322044635069031,0.00044407100613412086,0.01945138110644801,-0.0021600799800920445,-0.016341201088914792,0.0,netfc_Sens__DefaMod,0.09653616418091393,Sensorimotor,0.43119266055045874,7,0.45871559633027525,0.0012718873472134578
1487,610,0.001222444889779559,0.0019089858699766961,5.1699888524624835e-05,0.0011471771895983289,0.03805706355455528,0.01283258740245452,-0.01695274806428637,0.0004883705943445971,netfc_Sens__DefaMod,0.15665737250515294,CentExe,0.2967213114754098,9,0.2754098360655738,0.0019089858699766961
1488,351,0.0007034068136272545,0.001754387648450568,9.997384270272272e-05,7.616407880133794e-05,0.01072497073772201,-0.013677266684369194,-0.017524532113449176,0.0,ac1_CentExe,-0.03370837099307417,CentExe,0.3190883190883191,4,0.16524216524216523,0.001754387648450568
1489,53077,0.10636673346693387,0.005902374235033018,0.0007192681138191464,0.2004679279043321,0.01639001997381471,0.04443757634302481,-0.016777674386337926,0.0007283327638500927,ac1_VentSal,0.1991791655229197,CentExe,0.23959530493434067,3,0.3470052941952258,0.2004679279043321
1492,60,0.00012024048096192385,0.00754808348171018,0.0006644675019274377,0.00022364957653337502,0.010528250837821634,-0.013875654372599966,-0.01601148496946414,0.0,var_DorsSal,0.06015840628938527,Subcortical,0.5166666666666667,5,0.43333333333333335,0.00754808348171018
1493,126,0.00025250501002004006,0.0012191402529936409,7.996134558259222e-05,0.00029189085467599995,0.012022135383675102,-0.013649161481404715,-0.013011194323154118,0.0,netfc_Sens__DefaMod,0.031169186672860286,CentExe,0.2698412698412698,8,0.31746031746031744,0.0012191402529936409
1494,555,0.0011122244488977957,0.0025692770878911145,0.00012981530249853962,0.0006432786937823311,0.013319172907181837,-0.006328969100703574,-0.013916657891478446,0.0,slope_Sens,-0.07677017048759434,Sensorimotor,0.22702702702702704,9,0.23603603603603604,0.0025692770878911145
1495,277,0.0005551102204408817,0.0010332027177688153,0.00011722136358663779,0.0003359958234997021,0.0965565679850077,0.007703677080093674,-0.012644247514954854,0.0007438406197186104,netfc_DefaMod__DefaMod,0.12435239614405134,Visual,0.2996389891696751,3,0.23104693140794225,0.0010332027177688153
1496,58,0.00011623246492985972,0.0008951585445338938,4.222297658775038e-05,0.00015952939979640537,0.07409696552483416,-0.013693622562237717,-0.008824989524657711,0.0,netfc_DorsSal__DefaMod,0.049757491321714815,Visual,0.3793103448275862,9,0.3448275862068966,0.0008951585445338938
1498,265,0.000531062124248497,0.0015408450651766886,5.1265849161829616e-05,0.00031981056367773596,0.011884136917769352,-0.017625457122676824,-0.01733170387834093,0.0,slope_DefaMod,-0.041385971377633696,CentExe,0.33584905660377357,4,0.27169811320754716,0.0015408450651766886
1499,685,0.001372745490981964,0.0020148757151095664,0.00036929208591351194,0.00252717324131746,0.024201688464086615,0.04561680860783235,-0.010866318873066882,0.0011040037906526231,netfc_Visu__Sens,0.22906995688547654,Visual,0.3021897810218978,8,0.42773722627737226,0.00252717324131746
1501,518,0.0010380761523046092,0.0021404155360481786,3.3011310485307474e-05,0.00026571921765814155,0.013049436883995562,0.018017938766682895,-0.014034841855724789,0.00023512395471552528,var_Visu,0.16890237740022065,CentExe,0.2915057915057915,3,0.18725868725868725,0.0021404155360481786
1502,52,0.00010420841683366733,0.0008525180576314722,7.594399846364248e-06,0.00018179441935915194,0.1965622066649914,-0.023055554305376535,-0.012085254101313891,0.0,netfc_Subc__Subc,0.07199113218540919,CentExe,0.23076923076923078,2,0.34615384615384615,0.0008525180576314722
1504,44942,0.09006412825651303,0.003529150011541219,0.00023644583356150587,0.11015579395764719,0.021105754618080435,0.26430988690369606,-0.011337928777583217,0.005578459616122001,slope_Sens,0.41953552478387696,CentExe,0.26643229050776557,4,0.28681411597169687,0.11015579395764719
1505,1826,0.003659318637274549,0.001905418753270042,0.00016693200671098385,0.0025203597396290622,0.04842690777496305,0.05369370458425804,-0.014508773125798458,0.0026002200799979747,fc_mean,0.2508826415859543,Sensorimotor,0.20262869660460023,2,0.26889375684556405,0.0025203597396290622
1506,265,0.000531062124248497,0.0010413650802721492,4.763654538635134e-05,0.0007864828006329331,0.015872898090211196,-0.0027388227256586184,-0.011509783191658629,0.0,falff_DorsSal,0.10016224503516884,CentExe,0.32452830188679244,6,0.3886792452830189,0.0010413650802721492
1507,113,0.00022645290581162325,0.001384096560148213,9.382754414895328e-05,0.0002556977756578684,0.014364174768325376,0.006214603845776434,-0.020042970011139527,8.92676557566397e-05,slope_Sens,-0.15130896544576394,Sensorimotor,0.35398230088495575,5,0.3185840707964602,0.001384096560148213
1508,262,0.0005250501002004008,0.0015875637041102043,0.00010691862605751003,8.930153172539443e-05,0.010645401569819642,-0.005072074816512506,-0.014691049826931257,0.0,netfc_VentSal__VentSal,-0.09015219076983445,Sensorimotor,0.27099236641221375,7,0.1946564885496183,0.0015875637041102043
1511,26340,0.05278557114228457,0.8386850709572685,0.1858722011366863,0.00012456263939628374,0.010299980452541019,0.016758725172215105,-0.014302944305276233,0.0001726145416833227,netfc_Visu__DorsSal,-0.1506447624903413,Visual,0.8076689445709947,3,0.10432801822323462,0.8386850709572685
1512,127,0.00025450901803607213,0.0018317844631657524,0.00010148568548930453,0.0001099641770674612,0.011758838793529045,-0.0036434887305474284,-0.01510979406806534,0.0,var_VentSal,0.0786775738726584,Visual,0.1968503937007874,6,0.2125984251968504,0.0018317844631657524
1513,211109,0.423064128256513,0.1111738434723852,0.013155846328789552,0.013247067199797421,0.05137725421697664,0.2857284665830161,-0.01756361320592159,0.014679944064662533,fc_mean,-0.451360925646423,CentExe,0.2641479046369411,3,0.11691590600116528,0.1111738434723852
1514,129,0.00025851703406813627,0.0009717455314643296,4.126211022577952e-05,0.0001408671834865188,0.046656504180626376,-0.008527780628379222,-0.009670952475375083,0.0,netfc_Sens__VentSal,0.091210704521443,Visual,0.26356589147286824,7,0.24806201550387597,0.0009717455314643296
1516,3264,0.006541082164328658,0.0029987213367770773,0.00015274214874934025,0.005350435065135844,0.01239047857892111,0.032920941315960794,-0.010478489157013104,0.00040790621817333116,ac1_Sens,-0.1867418843172911,CentExe,0.29963235294117646,6,0.2757352941176471,0.005350435065135844
1517,57,0.00011422845691382766,0.0008196253957370505,9.838302070672427e-06,0.00040611323032155045,0.11007269597605446,-0.013785925252568942,-0.02702777990434191,0.0,netfc_DorsSal__DefaMod,0.04829892662527145,CentExe,0.2807017543859649,0,0.5964912280701754,0.0008196253957370505
1518,10818,0.02167935871743487,0.6734792916469594,0.025870212710858244,6.572744304500437e-05,0.01013129894655015,0.029420310826057894,-0.01674479197219947,0.0002980659640792183,netfc_Sens__DefaMod,-0.11563482859048332,CentExe,0.5073026437419116,3,0.1071362543908301,0.6734792916469594
1519,155,0.00031062124248496995,0.0010826526215111751,3.0163088209906423e-05,0.00010954075777139461,0.011381896327683246,-0.003969519477917682,-0.015160183546680805,0.0,ac1_Sens,-0.08753843323052503,DefaultMode,0.2903225806451613,2,0.21935483870967742,0.0010826526215111751
1520,100,0.0002004008016032064,0.0008949539419914282,1.6021603275047496e-05,0.0008014640958052777,0.06304202872025115,-0.010551036850405815,-0.012841108587666739,0.0,netfc_Visu__DefaMod,0.08419689035901183,DefaultMode,0.26,9,0.73,0.0008949539419914282
1521,50,0.0001002004008016032,0.0022103972287876596,0.00011738947360646703,0.0001108140286016508,0.01058666376187743,-0.012991455736086177,-0.014650911764363617,0.0,slope_Visu,0.030081031663456378,Visual,0.46,5,0.34,0.0022103972287876596
1522,3524,0.007062124248496994,0.009432802426148563,0.0012632748266107796,0.0012232789041621939,0.061584354187548214,0.19871786974562644,-0.01811276949913765,0.01223791167380973,var_Visu,0.40599177302876366,CentExe,0.3427922814982974,7,0.17622020431328037,0.009432802426148563
1523,168,0.0003366733466933868,0.0011501869364889635,4.0674808504674916e-05,9.744527949276875e-05,0.010843395582265282,-0.009646896021625384,-0.01389156601542707,0.0,var_Sens,0.04854646046082758,CentExe,0.35119047619047616,2,0.2261904761904762,0.0011501869364889635
1525,414,0.0008296593186372745,0.0015239354762922855,9.670401072068687e-05,0.0010730015850394419,0.0255418963035597,0.02664598168315213,-0.013400128242686105,0.0006805889010576229,netfc_Visu__DefaMod,0.19202575369257438,DefaultMode,0.2246376811594203,0,0.41304347826086957,0.0015239354762922855
1528,179,0.0003587174348697395,0.0009705380208675201,3.643095835626443e-05,0.001988028203772728,0.08224599191540337,-0.002016055633407232,-0.010259431393087715,0.0,fc_mean,0.10711415523392202,Visual,0.24581005586592178,0,0.8435754189944135,0.001988028203772728
1529,1202,0.002408817635270541,0.38445957449550117,0.004470059998777249,5.068248748415025e-05,0.01026110162844844,-0.008503830207704288,-0.011816976689616565,0.0,netfc_DorsSal__DefaMod,-0.06907322276224268,CentExe,0.8718801996672213,6,0.12396006655574043,0.38445957449550117
1530,1047,0.002098196392785571,0.0022110443176091127,0.00018190050183642824,0.0010562988924462395,0.01342716578239448,0.026919410600743765,-0.017539787797152595,0.00036145138890053395,var_Visu,0.15742258774109713,Sensorimotor,0.21203438395415472,5,0.21967526265520534,0.0022110443176091127
1531,166,0.00033266533066132265,0.0013393065905826116,2.9331443012463378e-05,9.499443347805703e-05,0.012089566442521057,0.012645002247720138,-0.015057752587200213,0.00015287259483964073,ac1_DefaMod,0.1526768694158691,CentExe,0.29518072289156627,2,0.19879518072289157,0.0013393065905826116
1533,62,0.00012424849699398796,0.0034299313390953063,0.0004142757452541349,0.00022903866807983937,0.011745286989344019,-0.012943424848645968,-0.014857841899491131,0.0,falff_Sens,0.04441696242492231,Visual,0.8870967741935484,9,0.46774193548387094,0.0034299313390953063
1534,883,0.0017695390781563127,0.0025703592088414935,0.00021545556395960677,0.0009743535541528382,0.01199531765133864,0.014788466486434615,-0.012373192961631974,0.00017739235308095904,var_Sens,0.10978599940202896,CentExe,0.2129105322763307,5,0.2536806342015855,0.0025703592088414935
1535,36944,0.07403607214428858,0.005728788754160057,0.0015778159693752,0.0019021353234585146,0.09234751601175584,0.1934447574721293,-0.010969922664389342,0.017864142838047686,fc_mean,0.432021957853209,CentExe,0.2946621914248592,9,0.12085859679514942,0.005728788754160057
1538,36543,0.07323246492985971,0.0038631817906208798,0.00017314247500050596,0.0015288614684161057,0.23994619911024453,0.009042879629165057,-0.015558594883265497,0.0021698045960296133,netfc_VentSal__DefaMod,0.06912489094909306,CentExe,0.25662917658648715,4,0.12316996415182115,0.0038631817906208798
1539,96,0.00019238476953907816,0.0008753963862200427,3.6486561322265208e-06,0.0004654541840611158,0.25064974059948447,-0.008520384249800728,-0.013129405785094805,0.0,netfc_Visu__Subc,0.02755906909814847,CentExe,0.2708333333333333,0,0.5833333333333334,0.0008753963862200427
1540,163,0.00032665330661322644,0.001101821095847938,3.4314260476957925e-05,0.00016825242700762685,0.010631484562379933,-0.00929416827061691,-0.01075959770363677,0.0,falff_CentExe,-0.07738705719448268,Sensorimotor,0.27607361963190186,0,0.25766871165644173,0.001101821095847938
1542,228,0.00045691382765531064,0.001264421740395298,0.00011668857674646733,0.00010514784651348362,0.026576380717881324,0.046488300107683234,-0.015951933862662804,0.001235490762588913,var_Sens,0.24231436155383487,Sensorimotor,0.2894736842105263,9,0.2149122807017544,0.001264421740395298
1543,110,0.00022044088176352705,0.0013166263048455138,3.2042277495176423e-05,0.00015297786435148578,0.018085344230279517,-0.02170104128473138,-0.014671559233911058,0.0,netfc_Subc__Subc,0.0959845084139239,DefaultMode,0.32727272727272727,0,0.24545454545454545,0.0013166263048455138
1545,101,0.00020240480961923848,0.0009424336577151233,2.7364796092987455e-05,0.00013934663738257968,0.095388454527026,-0.02722454926172979,-0.019823656207925477,0.0,netfc_DefaMod__DefaMod,0.12033926039105099,DefaultMode,0.33663366336633666,3,0.32673267326732675,0.0009424336577151233
1546,1723,0.0034529058116232465,0.010401363282009166,0.0019828721748141515,4.045419103487424e-05,0.011195577135178714,0.005595082380240979,-0.015297797969397564,6.26401763656672e-05,slope_DorsSal,0.10967764643725056,CentExe,0.3865351131746953,1,0.12013929193267557,0.010401363282009166
1549,126,0.00025250501002004006,0.0024489897521929177,0.00014531650396452998,0.00010224683806995798,0.010250520672086899,-0.0064057291086594415,-0.011971851557724955,0.0,var_Sens,0.04724673291872303,Sensorimotor,0.42857142857142855,6,0.20634920634920634,0.0024489897521929177
1551,54,0.00010821643286573147,0.0033875913002485896,0.000122355912881135,6.291674484012243e-05,0.01889980410085785,-0.00937138226180978,-0.01992917319791143,0.0,falff_Subc,0.09124326925109076,Visual,0.5740740740740741,6,0.24074074074074073,0.0033875913002485896
1552,4924,0.009867735470941883,0.00778189449979062,0.00205364313031794,0.0008055048670268246,0.02423933613695598,0.07278770843416793,-0.0183971150256248,0.0017643257313745425,slope_Visu,-0.25111543532572667,Visual,0.28107229894394803,5,0.13444354183590576,0.00778189449979062
1553,230,0.0004609218436873747,0.0009542033347384654,5.242791788610392e-05,0.00029343134005246056,0.3073827524923547,-0.006706588688276449,-0.014305173453391884,0.0,netfc_CentExe__DefaMod,0.11444232233231297,Visual,0.30869565217391304,0,0.26521739130434785,0.0009542033347384654
1555,208,0.0004168336673346693,0.0011869631837394343,0.00016241300555650597,0.002343966330951935,0.06331826253246339,0.0005365613060640539,-0.01884352732315575,3.397412964212521e-05,netfc_VentSal__DefaMod,0.07789018407851282,Visual,0.3894230769230769,9,0.8509615384615384,0.002343966330951935
1556,37536,0.07522244488977956,0.0021965966185795664,5.757903822929341e-05,0.26119247961801373,0.023976453442811387,0.22250506709497408,-0.01701556711449581,0.00533488238199227,slope_Sens,0.43934297453585636,CentExe,0.2526641091219096,2,0.4955242966751918,0.26119247961801373
1558,389,0.0007795591182364729,0.001849930712094089,9.005696883177211e-05,0.0004449766303483861,0.021493565897386383,0.010084793269308667,-0.014116744613915655,0.0002167581686954045,slope_Sens,-0.1673239401661264,CentExe,0.2544987146529563,6,0.2750642673521851,0.001849930712094089
1559,205,0.00041082164328657317,0.00373774441360267,0.00012999472195289114,5.1462319208528916e-05,0.010862901976381113,-0.004957634214597162,-0.024698060164357827,0.0,ac1_Sens,0.09593089684491182,DefaultMode,0.43414634146341463,6,0.17560975609756097,0.00373774441360267
1562,52,0.00010420841683366733,0.0008981158027673401,4.457424047670483e-05,0.0005467642266481027,0.07877465542095172,-0.012207795093654772,-0.009997498519340287,0.0,netfc_Sens__DefaMod,0.03618058302545168,Visual,0.34615384615384615,0,0.8461538461538461,0.0008981158027673401
1564,148,0.00029659318637274547,0.001115034260363565,4.758898995316857e-05,9.121549610957084e-05,0.012965395916782117,-0.009394646774836035,-0.012320776492774632,0.0,ac1_DefaMod,-0.04288574998859294,DefaultMode,0.33783783783783783,8,0.1891891891891892,0.001115034260363565
1566,107,0.00021442885771543087,0.0009930094900375216,2.995327247760267e-05,0.0006052644606744096,0.023911737690755004,-0.010639164890476005,-0.011445520357279637,0.0,var_Sens,-0.051002039913951705,DefaultMode,0.3364485981308411,9,0.5794392523364486,0.0009930094900375216
1567,69,0.00013827655310621242,0.0008361144176896461,2.9451152392446013e-05,0.0001077701544998658,0.009865682229383338,-0.013200657827949547,-0.017287221897264615,0.0,var_DorsSal,0.03612808058723165,Sensorimotor,0.2898550724637681,0,0.34782608695652173,0.0008361144176896461
1569,316,0.0006332665330661323,0.0010049082678271527,3.424533646577203e-05,0.00019645788984884322,0.012037991240495372,0.0009751776411974777,-0.01995702649972486,1.1739179902662175e-05,var_Visu,0.11774293210927828,DefaultMode,0.310126582278481,3,0.18670886075949367,0.0010049082678271527
1570,32483,0.06509619238476953,0.0029155070982917575,0.00018902577466146489,0.25161249551184495,0.017542261405952875,0.02319499099946709,-0.0067576678903285,0.00040689259542137584,falff_Sens,0.15541191056002748,CentExe,0.2549025644183111,0,0.6205091894221593,0.25161249551184495
1571,86061,0.17246693386773548,0.003228229456573381,0.0006571133970985204,0.011951586176061532,0.2150752115970726,0.05975688276294189,-0.010325507843320869,0.012852224204621187,fc_mean,0.21187123954962503,CentExe,0.25430799084370387,2,0.13510184636478775,0.011951586176061532
1572,50,0.0001002004008016032,0.0015310222914151626,7.028532259612375e-05,0.00010059023335202444,0.01159470202118887,-0.008370822119604604,-0.010605116402481629,0.0,ac1_DefaMod,0.09982101230781867,CentExe,0.5,7,0.36,0.0015310222914151626
1574,202,0.00040480961923847696,0.0010404328425800229,0.00010923655365129587,0.0005371719047814388,0.010569196463871968,-0.004325298580849513,-0.00945740306037779,0.0,var_Sens,0.07259822639436696,Sensorimotor,0.32673267326732675,8,0.32673267326732675,0.0010404328425800229
1576,511,0.0010240480961923848,0.0028780673820395443,0.00019964449084898327,8.672596432621997e-05,0.011601045496406089,-0.008318268105268256,-0.012195536975468935,0.0,var_Sens,0.09612181194472559,DefaultMode,0.3424657534246575,6,0.15459882583170254,0.0028780673820395443
1577,388,0.0007775551102204409,0.25703278854163764,0.0017921510824274404,0.0017530454738046498,0.009708350875534007,-0.016814432543775792,-0.013895036085737944,0.0,netfc_Visu__DorsSal,-0.025502494259250913,CentExe,0.9922680412371134,9,0.32989690721649484,0.25703278854163764
1579,108,0.00021643286573146294,0.0023789796926358057,5.830307819925379e-05,0.0003449067153566238,0.01094969935383186,-0.015735839909006177,-0.020446217399384903,0.0,netfc_Visu__VentSal,-0.03475914186952857,CentExe,0.37037037037037035,3,0.3888888888888889,0.0023789796926358057
1580,4606,0.009230460921843688,0.0018234530119326552,0.00010759646932639611,0.05046694224888024,0.014492300062217793,0.026369633574437334,-0.019760591007790484,0.0003821566422914786,var_Sens,-0.17325354956813965,CentExe,0.23100303951367782,5,0.7959183673469388,0.05046694224888024
1581,1169,0.002342685370741483,0.002208316593056696,0.00020680831198027956,0.009738269951870217,0.013174627002186589,0.01436197703077391,-0.013708459837407538,0.0001892136903944175,fc_sd,-0.13031141246753172,CentExe,0.22070145423438836,4,0.6860564585115483,0.009738269951870217
1582,69,0.00013827655310621242,0.0009789694848712862,1.3538967708466809e-05,0.00014294664137185758,0.01340654852087173,-0.020515944968775957,-0.012415677088752908,0.0,ac1_Sens,0.0655564930118972,DefaultMode,0.2463768115942029,4,0.2898550724637681,0.0009789694848712862
1583,71,0.00014228456913827655,0.0010751522972248175,1.241220681214379e-05,0.00020867196422668538,0.052882467387538365,-0.01730621010991884,-0.011084411355012369,0.0,netfc_Subc__Subc,0.059233116653433476,CentExe,0.3380281690140845,0,0.352112676056338,0.0010751522972248175
1585,54,0.00010821643286573147,0.0011226277818474706,3.277375910519439e-05,0.00020577347417733026,0.010664932987382112,-0.008084299955949614,-0.0188045495927609,0.0,falff_DorsSal,-0.059782080440857546,Visual,0.3333333333333333,0,0.5,0.0011226277818474706
1588,4317,0.008651302605210421,0.0656102584359178,0.004650974432963266,0.0001242798419960084,0.012955684025659773,0.06418252704249972,-0.017806447717269025,0.00083152854033099,falff_VentSal,0.21980450493223486,DefaultMode,0.46351633078526755,0,0.12091730368311328,0.0656102584359178
1589,336,0.0006733466933867736,0.0013539050616072652,7.441637648614367e-05,0.0005807484715765062,0.012512172632741698,-0.018124163880825384,-0.01358023711250822,0.0,var_VentSal,0.0400863257408062,CentExe,0.23809523809523808,6,0.2916666666666667,0.0013539050616072652
1592,495,0.0009919839679358717,0.15496286999012773,0.0019957434934981685,2.3433886319683097e-05,0.010622557339141248,-0.0022326431391181956,-0.012787325152360252,0.0,var_CentExe,-0.08587242632011735,CentExe,0.8929292929292929,5,0.12323232323232323,0.15496286999012773
1595,56,0.00011222444889779559,0.00122800913363725,2.692959617479333e-05,0.0002977451843410324,0.03654897495651911,-0.010937210872713043,-0.02667266672326396,0.0,netfc_Visu__Subc,0.054691233446870165,DefaultMode,0.21428571428571427,6,0.5357142857142857,0.00122800913363725
1598,20103,0.04028657314629259,0.6225204971571392,0.04947341347279514,3.62248902458206e-05,0.010536902816159998,0.00018647304294927558,-0.01034312836807616,1.9648483313901462e-06,netfc_Sens__CentExe,-0.09629061744241192,Sensorimotor,0.5048002785653882,8,0.10540715316121972,0.6225204971571392
1599,68,0.00013627254509018035,0.0008566442664080683,7.509427371589802e-06,0.00020399862323527255,0.010108092734858435,-0.012311389026526953,-0.017850132582280853,0.0,netfc_DefaMod__DefaMod,-0.047341882295635525,CentExe,0.25,6,0.3382352941176471,0.0008566442664080683
1601,696,0.0013947895791583166,0.0015075727110308286,0.00017923225659668125,0.003098385550050385,0.012616507512217306,-0.008510199353261028,-0.022429292019277902,0.0,netfc_DorsSal__DefaMod,-0.08734246976945903,Visual,0.27011494252873564,3,0.4410919540229885,0.003098385550050385
1602,301,0.0006032064128256513,0.018250766088739115,0.0010859509123822525,5.332457150453801e-05,0.011659749261009525,0.018481482163497986,-0.019571141626148814,0.00021548944799820637,var_Sens,0.14619823309146007,Sensorimotor,0.6312292358803987,5,0.14285714285714285,0.018250766088739115
1603,149,0.00029859719438877754,0.000753722470953465,1.1663272064377898e-05,0.00011233309974862678,0.5595569350800074,-0.008183578574028738,-0.009002635903002876,0.0,netfc_Sens__Subc,0.05441581698662038,DefaultMode,0.3087248322147651,8,0.16778523489932887,0.000753722470953465
1604,122,0.00024448897795591184,0.0010597074184945418,2.6772868044298073e-05,0.0005102772286631115,0.011861745934744494,0.001601361343375407,-0.01946418288704521,1.8994941404840216e-05,fc_mean,0.12320735740098655,DefaultMode,0.3524590163934426,6,0.5245901639344263,0.0010597074184945418
1605,8237,0.016507014028056113,0.8580079024504825,0.04235424290010549,5.768163104447345e-05,0.010116798540570062,-0.006928719628056523,-0.012035392820880952,0.0,netfc_Visu__Sens,-0.06355728153693158,DefaultMode,0.9518028408401117,5,0.10938448464246692,0.8580079024504825
1606,332,0.0006653306613226453,0.0018649991829187897,6.303812872606315e-05,0.0011831700193102727,0.016490412930810036,-0.00770007710463827,-0.0190289753873516,0.0,netfc_VentSal__CentExe,0.0671536786284342,CentExe,0.3493975903614458,8,0.3825301204819277,0.0018649991829187897
1607,79,0.00015831663326653308,0.0009066081780168496,1.6552609727764246e-05,5.921022302661825e-05,0.019742810713829967,-0.013876948387665955,-0.011466690382040401,0.0,var_Visu,-0.05857717593517368,CentExe,0.24050632911392406,1,0.22784810126582278,0.0009066081780168496
1608,122,0.00024448897795591184,0.0011270927729431133,0.0001410307530036217,0.0005003034731232442,0.07284142764414353,-0.025352142617528717,-0.011413538225059305,0.0,netfc_DefaMod__DefaMod,0.07331119869667051,Visual,0.4344262295081967,7,0.47540983606557374,0.0011270927729431133
1609,176,0.0003527054108216433,0.001779903655503969,5.69762948653935e-05,0.0002910443387611017,0.01068265042027331,-0.010042647404291838,-0.015689355364029378,0.0,var_DefaMod,0.06411577313621288,CentExe,0.21022727272727273,6,0.2840909090909091,0.001779903655503969
1611,197,0.0003947895791583166,0.002077291032229877,8.773314344568236e-05,7.565527282661734e-05,0.012280146686230104,-0.007185827006614742,-0.01566983939815536,0.0,ac1_CentExe,0.07845510209513953,CentExe,0.3299492385786802,1,0.16243654822335024,0.002077291032229877
1612,454,0.0009098196392785571,0.31143859394982093,0.002187087868035203,0.0001194475768558459,0.010108993667150989,-0.006644200171716852,-0.01635468254791128,0.0,var_Visu,0.08680677706571227,CentExe,0.9823788546255506,0,0.15859030837004406,0.31143859394982093
1614,3802,0.007619238476953908,0.00675861049885554,0.0013032047975431243,0.0004961734899965596,0.03194493020658435,0.13159635043123807,-0.018632130287427717,0.004203836229967116,var_Visu,0.3086158143252996,CentExe,0.2990531299316149,2,0.1270384008416623,0.00675861049885554
1616,229,0.0004589178356713427,0.004099738211336493,0.00011951955441276027,0.0015103493813170964,0.012271974134630017,-0.011869510326609989,-0.018552273855744872,0.0,ac1_DorsSal,0.0364674381498543,DefaultMode,0.3406113537117904,6,0.5676855895196506,0.004099738211336493
1618,310,0.0006212424849699399,0.0025739140184935,0.0003636638293355496,0.0009949921932328148,0.010518778079118012,0.009542527789712651,-0.010986188893149729,0.00010037573213380389,fc_mean,-0.1275574823155715,CentExe,0.3032258064516129,4,0.3903225806451613,0.0025739140184935
1619,190,0.0003807615230460922,0.0011681251799715597,4.628054301423483e-05,0.0002747017251101598,0.010910874703187455,0.0025428562932083842,-0.009270298612566563,2.7744786403408383e-05,netfc_Visu__CentExe,0.11635757274034393,CentExe,0.3368421052631579,5,0.2578947368421053,0.0011681251799715597
1620,12960,0.025971943887775552,0.8100735672175241,0.029884395258809263,3.9877287163387854e-05,0.010174151451399419,-0.006670429063009964,-0.01736112994439032,0.0,falff_DefaMod,0.05264808570503205,CentExe,0.6222993827160493,6,0.10516975308641975,0.8100735672175241
1621,192,0.00038476953907815633,0.0012129295468991243,4.693953080244491e-05,0.00019658576685666656,0.013165117546970884,0.00023867365732976875,-0.01590899228338505,3.1421667541118546e-06,netfc_Subc__Subc,0.10305615189002106,Sensorimotor,0.28125,4,0.2760416666666667,0.0012129295468991243
1623,1185,0.002374749498997996,0.0025149097043519982,0.00027423414481019535,0.0002009785426950677,0.011173570435654331,0.06829454876347063,-0.010661253944441729,0.0007630939509798685,ac1_Sens,-0.266118327627671,CentExe,0.2936708860759494,6,0.14852320675105485,0.0025149097043519982
1624,714,0.0014308617234468938,0.0046979511875607505,0.0004953609071625185,3.250260675922271e-05,0.012185618325083964,0.014824195683997843,-0.01724243038168316,0.0001806419905815547,slope_Visu,0.13166308233301155,DefaultMode,0.3319327731092437,1,0.12184873949579832,0.0046979511875607505
1625,120,0.0002404809619238477,0.001848106688684075,0.00031183850849846436,0.00016816894957961728,0.03295645660524738,0.0019089279354497224,-0.01346883113913,6.291150066719325e-05,fc_sd,0.12190657980485688,Sensorimotor,0.5416666666666666,6,0.24166666666666667,0.001848106688684075
1627,1783,0.00357314629258517,0.007837448264541537,0.0014522367436786727,0.0016852523801853957,0.013497711602697759,0.044684496461154355,-0.014354986876359499,0.0006031384463444301,var_Visu,0.13793666517423936,Visual,0.3544587773415592,5,0.21985417835109367,0.007837448264541537
1628,82,0.00016432865731462926,0.004439201052710985,8.954837310309591e-05,4.8696260488711096e-05,0.010674258312810405,-0.01610026552182031,-0.008931164714664375,0.0,var_CentExe,-0.035695460207666646,CentExe,0.524390243902439,5,0.18292682926829268,0.004439201052710985
1629,388,0.0007775551102204409,0.0012022083460840954,5.4632407120806077e-05,0.0004380043052186493,0.012516856072701588,-0.013268268146425122,-0.018689706617900592,0.0,var_Visu,0.059344148434137635,Sensorimotor,0.25773195876288657,7,0.27319587628865977,0.0012022083460840954
1631,146,0.0002925851703406814,0.05526541081972633,0.0005543816547721101,0.00021720471208149157,0.010108947151525431,-0.0015261930133885215,-0.010845951747930682,0.0,falff_DorsSal,0.04661701960422601,CentExe,0.9041095890410958,0,0.3013698630136986,0.05526541081972633
1632,94,0.00018837675350701403,0.0017902362285403507,0.00018497614102631283,7.335920393149856e-05,0.011529375926653873,-0.012514240974620616,-0.01300747905354016,0.0,falff_DefaMod,-0.05746285957437507,Sensorimotor,0.5212765957446809,5,0.24468085106382978,0.0017902362285403507
1633,421,0.000843687374749499,0.0014628906607119024,0.0001720464482873335,0.0006785938452361634,0.05250460746087391,0.007124306259709945,-0.015290854938699194,0.00037405890359711746,netfc_Sens__DefaMod,0.12342159259110021,Visual,0.3159144893111639,2,0.2826603325415677,0.0014628906607119024
1635,67,0.0001342685370741483,0.0010388071085306678,2.1282224242779334e-05,0.00040296284511630466,0.019383068915705643,0.00033089469445313213,-0.010423165515387467,6.413754666426422e-06,fc_mean,0.1005744763864433,DefaultMode,0.29850746268656714,2,0.6119402985074627,0.0010388071085306678
1636,128,0.0002565130260521042,0.002373870173004081,0.00020508164731479318,7.061805979359725e-05,0.011111505174468789,-0.0030087972100840688,-0.012386971960781201,0.0,ac1_Visu,-0.08341333601162738,CentExe,0.4609375,6,0.1796875,0.002373870173004081
1640,76,0.00015230460921843687,0.001320296924144501,2.88795451713486e-05,0.00037759689976746904,0.023420530349119634,-0.01025850026645303,-0.020237186308715405,0.0,var_DefaMod,-0.13100892579364873,DefaultMode,0.3026315789473684,6,0.5263157894736842,0.001320296924144501
1641,471,0.0009438877755511022,0.0014401538736152134,8.742444867575717e-05,0.0002805791047607837,0.01152663608045017,-0.0022516593696262355,-0.014980436510065864,0.0,var_Sens,0.07822777261132387,DefaultMode,0.2760084925690021,2,0.18259023354564755,0.0014401538736152134
1642,58,0.00011623246492985972,0.0012315136641585362,4.812318231598177e-05,6.502627346687878e-05,0.01449713128884833,-0.0020271342228730393,-0.021902477373642704,0.0,var_Visu,0.09036415301108179,Sensorimotor,0.3103448275862069,6,0.3448275862068966,0.0012315136641585362
1644,53,0.0001062124248496994,0.000822953340249089,2.4990674717375446e-05,0.0001466065631136721,0.3428147789417914,-0.01586235535050995,-0.011097212847780646,0.0,netfc_DefaMod__Subc,0.035195376493924124,CentExe,0.33962264150943394,6,0.3018867924528302,0.000822953340249089
1646,25305,0.050711422845691384,0.0014084391780195163,7.098473173322716e-05,0.24639105719238927,0.01336428177131312,0.0021494992687971504,-0.015102741887049742,2.8726513895436637e-05,fc_mean,-0.10304927830676297,CentExe,0.25587828492392806,0,0.7527366133175262,0.24639105719238927
1647,1141,0.0022865731462925853,0.0017280150774025846,0.0002634981724791605,0.01844025982198633,0.014187704061599811,0.010239974955378872,-0.016802253171792403,0.00014528173426510917,slope_Sens,-0.10201557929183723,Visual,0.25503943908851884,9,0.9964943032427696,0.01844025982198633
1648,463,0.0009278557114228457,0.0013474156994946703,0.00014776183775181543,0.0003509412934160184,0.03932550173418659,0.050096934606017274,-0.01825968772344666,0.0019700870887263645,fc_mean,0.21862627230351286,Visual,0.24838012958963282,2,0.2159827213822894,0.0013474156994946703
1649,248,0.0004969939879759519,0.0016474122906042121,0.00013455658592968696,0.001554318435770298,0.014815977631244957,-0.011214893764883715,-0.014641074712596236,0.0,var_DorsSal,-0.03935984806589428,Visual,0.3024193548387097,1,0.5241935483870968,0.0016474122906042121
1651,151,0.0003026052104208417,0.0021201483194214286,0.0002952088054144269,5.329193385599406e-05,0.018691991065889393,0.007293988052767597,-0.012404120345719916,0.0001363391595170359,var_Sens,0.12383617094341277,Visual,0.45695364238410596,8,0.17880794701986755,0.0021201483194214286
1652,248,0.0004969939879759519,0.0022466397168466965,8.416758288113838e-05,0.0008413008453989104,0.011483816143094154,-0.0005570848430027642,-0.014724341039469957,0.0,fc_mean,-0.09430284596650493,CentExe,0.2540322580645161,5,0.4274193548387097,0.0022466397168466965
1653,78,0.000156312625250501,0.0015243067550589243,7.182311611606309e-05,0.0006957852273380342,0.010918429834787576,-0.01960143217563548,-0.018346238989017882,0.0,ac1_DorsSal,0.0674811422150801,CentExe,0.34615384615384615,6,0.7435897435897436,0.0015243067550589243
1654,126979,0.25446693386773545,0.0145091636241647,0.0017194715412001981,0.0020360652751195787,0.028867087150706395,0.023498143018258255,-0.015889885096771694,0.0006783229423878241,ac1_DorsSal,-0.1895638069137234,CentExe,0.26620937320344307,6,0.11290843367800975,0.0145091636241647
1656,203532,0.4078797595190381,0.019754959155831465,0.0029845679947519744,0.0012312907896160584,0.0286833950359533,0.05295056481593974,-0.013413800169608914,0.0015188019679924494,ac1_Sens,-0.2380312038336277,CentExe,0.25870624766621464,8,0.10296169644085451,0.019754959155831465
1659,61,0.00012224448897795592,0.0010583383418815127,4.0107701555770726e-05,0.00019411758827639778,0.013026330271676186,-0.012629195616434385,-0.013370950908541568,0.0,falff_Subc,-0.03562508580081625,CentExe,0.3770491803278688,6,0.4262295081967213,0.0010583383418815127
1663,19398,0.03887374749498998,0.005492691824998278,0.000556693700064111,0.09987327761413207,0.014353140608044082,0.11296245773164326,-0.012034501133150854,0.0016213660392525122,fc_sd,-0.2827813554261151,CentExe,0.2662130116506856,8,0.4431384678832869,0.09987327761413207
1664,124,0.0002484969939879759,0.0013640450656078195,6.908962895683007e-05,0.0005963839959654997,0.09342448540482712,-0.00885827756588542,-0.008875240268702456,0.0,netfc_Sens__CentExe,0.07139394572429504,Sensorimotor,0.3467741935483871,5,0.5241935483870968,0.0013640450656078195
1665,771,0.0015450901803607214,0.002491613480626841,0.00018924096410926182,0.006006184541064817,0.011645528237906136,0.00639754330091491,-0.01540071156744749,7.450277116403181e-05,ac1_DorsSal,0.10872450828099012,CentExe,0.2619974059662776,4,0.6562905317769131,0.006006184541064817
1666,152,0.00030460921843687374,0.000998604905517135,2.3214820003382326e-06,0.00048303808242583713,0.012643627314607053,0.004847344096656658,-0.017813867681817808,6.128801222378737e-05,var_Visu,0.09288519884721659,CentExe,0.2631578947368421,5,0.42105263157894735,0.000998604905517135
1667,57,0.00011422845691382766,0.0010840236271426522,1.840774844798106e-05,0.00024286899313213003,0.0301329705640026,-0.01121235690010014,-0.009151425712230488,0.0,var_Sens,-0.053930986621034405,CentExe,0.21052631578947367,4,0.42105263157894735,0.0010840236271426522
1668,424,0.0008496993987975952,0.0015709765258286926,7.763585962254121e-05,0.0014297575438343832,0.01218637055556314,0.007515206802593322,-0.013600406050565228,9.158309489809107e-05,ac1_CentExe,0.09769603562067886,CentExe,0.2169811320754717,8,0.3915094339622642,0.0015709765258286926
1669,220,0.0004408817635270541,0.0014760605420936674,3.374906235471667e-05,0.000637255054176851,0.012856383282162155,-0.017194488797006358,-0.014348403914661079,0.0,var_Subc,-0.031521528478178525,DefaultMode,0.2863636363636364,8,0.39545454545454545,0.0014760605420936674
1673,416,0.0008336673346693386,0.0011694235548520065,1.0287598339763818e-05,0.00019647238148362602,0.012205520697027523,0.0027387347975385,-0.017161194259932344,3.342768425502565e-05,var_VentSal,0.09233140024333902,CentExe,0.25,7,0.1778846153846154,0.0011694235548520065
1674,5624,0.01127054108216433,0.9346053747311381,0.01656389608167247,1.947302850717896e-05,0.009783038610011913,-0.017034345969560993,-0.006019607644600189,0.0,netfc_Visu__DefaMod,-0.048687392464542865,Visual,0.5254267425320057,1,0.10597439544807966,0.9346053747311381
1675,58,0.00011623246492985972,0.0008005255228227169,7.610585460556395e-06,7.940327542797729e-05,0.5617557443244551,-0.016463756981758504,-0.012042907722463525,0.0,falff_DefaMod,-0.04040792911066765,DefaultMode,0.25862068965517243,2,0.20689655172413793,0.0008005255228227169
1677,192,0.00038476953907815633,0.0012625567150110525,5.2886036035270655e-05,0.00031442067433254964,0.02170440044794308,0.0026204531229658823,-0.017472623502047258,5.687536393591454e-05,ac1_Sens,0.14028123103420476,CentExe,0.3072916666666667,7,0.3020833333333333,0.0012625567150110525
1678,203,0.00040681362725450903,0.0011508051985079247,0.00010609999469242011,0.001084699950528109,0.03262654037562311,-0.006745606830623974,-0.020696462271388105,0.0,netfc_Visu__Visu,0.08369906106290367,Visual,0.2955665024630542,8,0.5566502463054187,0.0011508051985079247
1681,439,0.0008797595190380761,0.0016110556419786576,9.937647558238957e-05,0.001957285812737142,0.009965779008578533,-0.010644268434464754,-0.015102724057060701,0.0,var_Subc,0.03786939801751687,CentExe,0.2938496583143508,9,0.4510250569476082,0.001957285812737142
1682,2189,0.004386773547094189,0.5954262842782415,0.006737596497308904,5.006078067070145e-05,0.009764168363515801,-0.009527573423999902,-0.01724888259978008,0.0,netfc_VentSal__DefaMod,-0.06792320175381147,CentExe,0.7386934673366834,6,0.11831886706258565,0.5954262842782415
1686,149,0.00029859719438877754,0.0013664553860507258,8.89215260039218e-05,0.0006093558310535259,0.039342302526636806,-0.00763325487499511,-0.016541252594561406,0.0,netfc_DefaMod__DefaMod,0.1156633752092998,CentExe,0.35570469798657717,5,0.4228187919463087,0.0013664553860507258
1688,50,0.0001002004008016032,0.0010635084887948031,1.8420389303260933e-05,8.600783392178249e-05,0.013764720400582886,-0.01208367930890697,-0.007395404388232052,0.0,slope_DefaMod,0.044553095251066835,CentExe,0.36,0,0.26,0.0010635084887948031
1692,73,0.0001462925851703407,0.0010945924291213078,1.6180592167137497e-05,0.0002083638421091593,0.041219782587940915,-0.011942181456159773,-0.023680764570178203,0.0,netfc_DorsSal__DefaMod,0.07876602077044616,DefaultMode,0.3424657534246575,4,0.3561643835616438,0.0010945924291213078
1693,307,0.0006152304609218437,0.0036453781045571675,0.0003357172472033656,0.00023663576703994237,0.030001762470936295,0.06627001254703446,-0.016511402810734266,0.001988217175382096,var_Sens,0.24139937670958492,Visual,0.4364820846905538,2,0.2703583061889251,0.0036453781045571675
1695,78,0.000156312625250501,0.002009529501194765,5.542930299796272e-05,0.00022433165630835454,0.017357675222741235,-0.010958145419932341,-0.014146569506467754,0.0,netfc_DefaMod__DefaMod,0.0950294517782206,DefaultMode,0.46153846153846156,9,0.46153846153846156,0.002009529501194765
1696,250,0.000501002004008016,0.0008871008347062822,6.627691731404975e-05,0.0008499531869062639,0.1609229007234938,-0.0038937820594839856,-0.017376445339136737,0.0,var_Sens,-0.07896674505485654,Sensorimotor,0.228,0,0.508,0.0008871008347062822
1698,317,0.0006352705410821644,0.006176509219109821,0.0004982770115760676,0.0004651042779588638,0.010766357149848076,-0.0004929933904651573,-0.015419189360285968,0.0,var_Visu,0.07172290475957169,DefaultMode,0.5362776025236593,3,0.277602523659306,0.006176509219109821
1699,66,0.00013226452905811624,0.0008281364264555156,2.293729586803928e-05,3.03380895311386e-05,0.009871837820019214,-0.0090587728806244,-0.018231787224427976,0.0,netfc_Visu__Visu,-0.0475624706250965,DefaultMode,0.3787878787878788,8,0.19696969696969696,0.0008281364264555156
1701,1065,0.002134268537074148,0.0026116987093683813,0.0002591449153969019,0.0007357071008223013,0.012597840117786337,0.04079594275520504,-0.018544224474743576,0.0005139407642844369,var_Visu,0.2030305244486956,CentExe,0.36056338028169016,7,0.21502347417840376,0.0026116987093683813
1704,173,0.0003466933867735471,0.0008202154251558307,1.463474156156539e-05,6.291065811755098e-05,0.667979520085286,-0.05336886374627725,-0.026180592014289905,0.0,netfc_DefaMod__DefaMod,0.07763562722055618,DefaultMode,0.2832369942196532,0,0.20809248554913296,0.0008202154251558307
1706,94,0.00018837675350701403,0.0008890608963215292,2.4583595916539444e-05,0.0005984965151916413,0.020406071026553417,-0.004677142499922349,-0.01775089248220363,0.0,var_Visu,0.05449419967102517,Visual,0.23404255319148937,4,0.6063829787234043,0.0008890608963215292
1708,472,0.0009458917835671343,0.014667670373140575,0.0006271428890283486,0.00016700948360419196,0.013772676328267147,0.039282915315772104,-0.009042600539175494,0.0005410308778748574,fc_mean,0.19359363215711026,CentExe,0.4491525423728814,5,0.18008474576271186,0.014667670373140575
1709,197,0.0003947895791583166,0.0015361244573220223,0.00014147696051740793,0.0011338379729996467,0.014225615607398297,0.009733452567417089,-0.016708964241856528,0.00013846435475691957,var_Sens,0.13113974236334963,VentSal,0.233502538071066,5,0.5786802030456852,0.0015361244573220223
1711,1602,0.0032104208416833665,0.0014280464633014524,7.794907843541576e-05,0.00043072965283162044,0.07389042582878247,0.06776898406740117,-0.010816074272504306,0.005007479090724247,fc_mean,0.2764002869587971,DefaultMode,0.29463171036204744,6,0.17290886392009988,0.0014280464633014524
1712,282,0.0005651302605210421,0.001850228599343235,0.00012340063740542154,0.0007463464014554054,0.011725187536526904,0.01716166467921132,-0.012911323797919927,0.00020122373680274256,ac1_DorsSal,-0.15948286655950109,Sensorimotor,0.30141843971631205,0,0.3900709219858156,0.001850228599343235
1713,174,0.00034869739478957915,0.001023899203082234,2.4714960089776565e-05,0.0023442674275017403,0.014900668114383793,-0.0011217774520273505,-0.01775761873076509,0.0,var_Sens,-0.10083828579625985,DefaultMode,0.27586206896551724,0,0.9137931034482759,0.0023442674275017403
1714,141,0.00028256513026052104,0.0009652838470299142,1.0615761917789232e-05,0.001702643110204887,0.06075593409747801,-0.007929602231179667,-0.0108389366810695,0.0,netfc_Visu__VentSal,0.06736450898696845,CentExe,0.2765957446808511,0,0.8794326241134752,0.001702643110204887
1715,1567,0.0031402805611222447,0.003878135598655161,0.00048202561276435973,0.0007057529725595907,0.023262542705501474,0.08024787600715821,-0.016668233750229966,0.0018667696426423051,fc_mean,0.28113983893948846,Visual,0.2724952137843012,9,0.21761327377153797,0.003878135598655161
1716,123,0.0002464929859719439,0.0008501192603984708,9.272410566199579e-06,0.0001363819600840817,0.4455275091980542,-0.02044334690295968,-0.008457314231572255,0.0,netfc_Sens__Sens,0.043987573270681896,CentExe,0.2764227642276423,2,0.3089430894308943,0.0008501192603984708
1717,14299,0.028655310621242484,0.008731438734126082,0.0021538613604280728,0.0011105820128798427,0.2738845522531952,0.22943534236893948,-0.014852991300436269,0.06283879601577554,fc_mean,0.3368663972194313,CentExe,0.31659556612350515,9,0.13833135184278622,0.008731438734126082
1720,249,0.0004989979959919839,0.001481843792123251,7.027087719258553e-05,0.00014220888900953174,0.010039691450522154,0.0011960662085873652,-0.014645018339359606,1.2008135688613019e-05,ac1_CentExe,-0.10428760758633371,DefaultMode,0.30522088353413657,5,0.1927710843373494,0.001481843792123251
1721,120,0.0002404809619238477,0.001362011946217473,6.179201366640004e-05,0.00011895584453939636,0.017757429979082712,0.0010370800297242466,-0.02202768174569103,1.8415876010533328e-05,fc_mean,0.11589959320853187,Sensorimotor,0.325,0,0.2833333333333333,0.001362011946217473
1724,235,0.00047094188376753507,0.0013603121151949265,0.00018097472109130825,0.0009017742921290636,0.024462857713023353,0.0411823791533652,-0.019492679731601736,0.001007438681512552,fc_mean,0.21852089123344318,Sensorimotor,0.3276595744680851,4,0.3829787234042553,0.0013603121151949265
1725,79,0.00015831663326653308,0.0008871663362588279,1.4477689519229298e-05,0.0004436698871866669,0.06659233668252348,-0.014330340866039126,-0.00858324080883821,0.0,var_DorsSal,-0.03250899592468813,CentExe,0.34177215189873417,7,0.6075949367088608,0.0008871663362588279
1726,390,0.000781563126252505,0.0014196611482714227,0.00011446519263977299,0.0008867154409726212,0.011703223929319214,-0.00888101608502967,-0.012902385319088161,0.0,netfc_DorsSal__DefaMod,-0.04248597967064696,DefaultMode,0.30512820512820515,2,0.3153846153846154,0.0014196611482714227
1727,107,0.00021442885771543087,0.002619801500318913,0.0002030616007716551,0.00016234466648481602,0.0119036873740552,-0.014608994978785317,-0.01603151836124872,0.0,falff_Sens,0.10288610089577023,Visual,0.4672897196261682,9,0.308411214953271,0.002619801500318913
1729,252,0.0005050100200400801,0.0033573310157674306,0.00017620096569521195,0.00019416618131900548,0.010561854355908593,0.011911524523155914,-0.020492690722351936,0.00012580778717040633,var_Visu,-0.10091128464996324,Sensorimotor,0.29365079365079366,4,0.23809523809523808,0.0033573310157674306
1730,272,0.0005450901803607214,0.001479545064198758,4.069961971562696e-05,0.00035470836171483947,0.024198174377663115,0.011581257627645392,-0.015830359853573173,0.00028024529158640426,fc_mean,0.16269552580345703,DefaultMode,0.29411764705882354,1,0.27941176470588236,0.001479545064198758
1731,91,0.00018236472945891785,0.0010738966481766074,1.93173246933609e-05,5.995978887039921e-05,0.010221089761274761,-0.013558347290979045,-0.015090368204196736,0.0,var_Sens,0.04988721733885695,DefaultMode,0.27472527472527475,2,0.16483516483516483,0.0010738966481766074
1734,91,0.00018236472945891785,0.0013078484045466088,7.475312712284804e-05,4.7853855323087195e-05,0.011735059002247854,-0.00770078849039213,-0.014764680617769033,0.0,var_Visu,0.07104156608453628,Visual,0.2857142857142857,4,0.23076923076923078,0.0013078484045466088
1736,59,0.00011823647294589178,0.0015017197406015717,8.415428959792452e-05,0.0003886682089475182,0.011512967438855645,-0.014007038517791726,-0.011770344378986053,0.0,netfc_DorsSal__Subc,-0.02274419817710516,CentExe,0.3559322033898305,9,0.5932203389830508,0.0015017197406015717
1738,207674,0.4161803607214429,0.07184089752170696,0.015914140301637635,0.009432546088624118,0.10460444649906692,0.5087961378893732,-0.023352801163632142,0.05322233838478081,var_Sens,-0.466440992341912,CentExe,0.27933684524784036,9,0.12340013675279525,0.07184089752170696
1739,706,0.0014148296593186373,0.002265220697406196,0.00029031720077436974,0.00035684323307081636,0.01074863025942845,0.0038308805385942613,-0.01861711327367388,4.117671847738983e-05,netfc_Sens__CentExe,-0.07003675133544551,CentExe,0.254957507082153,2,0.18696883852691218,0.002265220697406196
1740,137,0.00027454909819639277,0.0008614069454763823,1.36322526507423e-05,3.858933323856869e-05,0.7313395009747541,-0.02460660170368345,-0.016941111071599346,0.0,netfc_DefaMod__DefaMod,0.03472249260100329,CentExe,0.30656934306569344,0,0.18248175182481752,0.0008614069454763823
1742,33900,0.06793587174348698,0.00235509288346159,0.0001119045962212168,0.18660355694707295,0.017502369558781487,0.008995492000431926,-0.01933264714463645,0.00015744242535462212,ac1_Sens,0.10031189132829818,CentExe,0.24383480825958703,1,0.45964601769911506,0.18660355694707295
1744,103,0.00020641282565130262,0.0010507249328275525,6.490911731208035e-05,3.21153323045594e-05,0.010253450659853388,-0.0012433035366201661,-0.012886537037273493,0.0,ac1_DefaMod,-0.07222809190491168,Sensorimotor,0.24271844660194175,4,0.1650485436893204,0.0010507249328275525
1745,431,0.0008637274549098197,0.0023895046688684504,0.00021787113950726315,0.000294944214125777,0.013950671899708458,0.017901971578006104,-0.013544504036088423,0.00024974453184266923,var_DorsSal,0.12020846034484278,Sensorimotor,0.3062645011600928,3,0.22273781902552203,0.0023895046688684504
1746,98796,0.19798797595190382,0.00497741417619611,0.0007873563899558443,0.008914248047360636,0.2316873336072438,0.0925989791266425,-0.013026543369235366,0.021454010568604628,fc_mean,0.265291196546718,CentExe,0.2563464107858618,0,0.11758573221587919,0.008914248047360636
1747,828,0.001659318637274549,0.0010707344821071921,3.920101868027029e-05,0.0004141055850476445,0.011571201511856252,0.0192347945404735,-0.009985114293270536,0.00022256968366697133,netfc_DorsSal__DefaMod,-0.08001225443978695,CentExe,0.25120772946859904,6,0.16545893719806765,0.0010707344821071921
1748,3740,0.00749498997995992,0.006585587028913087,0.0007445189231666214,0.00029042479328583287,0.010772775979327655,0.007210332820484222,-0.010650226367352023,7.767530021147026e-05,fc_mean,-0.1336692239009171,CentExe,0.3122994652406417,7,0.12299465240641712,0.006585587028913087
1749,1417,0.002839679358717435,0.001742867055544415,0.0001158669576827887,0.001478526583152201,0.01327490492772199,0.04614942164605462,-0.01777545868981978,0.0006126291848207304,var_Visu,0.21905841705229523,CentExe,0.2272406492589979,5,0.24417784050811575,0.001742867055544415
1750,111,0.00022244488977955911,0.0010468554148213996,2.7110878059410337e-05,0.00019151964323476975,0.010371701284009788,-0.011974804950763529,-0.017493871591822474,0.0,netfc_Visu__Visu,-0.03371371172355058,DefaultMode,0.34234234234234234,5,0.3063063063063063,0.0010468554148213996
1751,470,0.0009418837675350701,0.1409556594631549,0.004362034308146945,0.00019048625596467967,0.010351843407770452,0.0229380030298304,-0.012929640413091192,0.00023745061545176849,var_Visu,-0.15078660808482075,Visual,0.9851063829787234,4,0.16170212765957448,0.1409556594631549
1752,62,0.00012424849699398796,0.002122762119964976,0.00020163923433174632,0.00030877291472098447,0.01709073083858275,-0.013750669468043153,-0.011961689854712354,0.0,slope_DorsSal,-0.05472737892385381,Visual,0.5483870967741935,2,0.5,0.002122762119964976
1753,75,0.0001503006012024048,0.0008584804877508821,3.0563312072209084e-06,0.00016123360525296,0.35530595087136096,-0.02176513284632997,-0.02291747112150655,0.0,netfc_VentSal__DefaMod,0.058554685482197465,CentExe,0.30666666666666664,2,0.26666666666666666,0.0008584804877508821
1756,74,0.00014829659318637273,0.0009034774336622045,4.350271902695183e-06,0.00013730861895906217,0.06067163478056017,-0.013026122875746893,-0.019782303141962165,0.0,netfc_CentExe__CentExe,0.018641605814579194,CentExe,0.2972972972972973,7,0.28378378378378377,0.0009034774336622045
1759,4280,0.008577154308617234,0.31012046091277107,0.007931052870685455,0.00013033236683975013,0.010411509239545303,0.00431662660429788,-0.01557865132858094,4.494259777431444e-05,var_Visu,0.06825332955549662,DefaultMode,0.5633177570093458,7,0.11658878504672897,0.31012046091277107
1760,3780,0.007575150300601202,0.003622070840977032,0.0003139243583725373,0.003134501957077325,0.01711053137828874,0.07340532166609337,-0.008652508152058092,0.0012560040597010688,ac1_DorsSal,0.25589635471449873,DefaultMode,0.22380952380952382,5,0.20343915343915345,0.003622070840977032
1761,144,0.00028857715430861725,0.0012105873501847486,6.11452311431322e-05,0.000340936714599941,0.04228003111262784,-0.010959922073774164,-0.01153331773238886,0.0,falff_Sens,0.08760001031585281,Sensorimotor,0.2708333333333333,8,0.3263888888888889,0.0012105873501847486
1762,504,0.0010100200400801603,0.09180226610876105,0.0031603291246343353,0.00020064048900606552,0.010256374528358172,0.001430863465092802,-0.015606038628963814,1.4675471596936127e-05,var_VentSal,-0.09087056659868527,VentSal,0.5873015873015873,6,0.16865079365079366,0.09180226610876105
1763,60,0.00012024048096192385,0.0012635708218143406,2.696323006747372e-05,0.00028803272636744007,0.011253909651705902,-0.012358306245145334,-0.016776942586875787,0.0,ac1_Visu,0.0816687553389234,DefaultMode,0.4,5,0.45,0.0012635708218143406
1764,59,0.00011823647294589178,0.0007764463843404793,2.048797979995939e-05,0.00012759715510681757,0.22367880048063551,-0.01723053844544964,-0.016527394525831074,0.0,netfc_VentSal__CentExe,0.07023034137203032,DefaultMode,0.288135593220339,2,0.288135593220339,0.0007764463843404793
1765,123,0.0002464929859719439,0.001081805280752983,6.812360936479145e-05,2.4726543999231773e-05,0.012491366271394095,0.010405889421366443,-0.01112669998298954,0.0001299837761419134,netfc_DefaMod__Subc,0.13748120166844652,CentExe,0.37398373983739835,8,0.14634146341463414,0.001081805280752983
1766,81,0.0001623246492985972,0.0009885008673285287,4.550251478796718e-05,0.0003798560427838563,0.04004170964616606,-0.005522233793974429,-0.016920105406149855,0.0,var_Sens,-0.07144665222143509,DefaultMode,0.41975308641975306,9,0.5679012345679012,0.0009885008673285287
1767,54,0.00010821643286573147,0.0010933127221503924,3.560280498217483e-05,0.00017170381468423917,0.013898028256640424,-0.019364255735985214,-0.012870153879466883,0.0,netfc_Visu__VentSal,0.0573846672224577,Sensorimotor,0.3333333333333333,5,0.37037037037037035,0.0010933127221503924
1769,82,0.00016432865731462926,0.001028769594627679,1.9262673726235543e-05,9.00347228798941e-05,0.02533208067069525,-0.012927356299560211,-0.01661437761574902,0.0,netfc_Sens__DefaMod,0.08134352064196479,CentExe,0.3048780487804878,9,0.3170731707317073,0.001028769594627679
1771,95,0.0001903807615230461,0.0008539285857875695,2.3658926700956975e-05,0.00017705240833900798,0.0873046337926013,-0.014344636173302394,-0.022684221884399003,0.0,netfc_Sens__CentExe,0.05131222029339778,Visual,0.29473684210526313,7,0.2736842105263158,0.0008539285857875695
1772,160,0.00032064128256513024,0.0009961457243110804,5.1006455022342104e-05,0.000253834526616489,0.06852129096511551,-0.01173197821746852,-0.015790020085136636,0.0,netfc_CentExe__Subc,0.09748669467948107,Sensorimotor,0.23125,3,0.29375,0.0009961457243110804
1773,149,0.00029859719438877754,0.001038275240438779,3.9231147257449125e-05,5.993323040166654e-05,0.01727078075901104,-0.0030697774393009247,-0.016847146944549918,0.0,netfc_Sens__Sens,0.09765812435423499,DefaultMode,0.3422818791946309,4,0.18791946308724833,0.001038275240438779
1774,201,0.0004028056112224449,0.001115056074221176,7.678479200888408e-05,0.0005973345192248557,0.024397037560870034,-0.012128166008935404,-0.009499117648726019,0.0,netfc_Sens__DefaMod,0.07198764051534656,Visual,0.29850746268656714,5,0.40298507462686567,0.001115056074221176
1775,635,0.0012725450901803607,0.002238190710090498,0.00032224713007516413,0.00036743168132701964,0.011293468063656149,0.022640818234529347,-0.01845187751898547,0.000255693357666701,ac1_Sens,-0.15318710726990806,CentExe,0.31811023622047246,4,0.1984251968503937,0.002238190710090498
1777,7065,0.014158316633266534,0.0063440667076765525,0.0009667975814079354,0.01388848065498563,0.01698397819917501,0.13720453546656064,-0.013561410920383876,0.0023302788391920005,var_Sens,-0.32102097876981806,CentExe,0.3019108280254777,3,0.27997169143665956,0.01388848065498563
1778,111,0.00022244488977955911,0.0014056470810107084,3.776312874767767e-05,0.0007535698684237493,0.01632535140744094,-0.01803524484293617,-0.015332387614961807,0.0,falff_VentSal,-0.030832969426264786,Sensorimotor,0.27927927927927926,2,0.6486486486486487,0.0014056470810107084
1780,669,0.0013406813627254508,0.001531396406974121,0.00023191730702016469,0.00039795293707647905,0.049363987703491985,0.015025698005319277,-0.013983650890140531,0.0007417283715709648,netfc_CentExe__Subc,0.14799374489680225,Sensorimotor,0.28101644245142005,1,0.18086696562032886,0.001531396406974121
1781,177,0.00035470941883767535,0.0025740694690002982,0.00020151273725907244,0.0006888278144150142,0.011543549947233705,-0.0030614038241738584,-0.01359045114888402,0.0,var_Visu,0.06381172004072681,Sensorimotor,0.327683615819209,2,0.4576271186440678,0.0025740694690002982
1782,162,0.0003246492985971944,0.00555179112021554,0.00031103900689837736,8.311860867586321e-05,0.015338767907439273,0.01654572436742141,-0.013735917006558074,0.0002537910259323395,var_VentSal,0.16292190975104676,CentExe,0.6419753086419753,7,0.19753086419753085,0.00555179112021554
1783,289,0.0005791583166332666,0.0014053109180204798,1.780367060638827e-05,0.0009498843355211079,0.011878103177440123,-0.0068366924413643115,-0.011164641759340288,0.0,slope_VentSal,-0.08498963564625019,CentExe,0.2422145328719723,5,0.3806228373702422,0.0014053109180204798
1784,95086,0.19055310621242486,0.004332534201545412,0.0007171387761794809,0.012271502957463673,0.22584538204213878,0.09761668610037688,-0.022031453583895466,0.022046277766027154,fc_mean,0.24950555543242242,CentExe,0.2522663693919189,0,0.12300443808762594,0.012271502957463673
1785,87,0.00017434869739478957,0.002012323249392907,8.372921389817783e-05,0.00011856515325014424,0.04137360118345934,-0.011949871720126737,-0.019737101105540278,0.0,netfc_Subc__Subc,0.1105668548203028,CentExe,0.5057471264367817,7,0.25287356321839083,0.002012323249392907
1787,103,0.00020641282565130262,0.0010090546291281817,1.607852319528571e-05,0.00012511954175487586,0.6106397268934698,-0.01743740982955333,-0.010509516106908645,0.0,netfc_DefaMod__Subc,0.038121390371490704,CentExe,0.27184466019417475,9,0.2621359223300971,0.0010090546291281817
1788,9497,0.019032064128256514,0.018561474825037297,0.0009448513063644265,0.0023051347855362,0.07066860854945078,0.34508006317609774,-0.02361024837773784,0.024386327902811398,var_Sens,0.47034184062825196,DefaultMode,0.2903022006949563,5,0.14983679056544172,0.018561474825037297
1789,300,0.0006012024048096192,0.0012895630349898666,5.986242469606241e-05,0.00030426352292901426,0.010293258332896859,-0.0033085687158194155,-0.013666843918810567,0.0,var_DorsSal,0.08031132068659964,DefaultMode,0.3466666666666667,0,0.2,0.0012895630349898666
1790,17768,0.03560721442885772,0.7558712981162446,0.1397819289041637,5.884927282073019e-05,0.011194478246373396,0.04852004667669907,-0.018539329736312116,0.0005431566070353295,var_Visu,0.21117272261733114,Visual,0.919855920756416,5,0.10653984691580369,0.7558712981162446
1791,79,0.00015831663326653308,0.0026554273951383267,0.00011441419875807051,0.00014263436585780465,0.01054937680145822,-0.018474229826455968,-0.010417396544336599,0.0,ac1_Sens,0.06359631370889328,Visual,0.43037974683544306,6,0.3291139240506329,0.0026554273951383267
1792,120,0.0002404809619238477,0.001178542508518869,3.9623692054736004e-05,0.0006525685745894214,0.011746042060849761,0.004136631499260912,-0.019458129479410724,4.858904758055468e-05,ac1_Visu,-0.11997877432124754,DefaultMode,0.35833333333333334,4,0.55,0.001178542508518869
1793,88,0.00017635270541082164,0.001190072491816426,3.578554718486046e-05,0.0003781686896082319,0.014285458450835816,-0.017435508024544966,-0.02161032340414004,0.0,var_Visu,-0.06249053284647469,CentExe,0.29545454545454547,6,0.4772727272727273,0.001190072491816426
1795,109,0.00021843687374749498,0.0011378501544527051,4.460454189697504e-05,4.712123609595844e-05,0.010098937573067172,-0.012636205669150913,-0.01719741233374439,0.0,var_Sens,0.04841095525240274,DefaultMode,0.3486238532110092,8,0.1834862385321101,0.0011378501544527051
1798,182,0.0003647294589178357,0.1133890527290108,0.0007947047310392148,5.1881002628461834e-05,0.010236558545044593,0.020598394602634573,-0.011092180618318404,0.00021085667228379936,var_Visu,-0.12809134925196208,CentExe,0.967032967032967,4,0.16483516483516483,0.1133890527290108
1799,74,0.00014829659318637273,0.001123607472669947,6.255802656703429e-05,1.9563740108794944e-05,0.012237812580822445,-0.016486505061793943,-0.015881123018826715,0.0,slope_DorsSal,0.044292858556006565,DefaultMode,0.43243243243243246,4,0.13513513513513514,0.001123607472669947
1801,217,0.00043486973947895794,0.0013532786540161191,8.981884729747624e-05,0.0002659578916286238,0.010829398743423367,-1.5172999488610728e-05,-0.011008949602591356,0.0,fc_mean,-0.08124239493464998,Sensorimotor,0.22580645161290322,5,0.22580645161290322,0.0013532786540161191
1802,85,0.00017034068136272546,0.00225778668265975,3.533487879639626e-05,0.0006244212913517995,0.01577655843049442,-0.008547659187753132,-0.009903773082079903,0.0,fc_sd,-0.05716516396840015,CentExe,0.27058823529411763,9,0.6470588235294118,0.00225778668265975
1803,237,0.0004749498997995992,0.001307967399856451,3.738893910063963e-05,0.0006036674551324515,0.013161976505596043,0.012193784223513915,-0.019483046782563296,0.00016049430146419783,fc_mean,0.1357733152589342,DefaultMode,0.29535864978902954,9,0.31645569620253167,0.001307967399856451
1804,44747,0.08967334669338678,0.01213506972067815,0.0004926975721547396,0.002280952860787206,0.10867100572129544,0.486771318588464,-0.015290266137183428,0.0528979287472895,ac1_DorsSal,-0.603979224019775,CentExe,0.2523074172570228,1,0.11761682347419938,0.01213506972067815
1806,652,0.0013066132264529058,0.0017372456052989226,0.00010118732039570021,0.00033255071947631954,0.01124962369648421,0.005072412237692614,-0.011974778230252836,5.706272890748333e-05,var_Visu,0.09668090400869944,CentExe,0.2929447852760736,6,0.21012269938650308,0.0017372456052989226
1807,81,0.0001623246492985972,0.0010198222280989916,1.884616158650145e-05,2.2344236419869662e-05,0.010466153001360681,-0.01123356222489491,-0.01823952536652862,0.0,ac1_DefaMod,0.06394366313916042,DefaultMode,0.24691358024691357,1,0.14814814814814814,0.0010198222280989916
1809,134,0.0002685370741482966,0.004074125343273897,4.4758928666913355e-05,0.0002024853727225276,0.012099926894711246,-0.00833921645877167,-0.01844841120675378,0.0,ac1_DorsSal,0.06418545236580177,CentExe,0.34328358208955223,3,0.2537313432835821,0.004074125343273897
1810,104,0.00020841683366733466,0.001110913559681713,4.960019070485953e-05,0.0002655507453731874,0.010823513765344685,-0.005942897931079383,-0.013024476639910354,0.0,ac1_VentSal,-0.07052449088033527,DefaultMode,0.28846153846153844,5,0.34615384615384615,0.001110913559681713
1811,1387,0.002779559118236473,0.004573229845580315,0.0008725418298829726,0.00010321209783813023,0.015409612560852303,0.07336391756162775,-0.015256825369283078,0.0011305095455709918,var_Sens,-0.24849279430439822,CentExe,0.36409516943042536,3,0.13338139870223503,0.004573229845580315
1812,3228,0.006468937875751503,0.15991348960820942,0.005831682809232521,0.0002398502592712229,0.013064285752493665,0.17191812881154145,-0.01826939844763409,0.0022459875608279918,ac1_Visu,-0.3766697815624341,CentExe,0.5408921933085502,5,0.13197026022304834,0.15991348960820942
1813,2684,0.00537875751503006,0.43711548689425894,0.023986140694182385,4.049351602323166e-05,0.010496819972044855,0.01818909252852452,-0.017339958146860734,0.00019092762972678805,var_VentSal,-0.14808427069326552,VentSal,0.662816691505216,6,0.11140089418777943,0.43711548689425894
1814,89,0.0001783567134268537,0.0009384379544720302,1.8272532861766766e-05,9.750820276529426e-05,0.010315616443905544,-0.014553110584511142,-0.016519080701418387,0.0,falff_CentExe,0.0524933931812756,DefaultMode,0.2247191011235955,5,0.2247191011235955,0.0009384379544720302
1815,2318,0.004645290581162325,0.05645244601965078,0.0021139298272270864,0.00012179098893262691,0.01208298796970231,0.0705465678787256,-0.021950155210538558,0.0008524133309824287,falff_CentExe,0.2531073904729935,CentExe,0.3446937014667817,6,0.12553925798101812,0.05645244601965078
1820,80,0.00016032064128256512,0.0010772149118138806,3.193399851294898e-05,0.0001480845760368502,0.014207947577872517,-0.013016178591671146,-0.015330437338737735,0.0,netfc_DorsSal__DorsSal,0.06310418467863148,CentExe,0.3,8,0.3,0.0010772149118138806
1822,160,0.00032064128256513024,0.0008980276255661872,3.827001733888376e-05,0.0004593938273906445,0.10262532291628643,-0.012479432681064884,-0.018118036510569313,0.0,netfc_VentSal__DefaMod,0.06858931327819502,Sensorimotor,0.23125,2,0.35,0.0008980276255661872
1825,847,0.0016973947895791584,0.0019030122967965862,6.418193515580071e-05,0.0005614745131988734,0.011711668766326608,0.04540311590794466,-0.014340596872813194,0.0005317462544729822,ac1_Visu,-0.19409905936784547,CentExe,0.28689492325855964,2,0.23140495867768596,0.0019030122967965862
1826,1079,0.0021623246492985973,0.0017469051992373506,0.00034123874272515216,0.002616903161216745,0.053294127613835424,0.011216597919859406,-0.02017886578381045,0.0005977788009340681,fc_mean,0.14130081211819218,Visual,0.26969416126042633,7,0.35032437442076,0.002616903161216745
1829,378,0.0007575150300601202,0.002529929852709326,0.00020211053394853862,0.00023484541636149966,0.013545134595772513,0.016437811846520378,-0.01741945764585262,0.00022265237392110244,fc_sd,0.16082761392912168,CentExe,0.40476190476190477,7,0.16666666666666666,0.002529929852709326
1830,97,0.00019438877755511023,0.0016140304533315889,2.745695994468655e-05,8.822874733939487e-05,0.011823708172296188,-0.010266287896955939,-0.016152754252253043,0.0,ac1_DefaMod,0.10868255131662037,CentExe,0.30927835051546393,5,0.21649484536082475,0.0016140304533315889
1831,625,0.00125250501002004,0.0011717743325451125,8.882042000826155e-05,0.005572259315708543,0.04710345348477251,0.020659106475549915,-0.01756468319330473,0.000973115260908028,netfc_Sens__DefaMod,0.17957999677250244,DefaultMode,0.248,0,0.7136,0.005572259315708543
1832,88497,0.1773486973947896,0.0064338813278138245,0.0014944590238745667,0.0018738074068974152,0.17217453523490758,0.09981126134031892,-0.01242787219616992,0.01718495753247931,netfc_Sens__Sens,0.2639323256914974,CentExe,0.24940958450568945,0,0.11428635998960417,0.0064338813278138245
1834,1286,0.0025771543086172345,0.0013935748913438595,1.4946726478414947e-05,0.008276003633695628,0.012358343829701067,0.02398696701405012,-0.017278822330233146,0.00029643918579132933,fc_mean,-0.19030703091777026,CentExe,0.25972006220839816,7,0.5567651632970451,0.008276003633695628
1836,257,0.0005150300601202405,0.000890637248549523,2.951083288139433e-05,0.0006954465266386149,0.22824622427838448,-0.013439456328313115,-0.019808039611440842,0.0,netfc_Sens__DefaMod,0.05988481076703332,CentExe,0.2840466926070039,2,0.33852140077821014,0.000890637248549523
1837,683,0.0013687374749498998,0.0016376923763758437,6.90808726468404e-05,0.0010744408766075126,0.014055892258150801,0.02939405553828167,-0.020837030165024695,0.000413159677676188,var_Sens,0.17284253162234187,CentExe,0.2752562225475842,5,0.3089311859443631,0.0016376923763758437
1839,1180,0.0023647294589178355,0.0020617675343025652,0.00018350608424280037,0.014685152621747589,0.01877392488928612,0.02077040727370605,-0.009981599494899962,0.00038994206607643946,var_Visu,-0.11676033028028451,CentExe,0.2533898305084746,9,0.8542372881355932,0.014685152621747589
1840,156,0.000312625250501002,0.0014436030480942837,0.00012412085641188216,6.153888384675549e-05,0.011040791193528127,0.0006080329432388565,-0.011644791135220656,6.713164765086554e-06,var_Sens,0.10436202744890946,Sensorimotor,0.28205128205128205,6,0.16666666666666666,0.0014436030480942837
1843,293,0.0005871743486973948,0.0010737255151573566,2.7428063886486158e-05,5.276384266164987e-05,0.013107284652945228,-0.014513259454353777,-0.019585949718302853,0.0,falff_Sens,-0.04956041999744938,DefaultMode,0.28668941979522183,6,0.14675767918088736,0.0010737255151573566
1844,16858,0.033783567134268534,0.6776986693521786,0.04380543694188177,9.83353674060256e-05,0.010257644117949738,0.009048440288485726,-0.012611792302166691,9.281568030180504e-05,netfc_Sens__CentExe,-0.10367160170978278,Sensorimotor,0.3977933325424131,3,0.10463874718234666,0.6776986693521786
1846,310,0.0006212424849699399,0.0011800191176864433,7.689457771267883e-05,0.00019895359846938538,0.011715349127850803,-0.0010820415083205859,-0.011610349042777912,0.0,var_VentSal,0.08858598507326927,CentExe,0.33225806451612905,1,0.1967741935483871,0.0011800191176864433
1847,642,0.001286573146292585,0.0016750151449838903,9.043252685270906e-05,0.0019960758772565334,0.011408441073024573,0.008399872426889776,-0.012843932795776336,9.582944960309592e-05,netfc_Visu__VentSal,-0.11164059393690881,CentExe,0.26947040498442365,7,0.42834890965732086,0.0019960758772565334
1850,747,0.001496993987975952,0.0016063081620287139,8.047368550973636e-05,0.0009756474725505416,0.02856162550884231,0.05459804961846737,-0.012422159199615423,0.0015594090467158557,var_Sens,-0.19579272605295348,CentExe,0.3319946452476573,4,0.2583668005354752,0.0016063081620287139
1851,542,0.0010861723446893787,0.0020329225797955644,0.00015766886087165667,4.682141273955402e-05,0.010003061334622997,0.024073561607344973,-0.01335294253121666,0.00024080931330109715,ac1_Sens,-0.16348504679517892,CentExe,0.2785977859778598,5,0.13284132841328414,0.0020329225797955644
1852,75,0.0001503006012024048,0.0010841432238383377,1.6640644640669966e-05,0.00011214511492895175,0.011558054747992798,-0.016706598202840484,-0.01829974398740375,0.0,falff_Subc,0.024081688432054434,CentExe,0.32,1,0.24,0.0010841432238383377
1853,222,0.00044488977955911823,0.0016706754974750685,0.0003388836721530743,0.00018402930649329805,0.02070835763955452,0.00997688528527263,-0.015368271103428865,0.00020660490861623454,falff_Sens,0.1537593228087114,Visual,0.42342342342342343,8,0.22522522522522523,0.0016706754974750685
1854,173,0.0003466933867735471,0.0010152330581952172,5.664907647118587e-05,7.752487902739631e-05,0.011623035211870206,-0.014776275763026092,-0.014510453110364363,0.0,ac1_CentExe,0.07010074271500796,Sensorimotor,0.2832369942196532,7,0.15606936416184972,0.0010152330581952172
1855,87,0.00017434869739478957,0.0013684014785987054,3.719198453192079e-05,3.850064485957132e-05,0.010449700422189746,-0.00629166426132044,-0.01626880158614208,0.0,slope_CentExe,0.07335574101264872,CentExe,0.3563218390804598,2,0.16091954022988506,0.0013684014785987054
1856,810,0.001623246492985972,0.001645501670305545,7.89945814555698e-05,0.0010230144502540548,0.012835001122500862,0.006128768983033495,-0.018183879915084855,7.866275677678337e-05,ac1_Visu,-0.10696032129925051,CentExe,0.27283950617283953,9,0.28271604938271605,0.001645501670305545
1857,1563,0.0031322645290581164,0.00639115982796182,0.0012057086723605889,0.00018756485467740183,0.021364393664207764,0.13643053385409198,-0.01880101575995141,0.0029147556330768455,ac1_VentSal,0.32186845996264357,Visual,0.3570057581573896,8,0.13179782469609724,0.00639115982796182
1858,559,0.001120240480961924,0.002264010519975533,4.409042915863135e-05,0.00012374188470808882,0.021025164094822933,0.03498701536348936,-0.015531511571929224,0.0007356077392054549,fc_mean,0.23418810671181162,DefaultMode,0.2522361359570662,5,0.15384615384615385,0.002264010519975533
1859,70,0.00014028056112224449,0.0024402012506385636,0.00011331649272048102,5.1945103445480316e-05,0.01316968011878465,-0.005818592701690273,-0.01276666167605045,0.0,netfc_Sens__DefaMod,0.09150619303280853,Visual,0.45714285714285713,0,0.2,0.0024402012506385636
1863,1419,0.002843687374749499,0.0016365209000018005,5.6404629330972464e-05,0.0010343608812723134,0.01660052569096054,0.034078417332906064,-0.017050812014014483,0.000565719642442182,netfc_Sens__CentExe,0.12460841014304001,CentExe,0.28964059196617337,3,0.20155038759689922,0.0016365209000018005
1868,90491,0.18134468937875753,0.003395461813452586,0.00047058026749409785,0.009687085876549109,0.23786493711633105,0.10133827579196208,-0.015010635922571014,0.024104822598732475,fc_mean,0.23518387196405394,CentExe,0.25227923218883647,2,0.12321667348134069,0.009687085876549109
1869,324,0.0006492985971943888,0.00121181691013935,3.649725608060723e-05,0.004430825419507043,0.016501735888814657,-0.012692107289066001,-0.016361724558196622,0.0,ac1_Sens,0.09518712798211174,CentExe,0.25925925925925924,0,0.8981481481481481,0.004430825419507043
1871,757,0.0015170340681362725,0.5073518151181775,0.0035611201291168818,0.00014243224279574058,0.01043609035817579,-0.002681494804668949,-0.01164399071612121,0.0,var_Visu,0.10371670242256205,CentExe,0.988110964332893,7,0.13210039630118892,0.5073518151181775
1872,1096,0.002196392785571142,0.0016342972481226206,0.00010748520723977312,0.00047827097129512044,0.014268985683514894,0.09794982040206102,-0.014410055758625528,0.0013976445850198637,ac1_VentSal,0.3130542599259619,DefaultMode,0.2892335766423358,5,0.18704379562043796,0.0016342972481226206
1873,621,0.0012444889779559118,0.003048339701410046,0.00074325434158897,0.00030839212382253393,0.012927719447397953,0.01908232522068376,-0.00983210626696951,0.00024669094685700587,fc_sd,0.1322112368301556,Sensorimotor,0.38164251207729466,6,0.19001610305958133,0.003048339701410046
1876,941,0.0018857715430861724,0.0018289859521923005,8.715835466836287e-05,0.0005990030399259786,0.011387582933604508,0.03940936561301078,-0.015411149103470523,0.00044877741927890194,ac1_DorsSal,0.18282005669111379,CentExe,0.2911795961742827,5,0.21360255047821466,0.0018289859521923005
1877,280,0.0005611222444889779,0.0010236655175739414,1.8560586605171452e-05,0.00019491361781700292,0.01831261446789865,-0.007529938286827242,-0.01674996638535098,0.0,falff_Visu,-0.046131477248632126,CentExe,0.2714285714285714,4,0.18928571428571428,0.0010236655175739414
1878,275,0.0005511022044088176,0.0011864009980796686,6.0777607498157754e-05,0.0016371464888072403,0.011137145498188677,-0.017472071445877146,-0.01518123320256981,0.0,ac1_Visu,-0.05582114078694898,DefaultMode,0.3527272727272727,6,0.5781818181818181,0.0016371464888072403
1880,4670,0.00935871743486974,0.003917191845384609,0.00015409712090922687,0.028343993394469507,0.017693256812789347,0.02066191487741942,-0.011276041581548268,0.0003655765661701747,var_VentSal,-0.1394095177307253,CentExe,0.2663811563169165,0,0.550321199143469,0.028343993394469507
1881,240,0.0004809619238476954,0.0015537917605635283,5.945632496495312e-05,0.00036791992061601937,0.01214671010443815,-0.005877342471374947,-0.012308011674145414,0.0,slope_CentExe,-0.06619125319865368,DefaultMode,0.3,6,0.26666666666666666,0.0015537917605635283
1882,105,0.00021042084168336673,0.0020635548046497574,3.085734795923315e-05,0.00013094364402212188,0.023936210958863006,-0.00907840567921081,-0.009755926358446798,0.0,netfc_DefaMod__DefaMod,0.11648637548600581,DefaultMode,0.24761904761904763,6,0.22857142857142856,0.0020635548046497574
1884,174,0.00034869739478957915,0.004340330786706953,0.00017023712493366146,0.0005195228689709034,0.010930402396982732,-0.009279690213789493,-0.015621971625566555,0.0,netfc_Visu__VentSal,0.030552021978644227,DefaultMode,0.5057471264367817,4,0.367816091954023,0.004340330786706953
1886,335,0.0006713426853707415,0.0010334942714183427,3.9171691351773066e-05,0.0001427489813870717,0.014106230735795245,-0.0124485516089472,-0.01300946797197522,0.0,falff_CentExe,-0.04637850270410287,CentExe,0.2537313432835821,7,0.1701492537313433,0.0010334942714183427
1887,206,0.00041282565130260524,0.001098952767025139,3.61234917964322e-05,0.000411569392631317,0.03069961311264501,0.015522490605199057,-0.024132391845105294,0.0004765344561242779,fc_mean,0.15924839014069908,Sensorimotor,0.2524271844660194,0,0.34951456310679613,0.001098952767025139
1888,65,0.00013026052104208417,0.0014078438370901966,6.27358568477544e-05,0.00015007944311524533,0.01063244437175935,-0.013632243711583447,-0.017130678703772384,0.0,netfc_Sens__CentExe,-0.03305846936999773,Sensorimotor,0.2923076923076923,2,0.2923076923076923,0.0014078438370901966
1889,175,0.0003507014028056112,0.002108685511860212,4.351364422340119e-05,0.000347619289722358,0.01205508311653593,-0.00610000708375491,-0.012863910913163856,0.0,fc_sd,0.10936888057861312,CentExe,0.4114285714285714,0,0.3657142857142857,0.002108685511860212
1890,78,0.000156312625250501,0.0015083490972017978,4.1504125871111766e-05,0.0002945716069680545,0.015423968077662869,-0.005120751643933552,-0.017592500294551616,0.0,var_DorsSal,0.05917837875346543,Visual,0.24358974358974358,7,0.44871794871794873,0.0015083490972017978
1892,149,0.00029859719438877754,0.001161015045869451,5.2206152827300465e-05,0.0001403709834731394,0.01119277257434418,-0.010126615536584671,-0.011974386704360018,0.0,var_Visu,-0.07154885483930509,DefaultMode,0.33557046979865773,2,0.2483221476510067,0.001161015045869451
1893,3988,0.007991983967935871,0.2042871757438499,0.010903100692270469,7.650717047288644e-05,0.011351949470405055,-0.014857064626570882,-0.011215581505350736,0.0,var_Sens,0.042737367437052476,CentExe,0.7846038114343029,2,0.11584754262788365,0.2042871757438499
1894,356,0.0007134268537074148,0.0012896050622076562,0.00020916468774014117,0.00037696884894530965,0.010782654063477462,-0.004293045766794901,-0.010676923820073903,0.0,var_DefaMod,0.08401101851245159,Sensorimotor,0.33707865168539325,6,0.23876404494382023,0.0012896050622076562
1895,4514,0.009046092184368738,0.5863455933208137,0.012823022317914832,0.00010961585103889542,0.010273982429182019,0.008174560679162446,-0.01484091206393634,8.39852927839972e-05,fc_mean,-0.14172399499293856,DefaultMode,0.6953921134249003,7,0.11940629153743908,0.5863455933208137
1896,2177,0.004362725450901803,0.002125635993285234,0.00012715017261743792,0.004035266223411041,0.013568054646284808,-0.008495371175899269,-0.013069724641471492,0.0,var_Visu,-0.09324605963347853,CentExe,0.2760679834634819,6,0.2857142857142857,0.004035266223411041
1897,1777,0.003561122244488978,0.0072597418539436815,0.0005166011172361142,0.0006055977253965039,0.016705210063810056,0.04778061372198961,-0.02341146939174732,0.0007981851892036017,falff_DefaMod,0.16781128474460702,Visual,0.25886325267304444,8,0.17332583005064717,0.0072597418539436815
1899,1197,0.0023987975951903807,0.0034326096363497473,0.000532340291707908,0.004782901682054239,0.027583624944017556,0.06422776872840807,-0.013247070212879741,0.0017716346835955077,ac1_Sens,0.16399827390957197,Visual,0.29741019214703424,4,0.454469507101086,0.004782901682054239
1900,104,0.00020841683366733466,0.0011247968550914783,8.891719101299725e-05,0.0003390529846455944,0.012192042729337174,-0.01573998215279704,-0.018142432839759692,0.0,var_DorsSal,-0.0529736988256174,DefaultMode,0.49038461538461536,1,0.4230769230769231,0.0011247968550914783
1902,262,0.0005250501002004008,0.0018316414334817461,3.984238448175325e-05,0.0004143702424970908,0.010780133293123868,-0.0010190522122255352,-0.020953764499382466,0.0,ac1_CentExe,0.11856218610352698,CentExe,0.21755725190839695,9,0.27099236641221375,0.0018316414334817461
1904,50,0.0001002004008016032,0.00127978065852486,2.418984449082824e-05,0.00014961491568347778,0.05387966151864181,-0.010486451516784623,-0.008679880654358874,0.0,fc_mean,0.06459504553999139,CentExe,0.36,8,0.36,0.00127978065852486
1905,195419,0.39162124248496993,0.019596814626510542,0.003047584903605997,0.0005444500704607706,0.030295457038974474,0.10463330243957547,-0.00953976864531847,0.0031699137189041817,ac1_Visu,-0.31662184367822443,CentExe,0.25983143911288054,4,0.10317829893715555,0.019596814626510542
1906,688,0.00137875751503006,0.0018634245518348454,0.00011663997190440871,0.0005694224745068835,0.04546867506981089,0.06518593876769085,-0.014262986306627923,0.0029639182689487247,fc_mean,0.25937533711724586,DefaultMode,0.31976744186046513,7,0.22674418604651161,0.0018634245518348454
1907,174,0.00034869739478957915,0.0009244222619455839,2.475197163074725e-05,0.00012860634197164306,0.2870670997038326,-0.01623452805687875,-0.01111937599091073,0.0,netfc_VentSal__CentExe,0.07987449929605081,DefaultMode,0.27011494252873564,6,0.1896551724137931,0.0009244222619455839
1908,122,0.00024448897795591184,0.0010364472762304975,1.8514015208913548e-05,5.6177803303277807e-05,0.010735547853164131,0.0008583895792964036,-0.02522243457946871,9.215282405193967e-06,ac1_DorsSal,-0.11835638935628136,DefaultMode,0.26229508196721313,1,0.1885245901639344,0.0010364472762304975
1909,86,0.0001723446893787575,0.000922805628813926,3.474083326683374e-05,0.00020705466192039648,0.17396724679545938,-0.008196422724886077,-0.015698252122813727,0.0,netfc_VentSal__DefaMod,0.0701313183098438,Sensorimotor,0.29069767441860467,3,0.26744186046511625,0.000922805628813926
1911,504,0.0010100200400801603,0.0021817930005953233,0.00017888818992894032,0.002750368396071766,0.012091690905746993,0.015712629539499035,-0.01590755014482137,0.00018999225970813205,slope_Sens,0.1474305839705751,CentExe,0.4246031746031746,4,0.5416666666666666,0.002750368396071766
1912,179,0.0003587174348697395,0.0009117975967242517,7.82596557185845e-05,0.0003983946651680751,0.033369924325828706,-0.005783995874675929,-0.013518274328348179,0.0,netfc_DefaMod__Subc,0.08198441846007466,Visual,0.2346368715083799,6,0.29608938547486036,0.0009117975967242517
1913,1117,0.0022384769539078157,0.0031181902983860783,0.00015787068882787113,0.0008885972889081991,0.010155117524264007,0.021734937485228145,-0.01618225887723046,0.00022072084454502301,var_Visu,0.1506355360026506,CentExe,0.270367054610564,7,0.23724261414503134,0.0031181902983860783
1915,413,0.0008276553106212424,0.002886229695907443,0.0004637560693802945,0.0022094623770509076,0.011929917631242728,-0.01577742467715626,-0.016349717113112172,0.0,netfc_Visu__Sens,-0.04635745475715688,Visual,0.4067796610169492,5,0.48184019370460046,0.002886229695907443
1916,83,0.00016633266533066133,0.0018379566056850455,9.355709168085919e-05,0.00023667463680143965,0.010951166076738579,-0.012242386171409159,-0.0165134670449667,0.0,var_VentSal,0.08904843906301328,DefaultMode,0.4578313253012048,4,0.37349397590361444,0.0018379566056850455
1917,121,0.00024248496993987975,0.003536465010112437,0.00011258084756992444,9.282677355537265e-05,0.011909822558995887,-0.0058883739001431845,-0.015706413041852052,0.0,ac1_CentExe,-0.06343450559586525,CentExe,0.5289256198347108,3,0.1652892561983471,0.003536465010112437
1918,591,0.00118436873747495,0.001408344035822022,3.089259851576187e-05,0.0004288286785135485,0.014893634280196381,0.0625115457038059,-0.012157772183667648,0.0009310241000022665,ac1_DefaMod,-0.21249752517518708,CentExe,0.2893401015228426,4,0.21150592216582065,0.001408344035822022
1919,134,0.0002685370741482966,0.0009833280485779508,3.7241426404941255e-05,0.00016619448329620543,0.011164672370867731,-0.012082844553611194,-0.01804097186072684,0.0,ac1_Sens,0.08115972219470728,Sensorimotor,0.27611940298507465,5,0.2537313432835821,0.0009833280485779508
1920,632,0.0012665330661322646,0.007254141437592405,0.0017662162592373388,9.747019159318107e-05,0.013192069753255228,0.024487083418890276,-0.010929135270773216,0.00032303531251578,var_Sens,0.1726890274838878,Sensorimotor,0.5870253164556962,2,0.16455696202531644,0.007254141437592405
1921,186,0.0003727454909819639,0.0012898203952991577,2.147537003098108e-05,0.000989803941945624,0.03370834500903589,0.0034348111686227645,-0.019423233746570068,0.0001157817999128259,netfc_Sens__DefaMod,0.12411992778526,CentExe,0.23118279569892472,9,0.5913978494623656,0.0012898203952991577
1923,161,0.0003226452905811623,0.0009380413465396759,2.3411964187140346e-05,0.000545098253640941,0.07155958703830669,-0.009959757947069381,-0.012824340808573309,0.0,netfc_DefaMod__Subc,0.11422357071220497,Visual,0.2484472049689441,6,0.43478260869565216,0.0009380413465396759
1924,67,0.0001342685370741483,0.000961291080791357,2.0065570966703362e-05,0.00010660229275318718,0.00986950771189572,-0.008606749341604436,-0.02178345005223714,0.0,netfc_DefaMod__Subc,-0.04531537590906713,DefaultMode,0.3283582089552239,7,0.2835820895522388,0.000961291080791357
1925,472,0.0009458917835671343,0.0011771946358130872,1.3158008402692143e-05,0.0020787001920112578,0.017662805995937777,0.03594459878340872,-0.014159006865837709,0.0006348824749131693,var_DorsSal,-0.14729193584267597,CentExe,0.25,5,0.4004237288135593,0.0020787001920112578
1926,1354,0.0027134268537074148,0.0016899601234273386,9.216469969652935e-05,0.003281664699153629,0.01313610031061143,0.01395258455153181,-0.018796942361087643,0.00018328255026120926,slope_DefaMod,-0.12147218850952406,CentExe,0.24519940915805022,3,0.3316100443131462,0.003281664699153629
1927,478,0.0009579158316633267,0.0013724059743293426,0.00022037550666106424,0.0002627715497856394,0.024550889043151156,0.0079830821564838,-0.01801242236845768,0.00019599176424619363,slope_Sens,-0.16670503551192506,Visual,0.3138075313807531,2,0.19456066945606695,0.0013724059743293426
1928,201,0.0004028056112224449,0.0011263328809487734,5.607213764945366e-05,5.1031001593697444e-05,0.010610928092674964,-0.004844720929014779,-0.00978004282194278,0.0,var_Visu,0.10816577338494723,CentExe,0.2835820895522388,5,0.16417910447761194,0.0011263328809487734
1930,171,0.00034268537074148294,0.0011229823437702458,1.9583495119450795e-05,0.00025437613138605276,0.01066814252034558,-0.017012898091794515,-0.015902140596817604,0.0,slope_Visu,0.040761054690838884,CentExe,0.32748538011695905,6,0.2631578947368421,0.0011229823437702458
1932,164,0.0003286573146292585,0.0020033822926145404,9.299065905324613e-05,5.3245184020301685e-05,0.010872016740714648,-0.007172122415511684,-0.019482010075975165,0.0,netfc_DefaMod__DefaMod,-0.07578453243113895,DefaultMode,0.35365853658536583,5,0.18292682926829268,0.0020033822926145404
1935,80,0.00016032064128256512,0.001037243052366919,5.1982043944489816e-05,0.0006431029949341018,0.11785348660341927,-0.026589024602887923,-0.015055706494961463,0.0,netfc_DorsSal__Subc,0.07280180976080283,Visual,0.35,9,0.7625,0.001037243052366919
1936,98,0.00019639278557114228,0.0014345293047144513,7.530661916636309e-05,9.484894322891149e-05,0.010798868842841586,-0.0172159900978055,-0.017192989879043274,0.0,var_Visu,0.04478344830552217,DefaultMode,0.3877551020408163,4,0.19387755102040816,0.0014345293047144513
1937,55,0.00011022044088176352,0.0008706187879794771,5.78755437905691e-05,0.00036613864284214725,0.09854463997181177,-0.022636632789844402,-0.014046922727714017,0.0,netfc_Sens__Subc,0.05489097775483304,Visual,0.34545454545454546,8,0.6,0.0008706187879794771
1938,55,0.00011022044088176352,0.0010860939468800182,2.0020497566828635e-05,0.00024019361990802992,0.05334514552745656,-0.01665531293762701,-0.01675113102760517,0.0,netfc_Sens__DefaMod,0.06609895901283772,CentExe,0.32727272727272727,0,0.5272727272727272,0.0010860939468800182
1939,142,0.0002845691382765531,0.0010236895880577528,1.6035593629216945e-05,0.00010386128076827835,0.010659309026886611,-0.002065921888444011,-0.016318436430300398,0.0,falff_CentExe,0.09912338245182961,CentExe,0.3380281690140845,5,0.2323943661971831,0.0010236895880577528
1940,165,0.0003306613226452906,0.0026630358351282433,0.0002859707785634559,0.0003112421620084266,0.01412194776063409,-0.005323630634765264,-0.023820677752705244,0.0,netfc_Sens__DorsSal,0.07120444935660568,Sensorimotor,0.3878787878787879,6,0.2909090909090909,0.0026630358351282433
1941,594,0.001190380761523046,0.3712262092832264,0.002584796529325773,0.0001744865454918039,0.010050768744783172,-0.013246585563722713,-0.019704115564843416,0.0,netfc_Visu__DorsSal,-0.04971179940577665,CentExe,0.930976430976431,9,0.1531986531986532,0.3712262092832264
1942,5113,0.010246492985971944,0.6536334866124964,0.035330939062053604,7.290070727680561e-05,0.010191509485924984,-0.00682421594861915,-0.018078739391064858,0.0,netfc_Sens__CentExe,-0.0983735076869173,Subcortical,0.49266575396049284,4,0.11011148053980051,0.6536334866124964
1943,139,0.0002785571142284569,0.0009763869996001351,5.3796254171115034e-05,0.00042680214329404855,0.10645666824189128,-0.011704433096066058,-0.00948282238639564,0.0,netfc_VentSal__CentExe,0.08512900828410083,Visual,0.23741007194244604,5,0.3381294964028777,0.0009763869996001351
1944,903,0.0018096192384769538,0.005553877203220047,0.0006517215081645571,0.0007128793186571586,0.014180221091139127,-0.006828908184517646,-0.01407627736374839,0.0,falff_Visu,0.06175826360008313,Visual,0.3433001107419712,5,0.2115171650055371,0.005553877203220047
1945,411,0.0008236472945891784,0.0018072443713404655,0.00014562090265735013,0.0001511816105100662,0.019762386960223893,-0.007838609019491516,-0.023015640764765255,0.0,ac1_VentSal,0.11681595037269592,CentExe,0.24574209245742093,2,0.15815085158150852,0.0018072443713404655
1946,134,0.0002685370741482966,0.0009428607924609117,1.027383342066588e-05,0.0003534020002087377,0.17384987309560437,-0.015125358335167371,-0.0190737012188813,0.0,netfc_Sens__Sens,0.0544381006638165,Visual,0.21641791044776118,9,0.30597014925373134,0.0009428607924609117
1947,75,0.0001503006012024048,0.0008304206656684363,6.6673169171300974e-06,0.00030078035354362423,0.25976296492085044,-0.012477200368759878,-0.016149334266922333,0.0,netfc_CentExe__Subc,0.044267654811194046,CentExe,0.25333333333333335,6,0.41333333333333333,0.0008304206656684363
1948,1612,0.0032304609218436874,0.002255393256668607,0.00017993763993290473,0.0005255465466629398,0.024680984088621877,0.22685175638651955,-0.01899689485881595,0.005598924589851615,ac1_DorsSal,-0.42780089648823344,CentExe,0.31017369727047145,2,0.1346153846153846,0.002255393256668607
1949,189,0.0003787575150300601,0.0008850378119506041,3.502669575279772e-05,0.00017691557834243005,0.5541158084124499,-0.012629393691207857,-0.010363657549060656,0.0,netfc_DefaMod__DefaMod,0.05629623237703846,Sensorimotor,0.24867724867724866,2,0.2698412698412698,0.0008850378119506041
1950,150,0.0003006012024048096,0.0013200501796491832,0.00013425573872084047,0.0001580699640557552,0.015659140770505703,-0.010166893851080827,-0.012093922334805107,0.0,netfc_Sens__Sens,0.07858411819422174,Visual,0.32666666666666666,9,0.23333333333333334,0.0013200501796491832
1951,190,0.0003807615230460922,0.0016819622674081047,0.00011662472306771719,0.0002363875647548843,0.021862174998571453,0.001250289386720005,-0.019270137642096286,2.7334045371329326e-05,slope_Sens,-0.07027286069701878,Visual,0.3157894736842105,4,0.2631578947368421,0.0016819622674081047
1952,79,0.00015831663326653308,0.0011749526347367603,4.81845509850719e-06,7.377591738915765e-05,0.010723482973859822,-0.008274459983957483,-0.010591578400812818,0.0,netfc_Visu__CentExe,-0.07866641919684403,CentExe,0.25316455696202533,1,0.22784810126582278,0.0011749526347367603
1953,371,0.0007434869739478958,0.023807795400216946,0.0004786621428083963,0.0002073600908396772,0.010485562884090246,-0.009074885568203683,-0.01273473702118566,0.0,netfc_CentExe__DefaMod,-0.06942832811342683,VentSal,0.2587601078167116,4,0.1725067385444744,0.023807795400216946
1954,134,0.0002685370741482966,0.0009083987848578273,2.049611800119869e-05,0.0009203684750756733,0.012048591518357797,-0.0004223266028591244,-0.009151423405451276,0.0,netfc_DorsSal__DefaMod,-0.08713497640604059,CentExe,0.27611940298507465,2,0.5447761194029851,0.0009203684750756733
1955,785,0.0015731462925851704,0.0027730942535365588,6.845304889283569e-05,0.0003802069492972015,0.028765276590966872,-0.0053086583713852775,-0.0180029038005598,0.0,ac1_DefaMod,0.1147608989178536,DefaultMode,0.24713375796178344,5,0.20254777070063695,0.0027730942535365588
1956,111,0.00022244488977955911,0.0012813583084857632,3.347557650594477e-05,0.00026900296492986405,0.012548198079005314,0.0005022551087705551,-0.014715866242637654,6.302396591045285e-06,var_DorsSal,0.11278101512345362,CentExe,0.2972972972972973,0,0.36936936936936937,0.0012813583084857632
1957,5442,0.010905811623246492,0.0014525536589227537,0.000107524139420167,0.08478641194663988,0.024720120423692395,0.007775337115703107,-0.018032794076544345,0.0001922072698349859,netfc_Sens__CentExe,0.08715069088737898,CentExe,0.2482543182653436,9,0.9911797133406836,0.08478641194663988
1958,1327,0.002659318637274549,0.002186891880529996,0.00013733182997032546,0.00516325558431247,0.012740320593899937,-0.001905988009061499,-0.01838277740283001,0.0,var_Visu,0.08140952263641982,CentExe,0.2343632253202713,9,0.3918613413715147,0.00516325558431247
1961,676,0.0013547094188376754,0.0016818354552646322,1.551193678994296e-05,0.0028061909245286187,0.013349208651505432,0.032968011307351386,-0.0114606807598705,0.00044009686176702407,var_VentSal,0.18413827153408252,CentExe,0.27218934911242604,5,0.46005917159763315,0.0028061909245286187
1962,825,0.001653306613226453,0.0014785992938457931,6.480870875280951e-05,0.002275889232987047,0.011722795971559782,-0.012260362585049256,-0.015806497130531394,0.0,var_Visu,-0.040493318154337744,CentExe,0.31272727272727274,7,0.3612121212121212,0.002275889232987047
1965,526,0.0010541082164328658,0.002239342542805896,0.0003081190964230511,0.0016981474570405327,0.04027224572845805,0.02372566501257356,-0.017090834609756245,0.0009554858114574421,netfc_Sens__DefaMod,0.17393732819775998,Visual,0.32509505703422054,0,0.4049429657794677,0.002239342542805896
1966,697,0.0013967935871743488,0.002088060547256361,0.00018457242114367406,0.00433848400240187,0.01433384441880284,-0.011529277623190115,-0.01541254158712091,0.0,var_Sens,0.048117073748899654,DefaultMode,0.35294117647058826,8,0.4562410329985653,0.00433848400240187
1967,5698,0.011418837675350702,0.01107159064977495,0.0004099227584123463,0.0013711991424102978,0.022843203018023527,0.04954379295939071,-0.01229370447221334,0.0011317389208542867,var_CentExe,-0.20622624420684893,CentExe,0.2832572832572833,4,0.14777114777114778,0.01107159064977495
1968,116,0.00023246492985971943,0.0010317263866329374,2.359294831302002e-05,0.0006007091531245918,0.05057878845274611,-0.015095818006374051,-0.015833767583123715,0.0,netfc_Visu__DefaMod,0.06242606005316014,CentExe,0.22413793103448276,6,0.5172413793103449,0.0010317263866329374
1971,200,0.0004008016032064128,0.0009926336158534244,2.109309269079194e-05,0.00036022283570401906,0.060290840852475595,-0.0037172441635564546,-0.017927043951972754,0.0,netfc_Sens__CentExe,0.09611901603204519,Sensorimotor,0.25,0,0.345,0.0009926336158534244
1972,220,0.0004408817635270541,0.002087155293309211,6.28797759887864e-05,9.365328856679197e-05,0.011604786513669219,-0.011859434792715673,-0.010068976775600591,0.0,slope_CentExe,-0.03599992705044967,CentExe,0.37272727272727274,1,0.16363636363636364,0.002087155293309211
1974,117,0.0002344689378757515,0.0008803322307976583,3.091122422346783e-05,0.00015806222818890147,0.21988956006769325,-0.013743728734970428,-0.020800917961000476,0.0,netfc_Visu__DefaMod,0.05011916047113525,CentExe,0.26495726495726496,6,0.27350427350427353,0.0008803322307976583
1975,249,0.0004989979959919839,0.0014215144584056375,0.00015585199884973454,0.0005398179921598976,0.0121770286954132,-0.008047960170028956,-0.011458156496128025,0.0,var_DorsSal,0.05793311998615401,DefaultMode,0.4578313253012048,2,0.3333333333333333,0.0014215144584056375
1977,123,0.0002464929859719439,0.0015587625623113381,3.6170041796694484e-05,8.020696339954544e-05,0.012035598654621072,-0.004976001572667643,-0.016415830892432703,0.0,ac1_DefaMod,-0.07343951771593729,CentExe,0.3170731707317073,5,0.21138211382113822,0.0015587625623113381
1979,115,0.00023046092184368736,0.003287474756947536,0.00017726991869260615,0.00045817871835639293,0.011153043618479732,-0.009278685641010309,-0.014826194955349203,0.0,netfc_Visu__DefaMod,-0.06013066986040062,DorsSal,0.23478260869565218,7,0.41739130434782606,0.003287474756947536
1980,168,0.0003366733466933868,0.00128522925563839,0.00010772352746831028,0.0006473666506367564,0.0174948534513218,-0.0062689657899670514,-0.014525886630972984,0.0,netfc_CentExe__Subc,0.09104935544493215,Sensorimotor,0.27380952380952384,3,0.4107142857142857,0.00128522925563839
1981,1105,0.002214428857715431,0.5883341640088409,0.009792039213407018,2.4640059529037422e-05,0.010119164189655238,0.010670712045067088,-0.008783394940053979,0.00010797868720456567,var_Visu,-0.13730721483733474,Visual,0.9864253393665159,4,0.11221719457013575,0.5883341640088409
1985,75,0.0001503006012024048,0.0010746133247052211,7.753091200035954e-06,2.8457791452554216e-05,0.010170459995606737,-0.01001272030804956,-0.013699263573773601,0.0,netfc_VentSal__DorsSal,-0.042522271914948284,DefaultMode,0.29333333333333333,2,0.21333333333333335,0.0010746133247052211
1988,132,0.0002645290581162325,0.0010126020699690495,4.14288644288167e-05,0.00036746336542357297,0.014187639861597651,-0.012167776590743973,-0.013783613019531904,0.0,netfc_CentExe__DefaMod,0.11241948947964878,CentExe,0.3106060606060606,4,0.4318181818181818,0.0010126020699690495
1990,5359,0.010739478957915832,0.3681619284531421,0.009257932520963455,8.277012969501994e-05,0.011097744039738521,0.02829847491894688,-0.009273317539631343,0.0003140492313654328,var_CentExe,-0.12648528554443028,CentExe,0.6210113827206568,2,0.11065497294271319,0.3681619284531421
1991,1699,0.003404809619238477,0.0012544491800477139,5.62126892873787e-05,0.009066245299698805,0.012136033365130118,0.008832525860357876,-0.015660618704187,0.00010719182853967778,netfc_VentSal__DefaMod,-0.06568454413253089,CentExe,0.2342554443790465,8,0.5179517363154797,0.009066245299698805
1995,197,0.0003947895791583166,0.0017160949474207144,5.172249534091797e-05,0.00014565392321834954,0.010409259232412888,-0.004347233993187594,-0.016387717087775755,0.0,falff_CentExe,0.12003767405983572,CentExe,0.3299492385786802,6,0.20812182741116753,0.0017160949474207144
1996,7268,0.014565130260521041,0.002525996096454067,0.00016388832805111213,0.0014946987669836854,0.13412797565568385,-0.002906098127630541,-0.011381188906373518,0.0,slope_VentSal,0.09347302790847281,CentExe,0.24064391854705558,6,0.14474408365437536,0.002525996096454067
1998,263,0.0005270541082164329,0.0020962519727569322,4.317988156620744e-05,0.0006565684720689563,0.011475765109249204,-0.0034729672211486484,-0.01336222978196866,0.0,netfc_Sens__DefaMod,-0.06851159243840811,CentExe,0.29277566539923955,6,0.33840304182509506,0.0020962519727569322
2000,123,0.0002464929859719439,0.006218978009318334,0.000641992740539545,0.00016880612021649686,0.013475690844407029,-0.014782160155367263,-0.014800421754992632,0.0,var_Subc,0.07514241359377216,Subcortical,0.3333333333333333,7,0.25203252032520324,0.006218978009318334
2003,161,0.0003226452905811623,0.001190050018031949,2.165847879625947e-05,0.001250011488801995,0.02011759944200927,-0.0040769056331453335,-0.012695122492802247,0.0,fc_mean,0.11110217435299631,DefaultMode,0.2670807453416149,4,0.6708074534161491,0.001250011488801995
2007,316,0.0006332665330661323,0.0010614666684789621,2.6316209728418474e-05,0.0002024881960683783,0.02080299669470303,0.010233388255163733,-0.016867026687205744,0.00021288514204778394,fc_mean,0.13964448597778661,DefaultMode,0.26582278481012656,0,0.189873417721519,0.0010614666684789621
2008,70,0.00014028056112224449,0.0008562135286882907,1.9036548534591778e-05,0.00018224550073494674,0.10934579722658923,-0.01267146781898143,-0.014811603950072527,0.0,netfc_Sens__Sens,0.038956553508479576,Visual,0.2714285714285714,7,0.34285714285714286,0.0008562135286882907
2011,263,0.0005270541082164329,0.001179227362322121,2.3804400200728576e-05,4.494592178581282e-05,0.0209405191137951,0.05343734015380941,-0.018871929645845498,0.0011190056428812163,falff_DefaMod,0.23213707477104864,DefaultMode,0.24714828897338403,6,0.18631178707224336,0.001179227362322121
2014,3608,0.0072304609218436875,0.003135538424264494,0.00015913051408452208,0.03816939167631796,0.019927034152474873,0.06992482693708812,-0.01892141208259024,0.00139339441448125,var_Sens,-0.16399294425524666,CentExe,0.2660753880266075,6,0.7868625277161863,0.03816939167631796
2015,386,0.0007735470941883768,0.0028156664195957324,0.00011046130488151863,0.0005573712002104676,0.015200590225474485,0.0491639477459368,-0.018918269678279476,0.0007473210235526252,var_Sens,0.22021104853659146,DefaultMode,0.3704663212435233,5,0.29533678756476683,0.0028156664195957324
2016,72,0.00014428857715430862,0.0008710394057296441,3.091529551305744e-05,0.0002620911452650879,0.011628478003759494,-0.011145918651237707,-0.01284606041387204,0.0,falff_CentExe,-0.051460214235728635,CentExe,0.3333333333333333,2,0.3888888888888889,0.0008710394057296441
2017,14633,0.029324649298597193,0.6283108696351724,0.018958558181414557,0.0001652523733744826,0.010289660286009875,-0.001940939517876883,-0.011285899819582168,0.0,netfc_VentSal__CentExe,-0.08643175062422331,DefaultMode,0.518280598646894,6,0.10797512471810292,0.6283108696351724
2020,112,0.00022444889779559118,0.0014804971688117752,8.209356058991145e-05,0.00032194642587398016,0.012261145692164343,-0.010796736258811945,-0.010576841052696295,0.0,netfc_Sens__CentExe,-0.04067244009020367,CentExe,0.33035714285714285,2,0.4017857142857143,0.0014804971688117752
2022,72,0.00014428857715430862,0.0008496074144241161,2.4869300502325502e-05,0.0005426994292683856,0.092783478655712,-0.01392256985190321,-0.010534933394433788,0.0,netfc_VentSal__VentSal,0.06392703405749237,Visual,0.2638888888888889,0,0.6527777777777778,0.0008496074144241161
2023,99,0.00019839679358717434,0.0009643089878816987,1.0181949579492067e-05,0.0001845534727422933,0.01201709756349195,-0.008891673184457938,-0.007809402819074496,0.0,netfc_Visu__Visu,0.05212152103704512,CentExe,0.25252525252525254,0,0.36363636363636365,0.0009643089878816987
2024,14859,0.02977755511022044,0.6795781630031885,0.07199723715368028,6.086838169565986e-05,0.010339475727823373,0.031555381872167776,-0.011880486882200225,0.0003262661049494764,netfc_Visu__DefaMod,-0.18524441595072255,DefaultMode,0.9018103506292483,3,0.1044484824012383,0.6795781630031885
2025,940,0.0018837675350701403,0.004989480245596975,0.000515552668910671,0.00019937389789824594,0.014742590694784752,0.030419328383957667,-0.014369117724591485,0.000448459707574936,netfc_DorsSal__DefaMod,-0.13431136254258083,Visual,0.2776595744680851,6,0.15851063829787235,0.004989480245596975
2027,90,0.00018036072144288578,0.0013460613927109544,4.097773444461161e-05,0.00021286409310300407,0.018458894519005713,-0.0012335119958808427,-0.01603645578783741,0.0,fc_mean,0.1272214305733411,DefaultMode,0.3111111111111111,9,0.36666666666666664,0.0013460613927109544
2030,207666,0.4161643286573146,0.016336194366739058,0.002046788734397458,0.001391498573963284,0.03612940489803778,0.10752691773501155,-0.013780940642470707,0.003884883548286232,ac1_VentSal,-0.3191843470569488,CentExe,0.25724480656438703,4,0.10567931197210906,0.016336194366739058
2036,80,0.00016032064128256512,0.0020849865310438895,0.0003130743035297766,0.00020730615250156843,0.01140178992789215,-0.0050903336468979266,-0.014609840932782836,0.0,fc_sd,0.10275025903709503,Visual,0.45,6,0.3625,0.0020849865310438895
2038,270,0.0005410821643286574,0.0013438803493810354,0.00010107637858832094,0.0012247066889863152,0.014658209047001979,0.000739492809182174,-0.015731345887715742,1.083964018574705e-05,var_Sens,-0.09289164585773864,Sensorimotor,0.2777777777777778,4,0.4074074074074074,0.0013438803493810354
2040,191479,0.3837254509018036,0.0023421352406140265,3.2325005611306334e-05,0.0020618207801142837,0.042780614199335903,0.032223751442398973,-0.015922721939877205,0.0013785518785125643,falff_DorsSal,-0.0778729954433616,CentExe,0.254550107322474,9,0.10736947654834211,0.0023421352406140265
2041,77,0.00015430861723446894,0.0007943060577105576,1.33305595145839e-05,0.00025846498804518275,0.3714562700614611,-0.03062506287661715,-0.012378347976294002,0.0,var_DorsSal,-0.05677958457890384,CentExe,0.2727272727272727,0,0.4155844155844156,0.0007943060577105576
2042,825,0.001653306613226453,0.003155880045869276,0.0004900586188721101,0.01233674917358137,0.014679613647570726,0.014386760500619822,-0.01704177515756311,0.00021119208578923018,var_Visu,-0.0979653508011558,Visual,0.2896969696969697,9,0.9454545454545454,0.01233674917358137
2043,205,0.00041082164328657317,0.009913894129828162,0.000569426237243586,0.0003571935493499613,0.010063093909729084,-0.005540827417688687,-0.016165999389241792,0.0,var_DorsSal,0.07216594132286892,CentExe,0.47317073170731705,8,0.28780487804878047,0.009913894129828162
2049,169,0.00033867735470941886,0.001373168044106031,1.905096196872534e-05,0.0002600654044748447,0.06004681205617028,-0.04905492318881444,-0.010941364474023496,0.0,var_Subc,-0.2235232538275417,CentExe,0.2603550295857988,4,0.2781065088757396,0.001373168044106031
2051,67,0.0001342685370741483,0.0013003444233228804,3.439547618337177e-05,0.00030788477611322606,0.01117451975641321,-0.008527026911707702,-0.014881323000702773,0.0,var_DorsSal,0.06768326717415704,CentExe,0.3283582089552239,2,0.5074626865671642,0.0013003444233228804
2052,157,0.0003146292585170341,0.0010864667279412354,4.184690936865656e-05,0.0008739788780720618,0.05191795011160248,-0.005828238909132866,-0.0168911702050607,0.0,slope_Sens,-0.0835244486964592,Sensorimotor,0.2611464968152866,9,0.5668789808917197,0.0010864667279412354
2054,80,0.00016032064128256512,0.0009907841745840217,3.621557512575617e-05,0.00011061721807533301,0.010316405394478726,-0.020349172442875485,-0.013350987062675124,0.0,netfc_DefaMod__DefaMod,-0.03070929526573768,CentExe,0.2875,9,0.2375,0.0009907841745840217
2056,376,0.0007535070140280561,0.002247239842526594,0.00026845512920142074,0.00035715849591870345,0.014474163389831034,0.06358557441705581,-0.018364896305335776,0.000920347993348726,ac1_Sens,0.22261756012573955,Visual,0.3617021276595745,4,0.2127659574468085,0.002247239842526594
2057,485,0.0009719438877755511,0.0010980656252215124,6.0984613470693255e-05,0.0007506589978941572,0.01435615532547227,0.00010416439113769549,-0.015014527828681512,1.4954001785560036e-06,falff_CentExe,-0.0485527329302916,DefaultMode,0.2948453608247423,6,0.26597938144329897,0.0010980656252215124
2058,20933,0.0419498997995992,0.6690338408899392,0.097633595977406,0.00010869043932402896,0.010630944574931835,0.00675789129158455,-0.017616836969905902,7.184276776424986e-05,ac1_DefaMod,-0.13215793075389873,Visual,0.6691826302966608,5,0.10390292839057946,0.6690338408899392
2060,1738,0.0034829659318637274,0.0023901601884380886,0.00019436164343895234,0.013834704105273465,0.016919828748505058,0.02195477864973938,-0.01482364749981313,0.00037147109496492547,var_DefaMod,-0.14851484143870966,CentExe,0.21749136939010358,3,0.6323360184119677,0.013834704105273465
2061,227,0.00045490981963927857,0.07534431388203457,0.001833466950515457,0.00012718467443468547,0.010806439439277012,-0.01038053020953944,-0.011242165655060976,0.0,ac1_Visu,0.040046238342653764,Visual,0.9074889867841409,5,0.18061674008810572,0.07534431388203457
2063,495,0.0009919839679358717,0.001520019809995967,7.962897098549015e-05,0.0002666411983458544,0.010583673757631158,0.007675688356863164,-0.013341246446866739,8.123698143428769e-05,var_Sens,0.09135399308061004,DefaultMode,0.25252525252525254,5,0.19797979797979798,0.001520019809995967
2064,565,0.0011322645290581163,0.0036728886526726785,0.00019550508549034083,0.0029968005411157095,0.01354673077645319,0.00879233127250234,-0.017282548346288396,0.0001191073446459793,fc_mean,-0.12685581945599136,CentExe,0.3345132743362832,4,0.5469026548672566,0.0036728886526726785
2065,58,0.00011623246492985972,0.000877682201002654,1.7874036062673754e-05,0.00027920835166365233,0.11603790990280533,-0.01964155401858192,-0.012673610808221936,0.0,netfc_DefaMod__DefaMod,0.061880276724916666,Visual,0.25862068965517243,0,0.5172413793103449,0.000877682201002654
2067,171,0.00034268537074148294,0.0014030863526905452,5.338269326674103e-05,0.00013753441856417388,0.017067120074675864,0.002154534389371965,-0.015026986298492195,3.677169712842977e-05,slope_Sens,-0.12842752926281262,CentExe,0.3567251461988304,5,0.21637426900584794,0.0014030863526905452
2071,72,0.00014428857715430862,0.000796788208760649,9.428126988137139e-06,0.00011424901944788607,0.01053787699001109,-0.009166568047587198,-0.014349321938440962,0.0,netfc_CentExe__DefaMod,-0.03985716675470498,CentExe,0.3194444444444444,9,0.2916666666666667,0.000796788208760649
2076,223,0.0004468937875751503,0.0012790247429730682,8.618729887810527e-05,0.0001445295479852208,0.013741504275365957,-0.0004160185003732053,-0.01348892994377171,0.0,var_Sens,0.10472416438082222,CentExe,0.32286995515695066,8,0.18385650224215247,0.0012790247429730682
2077,78,0.000156312625250501,0.0009329481628932202,2.7420805664301154e-05,0.00013438294283849703,0.010102559625644136,-0.011997154023427381,-0.013016758065144352,0.0,netfc_DorsSal__DorsSal,0.036106405807295024,CentExe,0.3717948717948718,8,0.28205128205128205,0.0009329481628932202
2078,10877,0.021797595190380763,0.0019469505058719101,0.0002696946110008348,0.1625479030797138,0.017980298590545812,0.13194888675369165,-0.011857490114377311,0.002372480382521491,fc_mean,-0.31609862828251617,CentExe,0.237013882504367,1,0.9287487358646686,0.1625479030797138
2079,325,0.0006513026052104208,0.0012601744073793611,3.466533848193806e-05,0.0007532266190050822,0.01177106142795051,0.004560776056576343,-0.013472001723722427,5.368517512108603e-05,fc_mean,-0.11116389502014548,CentExe,0.2523076923076923,9,0.3384615384615385,0.0012601744073793611
2083,285,0.0005711422845691383,0.0010252266261399142,1.100498304673649e-05,0.00015576652936508426,0.5611869147124706,-0.030213096276954454,-0.015693416754291922,0.0,var_Subc,-0.1386232400037349,CentExe,0.25263157894736843,8,0.23157894736842105,0.0010252266261399142
2085,113,0.00022645290581162325,0.0012157951714794977,2.5038110311175386e-05,0.0003749919099740814,0.017776861149197562,-0.010494662290426948,-0.008976251128747892,0.0,netfc_Visu__VentSal,0.08752335940909312,CentExe,0.30973451327433627,8,0.4424778761061947,0.0012157951714794977
2086,201,0.0004028056112224449,0.002707577291524636,0.00011459985566549021,6.150448706326351e-05,0.010991710671035082,-0.006038457322577351,-0.016797382044760223,0.0,var_Sens,0.030428549452190697,CentExe,0.29850746268656714,7,0.16417910447761194,0.002707577291524636
2087,1579,0.003164328657314629,0.08913687017202908,0.0018489944476136628,7.800638946528528e-05,0.010448306982491292,0.024058361250182903,-0.014496572041138078,0.00025136914383758397,var_Visu,0.15857042085827533,Sensorimotor,0.36922102596580114,4,0.11906269791006967,0.08913687017202908
2094,51,0.00010220440881763527,0.0011444043541592069,4.114433549299116e-05,0.00044186247970867963,0.011297266322207887,-0.01235440883711214,-0.007685086203684355,0.0,ac1_DefaMod,0.07212721714049494,DefaultMode,0.39215686274509803,6,0.7254901960784313,0.0011444043541592069
2095,419,0.0008396793587174348,0.002980153600005977,0.000135225194075678,0.0002628031434440137,0.01574113688953892,-0.006127232303712704,-0.016262554042248967,0.0,netfc_Sens__DefaMod,0.09289248752339505,CentExe,0.3794749403341289,0,0.20763723150357996,0.002980153600005977
2097,257,0.0005150300601202405,0.0010536930393040538,6.611208137695882e-05,0.00019614241946593183,0.012049896614809348,-7.864883550867674e-06,-0.012297239376253488,0.0,var_Visu,0.12504980638775823,Sensorimotor,0.24124513618677043,1,0.1867704280155642,0.0010536930393040538
2099,584,0.0011703406813627255,0.0028767518430579246,0.0003146524614570753,0.00017707163030794223,0.01357516060507096,0.02420647739869275,-0.015382047569017399,0.0003286068183702744,slope_DefaMod,0.14649925903324904,CentExe,0.3904109589041096,4,0.17123287671232876,0.0028767518430579246
2100,84,0.0001683366733466934,0.0010447846308302652,1.4619445786276535e-05,0.00031519485932465015,0.04640166485332489,-0.015499548373644867,-0.009189215258544436,0.0,var_Visu,-0.07084748119243227,CentExe,0.35714285714285715,4,0.47619047619047616,0.0010447846308302652
2101,80,0.00016032064128256512,0.0008923609325608596,1.1397203100576866e-05,1.944728574864885e-05,0.011892390645888833,-0.007541210371016183,-0.019890938981086848,0.0,ac1_DorsSal,-0.05029600431738842,CentExe,0.3125,7,0.15,0.0008923609325608596
2102,58,0.00011623246492985972,0.0009718139376987774,3.655706679038299e-05,0.00014426300757167896,0.04154273983059821,-0.010971422947079201,-0.018982870854192146,0.0,netfc_VentSal__DefaMod,0.08430669645323106,CentExe,0.4827586206896552,6,0.39655172413793105,0.0009718139376987774
2103,99,0.00019839679358717434,0.0009536756649794554,3.286376759001009e-05,0.00032782981104901665,0.010023063147412258,-0.004408730227889901,-0.013962298103808113,0.0,netfc_Sens__Sens,-0.055465066972656005,CentExe,0.2828282828282828,5,0.35353535353535354,0.0009536756649794554
2104,105,0.00021042084168336673,0.0009015347907829468,4.8122379691155826e-05,0.0006034812186128071,0.027026562035973548,-0.009756050840756814,-0.010452925443345862,0.0,var_Visu,-0.056501667587220826,CentExe,0.4095238095238095,4,0.5714285714285714,0.0009015347907829468
2105,93,0.00018637274549098196,0.0011550859014016906,2.8652479097036985e-05,0.0002877131756215183,0.011319523234921618,-0.00881957501856534,-0.014273877216132158,0.0,var_Sens,-0.06258678368308739,DefaultMode,0.3333333333333333,8,0.40860215053763443,0.0011550859014016906
2106,49112,0.09842084168336673,0.003966383272412296,4.111298083667895e-05,0.005342602500112612,0.22189232502268122,0.08640830441803482,-0.020306426193069216,0.019173339568585364,fc_mean,0.28409255850281,CentExe,0.2557012542759407,2,0.14464896562958138,0.005342602500112612
2107,412,0.0008256513026052105,0.0013076308232139841,2.572355854162229e-05,0.0003816872549233293,0.011172409077172962,0.00800786988565938,-0.015057647950754927,8.946719819936087e-05,netfc_Sens__Sens,-0.12083959495238986,DefaultMode,0.27184466019417475,4,0.22330097087378642,0.0013076308232139841
2108,154,0.0003086172344689379,0.0013803468484458834,7.406072556226106e-05,0.0001423615595306974,0.013048151708133312,-0.011630291798503611,-0.019760578730346312,0.0,netfc_Sens__DefaMod,0.04359707004659262,Sensorimotor,0.2922077922077922,7,0.2012987012987013,0.0013803468484458834
2109,778,0.0015591182364729458,0.0025665487388441934,0.0002033440573826246,0.0016073976829261369,0.015765363713006478,0.03187158744255647,-0.013432026872894465,0.0005024671681427927,fc_mean,0.20403454876335853,CentExe,0.2892030848329049,7,0.2750642673521851,0.0025665487388441934
2110,92,0.0001843687374749499,0.04919734763055628,0.0003487722181225495,2.470102249788942e-05,0.011182645725043025,-0.012499578243410747,-0.015328779582057583,0.0,falff_CentExe,0.03936491280567058,CentExe,0.9239130434782609,2,0.14130434782608695,0.04919734763055628
2112,11292,0.022629258517034068,0.6741097410068589,0.05416238216009883,0.00017095566343082244,0.010263844643384852,0.003999836556040748,-0.014222145792278429,4.1053701010133745e-05,netfc_VentSal__VentSal,-0.13738135581666688,VentSal,0.5381686149486362,6,0.11016648955012398,0.6741097410068589
2113,24353,0.048803607214428855,0.004163382368509776,0.00038745639333898725,0.053466603692458585,0.019553141562647165,0.15689840070975725,-0.01731661615103186,0.003067856640030824,slope_Sens,0.3329804393193227,CentExe,0.27602348786597136,4,0.2706442738061019,0.053466603692458585
2114,5542,0.0111062124248497,0.8741854280181429,0.14473073072805792,3.480732068486625e-05,0.010202355985111405,-0.006330488060208195,-0.015092133276795039,0.0,falff_DorsSal,-0.07781824247345492,DorsSal,0.839408155900397,2,0.10970768675568388,0.8741854280181429
2119,79,0.00015831663326653308,0.00082704296775662,6.3752916338505975e-06,0.00011124803388730778,0.5200251330518785,-0.018185028673145753,-0.01700762875432793,0.0,netfc_Visu__VentSal,0.04012873253100293,CentExe,0.3291139240506329,0,0.26582278481012656,0.00082704296775662
2123,68,0.00013627254509018035,0.0013234598760774204,2.670172749239188e-05,0.00010649086148378153,0.0332632925726135,-0.015263063774783259,-0.0171561138805425,0.0,netfc_Visu__Subc,0.03617185160244029,CentExe,0.25,6,0.2647058823529412,0.0013234598760774204
2124,186,0.0003727454909819639,0.0009851451878422463,2.9246490378069688e-05,0.0001988401445255273,0.09475589677575783,-0.0020543327929460897,-0.01683013252719867,0.0,netfc_CentExe__DefaMod,0.12734448318574473,CentExe,0.3333333333333333,0,0.2849462365591398,0.0009851451878422463
2125,62379,0.12500801603206413,0.009973880948916667,0.002170271616684443,0.006841267468263893,0.17338105877564056,0.057389655944984574,-0.01853028856703287,0.00995027931051116,netfc_Visu__DefaMod,0.21774635285645205,CentExe,0.2442648968402828,5,0.12331072957245227,0.009973880948916667
2126,55,0.00011022044088176352,0.0009102328930955964,1.3399795730773579e-05,0.0002491557848270725,0.1154034662000552,-0.012001687655383675,-0.021447867463844084,0.0,netfc_Sens__VentSal,0.05968451248426129,CentExe,0.2909090909090909,3,0.4909090909090909,0.0009102328930955964
2127,380,0.0007615230460921844,0.0025499379512085533,0.00040956079286190385,0.0008512288070704766,0.010890463840874054,0.02572714122438624,-0.015378849819965623,0.0002801805012332386,ac1_CentExe,-0.17235415817149577,CentExe,0.4368421052631579,5,0.2894736842105263,0.0025499379512085533
2128,189,0.0003787575150300601,0.0025092489511294447,5.9798190509310895e-05,0.00015740550948546326,0.012291450023082982,0.015255203386008498,-0.015178508003703906,0.00018750857001108976,falff_DefaMod,0.15106786018239685,CentExe,0.2751322751322751,0,0.2275132275132275,0.0025092489511294447
2130,509,0.0010200400801603207,0.0014301419971255004,8.888696844688231e-05,0.0030403131027316346,0.011120766487141656,-0.008369941783395118,-0.010829690946227988,0.0,var_Visu,-0.07746510397247257,CentExe,0.29469548133595286,4,0.5009823182711198,0.0030403131027316346
2132,1290,0.002585170340681363,0.6629199450561785,0.010567584625157425,1.4562138718822206e-05,0.01028749314189913,0.0025724226893738544,-0.017029680226894328,2.6463780774999244e-05,var_Visu,-0.10745321544561907,Visual,0.9736434108527132,1,0.11085271317829458,0.6629199450561785
2133,698,0.0013987975951903807,0.00209640935951766,0.00016369353662030724,0.00012102964451666754,0.011124696227905314,0.00041011743689423064,-0.02408117716025293,4.562431903215444e-06,var_Visu,0.09928739840076736,DefaultMode,0.33810888252148996,7,0.1346704871060172,0.00209640935951766
2134,100,0.0002004008016032064,0.001075188989070611,8.333856852859863e-06,5.707895786501004e-05,0.009807171667609357,-0.006730534745146288,-0.017586543888801875,0.0,netfc_Visu__CentExe,-0.028258448892877933,DefaultMode,0.32,2,0.16,0.001075188989070611
2135,9917,0.01987374749498998,0.005080156486182285,0.0003788718268623302,0.002246550659913091,0.07429189925368364,0.27442737866887545,-0.012416133823060616,0.020387731168520586,fc_mean,0.5163279700022978,CentExe,0.2580417464959161,0,0.1618432993848946,0.005080156486182285
2136,55,0.00011022044088176352,0.0009318097496432874,1.71740924279475e-05,8.503798957616607e-05,0.10556259662122504,-0.013580378828299544,-0.0262370270471608,0.0,var_DefaMod,-0.01976372677138238,DefaultMode,0.21818181818181817,3,0.2909090909090909,0.0009318097496432874
2138,1542,0.003090180360721443,0.0017450950775927659,7.093319193489259e-05,0.0005711980607881704,0.01835208418033466,0.01571948553719582,-0.01471149452794851,0.0002884853218501709,var_Sens,-0.13012161922777404,DefaultMode,0.25810635538262,9,0.17574578469520102,0.0017450950775927659
2139,95,0.0001903807615230461,0.0011784961609789715,3.017379110282056e-05,0.0003272657062835839,0.027622518566035294,-0.014212340786337707,-0.01620822441875336,0.0,netfc_DefaMod__DefaMod,0.0645212187629971,Sensorimotor,0.2631578947368421,2,0.3894736842105263,0.0011784961609789715
2140,1120,0.0022444889779559118,0.0016634604419977026,4.7086933135012974e-05,0.0011753966555923172,0.015083208507132392,0.011421167836158985,-0.01753110899668231,0.00017226785586774005,netfc_VentSal__VentSal,0.1001597018441262,DefaultMode,0.23839285714285716,7,0.24553571428571427,0.0016634604419977026
2142,586,0.0011743486973947897,0.0024299078496458166,0.00018793405944517516,0.00036673067066913216,0.013012374021550829,0.01918067816018909,-0.014786511635322519,0.0002495861582073719,ac1_DorsSal,-0.14891151617483575,Sensorimotor,0.2781569965870307,3,0.19283276450511946,0.0024299078496458166
2143,226,0.0004529058116232465,0.0040683038559928926,0.00016694985408799678,0.00017944826507211177,0.010811767132309741,0.017302036502223506,-0.01806426779491699,0.0001870655895767635,ac1_DorsSal,-0.15704175796856085,DefaultMode,0.39823008849557523,3,0.21238938053097345,0.0040683038559928926
2144,423,0.0008476953907815631,0.0013590241376556637,9.753525342591436e-05,0.0002030817801938274,0.019815403568166766,0.013102987726471449,-0.012123709588645948,0.0002596409897487677,fc_mean,0.1573483332651031,Sensorimotor,0.23877068557919623,8,0.17966903073286053,0.0013590241376556637
2145,2405,0.004819639278557115,0.0019166934657993302,0.00021780640572186392,0.0046600218341596245,0.011399315919095947,0.059599048956634926,-0.018436863725739716,0.0006793883875343472,netfc_Visu__DorsSal,-0.24655137169208463,CentExe,0.26361746361746363,5,0.26153846153846155,0.0046600218341596245
2146,239,0.00047895791583166334,0.0013654064831132746,7.388626200073498e-05,0.0013596752545584371,0.01346560152768082,-0.008233651243442885,-0.011034341334484665,0.0,falff_CentExe,0.05068444936350594,DefaultMode,0.3723849372384937,4,0.5523012552301255,0.0013654064831132746
2148,74,0.00014829659318637273,0.0009747041958255456,2.0099444611083913e-05,6.752661621255578e-05,0.01105388100718378,-0.010113120488189464,-0.015142291256551532,0.0,falff_DorsSal,0.05814261552836687,CentExe,0.28378378378378377,7,0.21621621621621623,0.0009747041958255456
2150,219,0.000438877755511022,0.0012150767012342263,3.928392038847455e-05,0.0008609051293621042,0.01255693682093942,0.0056077697650995795,-0.014718749350689064,7.041641064672971e-05,netfc_DefaMod__DefaMod,0.13517260589243774,DefaultMode,0.2785388127853881,5,0.4292237442922374,0.0012150767012342263
2151,311,0.000623246492985972,0.0017851339334913879,9.74237649366343e-05,0.0002753192340368743,0.031953274755452565,0.06832783333395198,-0.016502414783740704,0.002183298031964538,fc_mean,0.2729295549692373,DefaultMode,0.34726688102893893,4,0.2057877813504823,0.0017851339334913879
2152,214,0.00042885771543086173,0.001344811145258689,6.0277586675226926e-05,0.0003338402139806471,0.012584996512319641,-0.00294539732567789,-0.014319408512051046,0.0,slope_CentExe,-0.06899531307838369,Visual,0.2757009345794392,5,0.3037383177570093,0.001344811145258689
2153,147,0.00029458917835671345,0.0015365687489635055,3.2908351600313125e-05,6.898449677119708e-05,0.01760738269462184,-0.015300309576696813,-0.016645774880090336,0.0,netfc_VentSal__Subc,0.05204840020020962,CentExe,0.3333333333333333,1,0.1836734693877551,0.0015365687489635055
2154,246,0.0004929859719438878,0.001653512690544355,4.127832225044933e-05,0.0011679704347760118,0.023037859926453796,-0.010509029449687901,-0.011665466090605925,0.0,var_Sens,-0.05925190522579244,Visual,0.22764227642276422,3,0.45121951219512196,0.001653512690544355
2157,87,0.00017434869739478957,0.001967203866326936,1.974743232843991e-05,0.0002601879549777636,0.01306703716674612,-0.014384250854542868,-0.016084430780052283,0.0,ac1_Sens,-0.040020703677186555,CentExe,0.367816091954023,4,0.42528735632183906,0.001967203866326936
2158,117,0.0002344689378757515,0.0013033097572854363,6.77584240840033e-05,0.00032671365224773235,0.015668488465933716,-0.011493177403875121,-0.008468826587057166,0.0,netfc_Visu__VentSal,0.06025062274541628,CentExe,0.26495726495726496,4,0.37606837606837606,0.0013033097572854363
2159,3148,0.006308617234468938,0.004872841876882309,0.001211961127672355,0.00400221176869276,0.05152762437445155,0.1438904137726288,-0.010035195226341553,0.0074143311919604256,fc_mean,0.3366631503304712,Sensorimotor,0.28081321473951715,0,0.2366581956797967,0.004872841876882309
2160,282,0.0005651302605210421,0.0021059302559480286,6.42837024248803e-05,0.0007907733934380755,0.01261300920278571,-0.0010103552448135211,-0.005415915171848029,0.0,var_Sens,-0.08114483694649384,CentExe,0.24468085106382978,4,0.3333333333333333,0.0021059302559480286
2161,206,0.00041282565130260524,0.11368524527473425,0.0017906336505264999,3.681308544291672e-05,0.010113892689059255,-0.011071034140536007,-0.014827954568532586,0.0,ac1_DorsSal,0.06059834691406817,Sensorimotor,0.9757281553398058,2,0.15048543689320387,0.11368524527473425
2163,89,0.0001783567134268537,0.0013564062770399935,3.55724426318425e-05,6.426653507527274e-05,0.012586706348884636,-0.0013755848937639925,-0.019229827240120123,0.0,netfc_Sens__CentExe,0.13394598097383312,DefaultMode,0.3595505617977528,6,0.21348314606741572,0.0013564062770399935
2165,71,0.00014228456913827655,0.0010297231519280714,2.6968177048792033e-05,8.329100863261959e-05,0.010344358198635526,-0.011202144170351147,-0.0161684162877056,0.0,slope_DefaMod,0.05726701619067163,CentExe,0.352112676056338,8,0.23943661971830985,0.0010297231519280714
2169,770,0.0015430861723446895,0.001830099991547274,0.00012237698506194181,0.004906005062931592,0.011799912199761993,0.033201376952103234,-0.017557154197350933,0.0003917733329460196,ac1_Sens,-0.17449322390533856,DefaultMode,0.2961038961038961,6,0.5038961038961038,0.004906005062931592
2171,34672,0.06948296593186373,0.002120977805086531,0.00017011986751760058,0.2155477525748039,0.016046512822423392,-0.0010701128659451609,-0.016902058763499372,0.0,netfc_CentExe__DefaMod,-0.06250969067338856,DefaultMode,0.25602791878172587,1,0.5142766497461929,0.2155477525748039
2174,63,0.00012625250501002003,0.00086941538226425,1.5288283133391532e-05,8.72574732581166e-05,0.5112828822723609,-0.014204211248952436,-0.011824697940609141,0.0,netfc_DorsSal__DorsSal,0.04024684858794964,DefaultMode,0.30158730158730157,7,0.2222222222222222,0.00086941538226425
2175,92,0.0001843687374749499,0.0008205565618461019,1.1681105141395208e-05,0.00017460380498902808,0.3561987461499161,-0.018126728610702747,-0.02076906353008834,0.0,netfc_DorsSal__CentExe,0.043649926596954255,CentExe,0.2608695652173913,7,0.31521739130434784,0.0008205565618461019
2176,53,0.0001062124248496994,0.0013351004595920845,2.8585691228816042e-05,2.516401196364219e-05,0.016931572949831802,-0.002602424544162929,-0.01454850645538297,0.0,var_Sens,0.08462848118861158,Visual,0.33962264150943394,6,0.16981132075471697,0.0013351004595920845
2177,56,0.00011222444889779559,0.0008277819202286814,1.6339960974784598e-05,0.00012673226548100494,0.4627447612291816,-0.030350530135027975,-0.02834510198473761,0.0,netfc_Subc__Subc,0.05383865773903531,CentExe,0.2857142857142857,0,0.30357142857142855,0.0008277819202286814
2179,1890,0.003787575150300601,0.004104541891460515,0.0004106599075803148,0.0003430545483591519,0.012730626403996933,0.035065259928145354,-0.016051827780720895,0.00044640272390426285,netfc_Visu__DefaMod,-0.14506463365301928,CentExe,0.28465608465608466,2,0.1455026455026455,0.004104541891460515
2180,47944,0.09608016032064129,0.0015939422012021928,0.00010343199188701476,0.27789387632208656,0.017754335173322082,0.05974021922795636,-0.014436140918433038,0.0010606478755008778,ac1_DorsSal,-0.22749093862296035,CentExe,0.2591356582679793,0,0.4846278992157517,0.27789387632208656
2182,155,0.00031062124248496995,0.0013405743938974075,8.259902947930478e-05,0.0001444065778593921,0.01859361025182674,0.014659754182619111,-0.01325589272117944,0.0002725777556592066,netfc_Visu__DorsSal,0.1538021691358542,Sensorimotor,0.24516129032258063,8,0.25161290322580643,0.0013405743938974075
2183,176,0.0003527054108216433,0.0011433720862921732,2.3695463171879976e-05,9.488467955681747e-05,0.01114581196744549,-0.0024706658850328633,-0.015248113647363226,0.0,var_Sens,0.0963144538297425,CentExe,0.2897727272727273,7,0.17613636363636365,0.0011433720862921732
2187,50,0.0001002004008016032,0.0014718278071218487,0.00010526187312115061,9.296251907980949e-05,0.04049775666225358,-0.019571640060500828,-0.011693742295908693,0.0,netfc_Sens__VentSal,0.03654831555675492,Sensorimotor,0.52,6,0.28,0.0014718278071218487
2189,241,0.0004829659318637275,0.001147914179197727,4.048601721636972e-05,0.0002872514923499424,0.01337171091449233,-0.009652507180935466,-0.01642104349020812,0.0,slope_Subc,-0.051659080751549284,CentExe,0.2697095435684647,0,0.2821576763485477,0.001147914179197727
2191,80,0.00016032064128256512,0.0009211760771748701,2.3979123690101173e-05,3.782997731712248e-05,0.010396049768489452,-0.0053308557164668535,-0.014539458192327936,0.0,falff_Sens,0.10075670883666589,CentExe,0.3,4,0.1875,0.0009211760771748701
2193,610,0.001222444889779559,0.0015682416378263626,4.1605098997811826e-05,0.0020222565577119656,0.020554728550812428,0.0022350853711771146,-0.01098171756948707,4.594157309243743e-05,netfc_Sens__DorsSal,0.11314886400784767,CentExe,0.2442622950819672,9,0.4360655737704918,0.0020222565577119656
2196,5042,0.010104208416833666,0.01341685132452232,0.001295217472938948,0.0015920276410118258,0.02292712869659004,0.22117067589989126,-0.015115058604032283,0.005070808550268612,fc_mean,0.3733549544597361,Visual,0.2618008726695756,3,0.1453788179293931,0.01341685132452232
2198,7159,0.014346693386773548,0.0038042588027430383,3.982764483299905e-05,0.000736599850373595,0.03307874977340646,0.12373650433120431,-0.014833271222992828,0.004093048864607932,var_Visu,0.30713019558315546,CentExe,0.25743818969129767,6,0.13353820365972902,0.0038042588027430383
2199,1264,0.0025330661322645292,0.0011931187728405333,1.707234443777206e-05,0.005969525848753644,0.013256299049865208,-0.0013003590327109738,-0.018667781572228037,0.0,fc_mean,-0.09253732174718689,CentExe,0.2602848101265823,2,0.5205696202531646,0.005969525848753644
2204,236,0.00047294589178356714,0.001843902530101958,0.0001329061045852172,0.0009013703111317266,0.0122726902640794,0.005108047319273168,-0.0196927992728122,6.268948260370069e-05,netfc_Sens__VentSal,0.09907036272086299,Visual,0.2923728813559322,4,0.423728813559322,0.001843902530101958
2205,13448,0.0269498997995992,0.011122701880983245,0.0010260029240687374,0.0032239239375798975,0.2540873395855642,0.3234653545378515,-0.022089264924978202,0.082188451382624,var_Visu,0.5046061864257017,DefaultMode,0.26516954193932185,8,0.15273646638905414,0.011122701880983245
2206,100,0.0002004008016032064,0.0024220445548627113,0.0002582892873141137,0.0004940397684026016,0.010944293568504172,-0.02178534888349959,-0.011830324300375228,0.0,falff_Visu,0.037878759670155075,Sensorimotor,0.52,5,0.51,0.0024220445548627113
2207,35792,0.07172745490981963,0.01824410519058786,0.0006254231074166597,0.08040448743211188,0.021054962777755874,0.14240717242335732,-0.014636836542423204,0.002998377714659251,var_Visu,-0.2721581590937452,CentExe,0.2643886902101028,0,0.2834432275368797,0.08040448743211188
2208,162,0.0003246492985971944,0.0027432966344844104,4.939331041420312e-05,0.0005320487313042074,0.011371199981281756,0.0014967930961591325,-0.014269098682449188,1.702033362702739e-05,var_DorsSal,0.10686744629331732,DefaultMode,0.30864197530864196,5,0.41975308641975306,0.0027432966344844104
2209,115,0.00023046092184368736,0.0009553349758047206,3.603853407734525e-05,0.00045191930510830994,0.17783366797756073,-0.020808515517930504,-0.009516253630297067,0.0,var_DefaMod,-0.05580595159474997,Visual,0.2608695652173913,3,0.40869565217391307,0.0009553349758047206
2211,136,0.0002725450901803607,0.0007921516656974489,1.1727374090358762e-05,9.356581477747702e-05,0.010428054742617047,-0.005981023031160326,-0.016229157509836556,0.0,netfc_Visu__DorsSal,-0.07758670576043536,DefaultMode,0.3014705882352941,4,0.19117647058823528,0.0007921516656974489
2214,185,0.00037074148296593185,0.0011365444032407962,2.9548970742773057e-05,0.0001403229761536487,0.19610428746095546,-0.02107223745633302,-0.010376438639243979,0.0,netfc_DefaMod__DefaMod,0.10088049051274647,CentExe,0.2702702702702703,7,0.1945945945945946,0.0011365444032407962
2215,79,0.00015831663326653308,0.0009689681115763651,1.8849912809024587e-05,0.00019690154716698506,0.30240833885023444,-0.018311907600756072,-0.02159469848830131,0.0,netfc_DorsSal__DefaMod,0.0423849096760765,CentExe,0.3291139240506329,7,0.379746835443038,0.0009689681115763651
2217,128,0.0002565130260521042,0.0011002329719222396,1.8144971417153502e-05,0.00024632609337293146,0.018638950924277822,0.006018097611300455,-0.011052504152218923,0.00011217102603454276,netfc_VentSal__DorsSal,0.14285366052838644,DefaultMode,0.25,9,0.3515625,0.0011002329719222396
2218,130,0.00026052104208416834,0.0011359136578442649,1.3007518448192227e-05,6.977716063445508e-05,0.010810012944263597,-0.014287884462126588,-0.014415610825835756,0.0,netfc_Visu__DefaMod,-0.04370841166573005,DefaultMode,0.27692307692307694,5,0.17692307692307693,0.0011359136578442649
2220,260,0.0005210420841683367,0.0027235275998457333,0.00010577896558442119,2.524098588088574e-05,0.010326722622371684,-0.007934920514017785,-0.018951332348693395,0.0,ac1_Visu,-0.05352105015040958,Sensorimotor,0.26153846153846155,5,0.1346153846153846,0.0027235275998457333
2221,758,0.0015190380761523046,0.0017317285817995637,0.00023407065618757795,0.00042257002228638475,0.024144005584580186,0.04530041729524703,-0.008410214619616108,0.0010937335281602572,netfc_Visu__DefaMod,0.2031586673541209,Visual,0.25065963060686014,9,0.19393139841688653,0.0017317285817995637
2225,110,0.00022044088176352705,0.001050278688142973,7.82406473924338e-06,0.00010301065212126234,0.01133810865239658,-0.013471116016607443,-0.013069661467394855,0.0,var_Visu,0.027615777260620245,CentExe,0.3,6,0.24545454545454545,0.001050278688142973
2227,174200,0.34909819639278555,0.024325728426359078,0.0034542080850588105,0.00010699394116177251,0.02568259594407487,0.16664272327942475,-0.015522167064638825,0.004279817729005745,falff_Visu,0.36419517593768647,CentExe,0.25470149253731345,5,0.10257175660160735,0.024325728426359078
2228,203,0.00040681362725450903,0.001661888842531979,3.924161236236504e-05,0.00028662921454841283,0.012174339004703742,-0.010377211628382677,-0.011809512172683778,0.0,var_CentExe,0.039969793465192124,DefaultMode,0.33004926108374383,7,0.2512315270935961,0.001661888842531979
2230,129,0.00025851703406813627,0.0018039586792393087,8.578304515826366e-05,0.0004879628973877194,0.011394975704077557,-0.009587512164301204,-0.010896929442946623,0.0,var_VentSal,0.07155544142097195,CentExe,0.4186046511627907,6,0.4728682170542636,0.0018039586792393087
2232,72,0.00014428857715430862,0.001080745689053656,5.768139788278004e-05,0.0005815662254791687,0.015700791025102516,-0.013034410040341449,-0.013513518076247788,0.0,var_DefaMod,0.0339523189145944,Sensorimotor,0.25,0,0.6944444444444444,0.001080745689053656
2233,602,0.0012064128256513026,0.0011773615729012915,2.6993372951706797e-05,0.0003583295043578282,0.01149145730102323,0.005421793843652711,-0.007517343743794536,6.230431244928576e-05,var_Visu,0.12112866681882391,CentExe,0.29069767441860467,1,0.21760797342192692,0.0011773615729012915
2234,1002,0.0020080160320641283,0.002395753376909853,0.00023595316682011253,0.0014176100629820214,0.01235684640037015,0.04427315537297083,-0.015179364668502338,0.0005470765806035229,ac1_DefaMod,-0.20195045477242618,DefaultMode,0.3213572854291417,5,0.2624750499001996,0.002395753376909853
2235,70,0.00014028056112224449,0.0018208351943275153,7.392425588268359e-05,4.278209575644898e-05,0.01155810610397814,-0.007186541456398965,-0.019394331828977762,0.0,var_Sens,0.054511705233069634,Sensorimotor,0.38571428571428573,2,0.18571428571428572,0.0018208351943275153
2237,200400,0.40160320641282565,0.019602718799199552,0.0022147951239945203,0.0005428351939135319,0.02671834654054144,0.13271147552718887,-0.016463755529568802,0.0035458311930420166,ac1_Sens,-0.3468686683965494,CentExe,0.25624750499001997,3,0.1020808383233533,0.019602718799199552
2238,682,0.0013667334669338678,0.003308368106699885,0.0012019401660583573,0.0003912018431293661,0.022839742906656295,0.08334318088143078,-0.013508806424020081,0.001903536824354831,ac1_Sens,0.27278609856388586,Visual,0.4662756598240469,7,0.18475073313782991,0.003308368106699885
2240,1119,0.0022424849699398796,0.002130277212237485,0.00013081425933671238,0.009579722138692211,0.015866374177798997,0.013558663611163202,-0.01570535763866565,0.00021512683020562273,falff_Visu,0.1772739528318168,CentExe,0.2511170688114388,7,0.6890080428954424,0.009579722138692211
2241,90,0.00018036072144288578,0.0009203579660380717,2.5240935484123595e-05,5.686012136925441e-05,0.010640255312978946,-0.011815648230841358,-0.013886419910815517,0.0,var_CentExe,0.05921682490981166,Visual,0.28888888888888886,3,0.2111111111111111,0.0009203579660380717
2242,185,0.00037074148296593185,0.0010271778407812211,2.49915040377713e-05,0.0002977996839561915,0.2577921632143406,-0.014010541633079132,-0.021983818362274254,0.0,netfc_VentSal__DefaMod,0.06890271378398147,DefaultMode,0.24864864864864866,2,0.2864864864864865,0.0010271778407812211
2246,122,0.00024448897795591184,0.0011559245393218845,7.944026216628473e-05,0.000201923245819493,0.01036717361399522,-0.012004671170506187,-0.0072999982115951045,0.0,netfc_CentExe__DefaMod,-0.0523217279516653,CentExe,0.3360655737704918,7,0.28688524590163933,0.0011559245393218845
2247,490,0.0009819639278557115,0.0018107906580690654,0.00016229251006219503,0.00029345572346594733,0.011657907171169197,0.019480829096764185,-0.015299821399279434,0.00022710569722748876,slope_CentExe,0.15324459321962366,DefaultMode,0.3163265306122449,5,0.18775510204081633,0.0018107906580690654
2248,168,0.0003366733466933868,0.0011300289835322304,4.950348699390851e-05,0.00011553819271968971,0.010526825692534157,0.009664872009262915,-0.017612066452806774,0.00010174042298216307,ac1_Visu,-0.13712931319822302,DefaultMode,0.27976190476190477,6,0.20238095238095238,0.0011300289835322304
2250,140,0.00028056112224448897,0.0011634663283313397,4.5624223377212834e-05,0.000103027966057165,0.011046884932478093,-0.0015967453470313586,-0.018412821808664326,0.0,falff_VentSal,0.11613901670678894,Visual,0.2642857142857143,6,0.2357142857142857,0.0011634663283313397
2251,309,0.0006192384769539078,0.0012328901348922499,4.826135790727673e-05,0.0013466518188806913,0.013965341549276507,0.003188786654648057,-0.012624716699441763,4.4532494759934946e-05,var_Visu,0.09347327873923955,Visual,0.2459546925566343,7,0.4854368932038835,0.0013466518188806913
2252,237,0.0004749498997995992,0.009167545920556108,0.00026230637589265985,0.0001733052632158744,0.010080043775357995,-0.015266189767692895,-0.008943360993977523,0.0,netfc_VentSal__DefaMod,-0.03122209615504267,DefaultMode,0.4641350210970464,5,0.22784810126582278,0.009167545920556108
2253,720,0.0014428857715430862,0.0012101107287307124,2.6186294697577298e-05,0.00012055331312599026,0.012192747120754866,0.006357160567665332,-0.0112185793313051,7.751125120757785e-05,var_DorsSal,0.0818727513364874,CentExe,0.28055555555555556,7,0.1388888888888889,0.0012101107287307124
2254,2184,0.004376753507014028,0.02490751816645981,0.008075501604650462,0.0006170995768469481,0.01295970167634504,0.019812051929402053,-0.015029621020154815,0.0002567582826013068,var_Visu,0.13463404243511587,Visual,0.614010989010989,2,0.15018315018315018,0.02490751816645981
2255,2505,0.005020040080160321,0.0033314245502464052,0.0007783411746843532,0.0022259544460548346,0.02849740359296918,0.03788641582784735,-0.016031872673637926,0.0010796644825372217,netfc_Visu__Visu,0.16826384903070718,Visual,0.23952095808383234,9,0.25269461077844313,0.0033314245502464052
2256,56,0.00011222444889779559,0.0019819618320668884,6.183990753930971e-06,8.506370769524843e-05,0.14843401948046314,-0.05992854734175679,-0.008935129139792108,0.0,var_DefaMod,-0.21220951600753407,CentExe,0.2857142857142857,7,0.2857142857142857,0.0019819618320668884
2257,534,0.0010701402805611223,0.0016079465016992707,5.460317981311278e-05,0.0003828544532390481,0.013682112323020478,0.04887191814720093,-0.019418454408557606,0.000668671073531466,ac1_DefaMod,-0.21020352221603295,DefaultMode,0.2752808988764045,2,0.2153558052434457,0.0016079465016992707
2259,230,0.0004609218436873747,0.0028555390831785676,0.00010967894232276228,0.0008406931264384699,0.011865743629804469,-0.006676800430035712,-0.016640748746400646,0.0,netfc_DorsSal__DefaMod,-0.05882655566218454,DefaultMode,0.39565217391304347,7,0.43043478260869567,0.0028555390831785676
2261,125,0.000250501002004008,0.0011013055757588194,5.709075766428849e-05,8.563525811701216e-05,0.010171491373540533,-0.006980281542697808,-0.014429472709667879,0.0,slope_Visu,-0.0745136585075176,CentExe,0.352,6,0.216,0.0011013055757588194
2265,610,0.001222444889779559,0.005064738811997277,0.0004107483284462824,0.00010485566961311784,0.021344764116563907,-0.002146293747588679,-0.014070322492861775,0.0,var_DorsSal,0.08061829879709642,Visual,0.34098360655737703,4,0.14262295081967213,0.005064738811997277
2267,302,0.0006052104208416833,0.0012340963070805204,2.2945377852673627e-05,0.00014522343323642722,0.019510034255489767,0.010574606036769851,-0.020656561422659703,0.00020631092601568868,netfc_Sens__DefaMod,0.114575636280374,DefaultMode,0.271523178807947,3,0.19205298013245034,0.0012340963070805204
2268,34080,0.06829659318637274,0.002826105116482229,0.00019981955959796576,0.15371465267468593,0.016289182727869448,-0.002322496727452661,-0.013964891658444945,0.0,var_Visu,-0.11406419025268892,CentExe,0.25143779342723005,8,0.39178403755868546,0.15371465267468593
2269,5141,0.010302605210420842,0.04848530858509331,0.0052340165223402355,0.00011227168955494561,0.01244386245069377,0.015027142631115264,-0.020459791580636155,0.00018699569592855482,ac1_CentExe,0.13970203304331918,Sensorimotor,0.3917525773195876,1,0.12021007586072749,0.04848530858509331
2270,538,0.0010781563126252506,0.0015818157605446308,2.988601241038014e-05,0.00024286091851311733,0.09335755129482497,0.012431262389961506,-0.020387350691936756,0.0011605522162302596,netfc_Sens__VentSal,0.1448873961117403,CentExe,0.30855018587360594,7,0.18029739776951673,0.0015818157605446308
2271,23581,0.047256513026052105,0.03377768792838235,0.003845684843703494,0.0011597079742334433,0.023541462730231017,0.3072950578413459,-0.015387509153360401,0.0072341751513562294,var_Sens,0.4866785959911349,CentExe,0.30002968491582205,3,0.11309952928204911,0.03377768792838235
2274,284,0.0005691382765531062,0.0012977295967276543,4.465581622304835e-05,0.00045014861010646214,0.015215187408045316,0.008922469007462186,-0.013100726841220212,0.00013575703809101325,ac1_VentSal,0.1567709454839604,CentExe,0.22535211267605634,0,0.27816901408450706,0.0012977295967276543
2275,55,0.00011022044088176352,0.0014795695857413836,0.00011150112719836964,9.240926921278309e-05,0.012313944972709406,-0.012974985080475454,-0.007213444914985434,0.0,netfc_Visu__CentExe,0.05745412721172032,Sensorimotor,0.4,2,0.2909090909090909,0.0014795695857413836
2277,201,0.0004028056112224449,0.0018157940563652728,0.0001561904146257809,0.00014690188091663872,0.01199351607058489,0.013881701836158,-0.016870130647530734,0.00016649041405902875,netfc_Sens__Sens,0.13896263248422966,CentExe,0.42786069651741293,7,0.21890547263681592,0.0018157940563652728
2278,608,0.001218436873747495,0.010559198220399628,0.0022419545939414867,7.8473355267045e-05,0.01135877675002122,-0.008105698883897894,-0.01759827864031238,0.0,var_DefaMod,0.09278706077309035,Subcortical,0.3207236842105263,0,0.14638157894736842,0.010559198220399628
2279,296,0.0005931863727454909,0.0019039003188831179,1.9493956038150872e-05,0.0007601638869059784,0.024054872803954904,-0.010008149779584308,-0.019428604164941188,0.0,netfc_Visu__Sens,0.09817106190399687,DefaultMode,0.2939189189189189,9,0.39864864864864863,0.0019039003188831179
2281,112,0.00022444889779559118,0.001243196530386468,1.9185684945135e-05,0.000571461133318436,0.0519363333460569,-0.022606486463599307,-0.017013408982960332,0.0,var_Subc,-0.08566239345441298,DefaultMode,0.26785714285714285,2,0.5178571428571429,0.001243196530386468
2282,130,0.00026052104208416834,0.0009595801810571285,9.34446992699887e-06,0.0010578364240146523,0.15622886885699794,-0.012283774713796047,-0.016328433500391037,0.0,netfc_Visu__DefaMod,0.038796798875589046,CentExe,0.3076923076923077,0,0.7307692307692307,0.0010578364240146523
2284,258,0.0005170340681362725,0.0010612454579160423,3.562273511212701e-05,0.00040985355158248325,0.14688160733460748,-0.02272219236264572,-0.013116470257269253,0.0,netfc_CentExe__DefaMod,0.1213482160271546,DefaultMode,0.24031007751937986,1,0.27906976744186046,0.0010612454579160423
2286,2750,0.005511022044088177,0.0014379988648989548,5.053693225689952e-05,0.03900698109606036,0.014370056574380927,0.004611694698162805,-0.014294506727804634,6.627031371637208e-05,var_DefaMod,-0.11898967835749143,CentExe,0.2730909090909091,0,0.9330909090909091,0.03900698109606036
2288,6001,0.012026052104208417,0.47938545694920637,0.012265967126421732,2.8959150441199732e-05,0.010338033245503057,0.003277147715104234,-0.02016344057006858,3.387926202917195e-05,var_CentExe,-0.11771935871889766,CentExe,0.3686052324612565,3,0.10781536410598233,0.47938545694920637
2291,2154,0.004316633266533066,0.004212249240993034,0.0006113598181209472,0.004990112347542934,0.0176192690872085,0.12193540267896741,-0.015919518681672296,0.002148412671057851,var_Sens,-0.27604150700552477,CentExe,0.36908077994428967,4,0.2827298050139276,0.004990112347542934
2294,67,0.0001342685370741483,0.0010682034811315356,4.416577561365561e-05,0.0003033762989012792,0.02093424336295378,-0.016803897890035557,-0.011471102495600904,0.0,slope_Sens,-0.06764791092068641,Sensorimotor,0.3283582089552239,5,0.4626865671641791,0.0010682034811315356
2295,139,0.0002785571142284569,0.0018829569867034426,6.568442674353683e-05,0.0002603771637415573,0.010270775744438057,-0.008498512772444178,-0.01127702647004103,0.0,netfc_Visu__DefaMod,0.06196489000714335,CentExe,0.4460431654676259,6,0.2805755395683453,0.0018829569867034426
2299,582,0.0011663326653306614,0.001343167440636525,6.359249594509613e-05,0.0025632331120255696,0.01179479891006461,0.003934060336759804,-0.01581817716671119,4.640145057214294e-05,var_Visu,0.10736753390580482,DefaultMode,0.27835051546391754,5,0.49312714776632305,0.0025632331120255696
2300,1029,0.002062124248496994,0.0009744707762667189,8.45985467082496e-05,0.0022966842291470757,0.07683338585615597,0.04151684827618041,-0.013648278924463408,0.0031898800231352532,netfc_Sens__DorsSal,0.14837593562839305,CentExe,0.2468415937803693,9,0.36345966958211856,0.0022966842291470757
2301,99,0.00019839679358717434,0.000965929109273531,2.226548004188636e-05,0.0001760396477382358,0.09972805688065421,-0.012949969997463118,-0.014237818053547846,0.0,slope_Subc,-0.07751231514197661,CentExe,0.26262626262626265,9,0.31313131313131315,0.000965929109273531
2302,66,0.00013226452905811624,0.0011874573336946516,3.104774469407528e-05,0.0001238936260468913,0.01457514546271687,-0.006740198219558513,-0.013742941073397574,0.0,var_Visu,0.0826800377937605,CentExe,0.25757575757575757,5,0.2878787878787879,0.0011874573336946516
2307,2368,0.0047454909819639275,0.006779618650489271,0.000641750730441554,0.00024473157721533324,0.010506507812691489,0.0205192662280399,-0.009512451532480037,0.00021558583093559783,fc_mean,-0.17104202387772885,CentExe,0.30869932432432434,4,0.14484797297297297,0.006779618650489271
2308,186,0.0003727454909819639,0.0009376100818648687,2.8711396043183688e-05,0.00015913776546694556,0.03994430551737089,-0.003901950268281107,-0.014615041394546724,0.0,netfc_VentSal__DefaMod,0.11746570347414488,DefaultMode,0.25806451612903225,9,0.23118279569892472,0.0009376100818648687
2309,909,0.0018216432865731462,0.001940271717169789,0.00024284057367100545,0.0007793985660927691,0.019703745082823028,0.0557556557572374,-0.012247543898591173,0.0010985952279662398,fc_mean,0.24882779635136532,CentExe,0.3542354235423542,0,0.24972497249724973,0.001940271717169789
2310,92,0.0001843687374749499,0.0011432264029499048,4.471957382467203e-05,6.053538590964715e-05,0.011558684867628705,-0.01747628493003095,-0.014507787486839785,0.0,ac1_DorsSal,-0.049199681187468675,DefaultMode,0.391304347826087,2,0.20652173913043478,0.0011432264029499048
2311,79,0.00015831663326653308,0.0008038896716082725,1.1319780244663317e-05,9.619760796523504e-05,0.46221300223771383,-0.015988084029532335,-0.01861326776220551,0.0,var_DorsSal,-0.039564281918444404,CentExe,0.3670886075949367,1,0.20253164556962025,0.0008038896716082725
2312,265,0.000531062124248497,0.0008521851348416149,3.0279659225929056e-05,0.0009575325687494885,0.11460511761834176,-0.02189135880744031,-0.021009633256515725,0.0,netfc_CentExe__Subc,0.07999574545591284,Visual,0.22641509433962265,9,0.4490566037735849,0.0009575325687494885
2313,1075,0.002154308617234469,0.0016432638448304236,0.0001308164157810118,0.0008033966836321494,0.01662015997066068,-0.011385714742123021,-0.01087222238928498,0.0,netfc_Sens__DefaMod,0.05207530865203353,CentExe,0.24465116279069768,9,0.2576744186046512,0.0016432638448304236
2314,1039,0.0020821643286573145,0.00191153118489101,0.00024615761692744906,0.0007598833503724966,0.01576495373119493,0.02928421716505636,-0.01273058864918375,0.0004616643286613778,netfc_DorsSal__DefaMod,0.15988362563682776,Sensorimotor,0.26371511068334935,1,0.19826756496631376,0.00191153118489101
2315,10764,0.021571142284569137,0.007280119065080241,0.00030300328261195786,0.0001484918194307957,0.013434861579838574,0.07767814601638556,-0.010353642234885996,0.0010435951395086293,var_Sens,0.2332376568067954,CentExe,0.2538089929394277,1,0.12523225566703827,0.007280119065080241
2316,197,0.0003947895791583166,0.0019765756997905046,0.0002668103511155953,0.00015781983713129277,0.019824706907223325,0.0382885445638933,-0.017292972918014682,0.0007590591738833437,fc_mean,0.22981666349101207,Sensorimotor,0.43147208121827413,6,0.20304568527918782,0.0019765756997905046
2317,246,0.0004929859719438878,0.0009907047671027004,3.702541244088781e-05,0.0014551899210651807,0.08335763636073641,-0.0703962134667282,-0.014611665598637691,0.0,var_CentExe,-0.22085238619849018,CentExe,0.23983739837398374,8,0.5772357723577236,0.0014551899210651807
2318,76,0.00015230460921843687,0.0009887876051547255,2.8010899560818238e-05,0.0001519485136176879,0.009854143912365438,-0.014008423893871802,-0.019623464986283645,0.0,netfc_Visu__DefaMod,-0.0437476737721173,CentExe,0.34210526315789475,6,0.34210526315789475,0.0009887876051547255
2319,1120,0.0022444889779559118,0.23959715110072005,0.008394030259733261,7.161907203204574e-05,0.01070588493583551,0.037402609996100566,-0.013967408487754795,0.0004004280389181837,var_Sens,-0.18399039249492954,Sensorimotor,0.9017857142857143,3,0.13303571428571428,0.23959715110072005
2320,247,0.0004949899799599199,0.0010455807411157746,3.158383221373112e-05,0.00027249944981856916,0.02960484601280049,0.002640955232848907,-0.015546004324261009,7.818507299519157e-05,fc_mean,0.13002434154085124,CentExe,0.2388663967611336,9,0.2874493927125506,0.0010455807411157746
2321,88,0.00017635270541082164,0.0013222288818907789,5.90969220142917e-05,2.0653879135812763e-05,0.01089600636565241,-0.009381714209639735,-0.016043282425128647,0.0,netfc_DefaMod__DefaMod,0.1259297896421407,CentExe,0.3522727272727273,6,0.1590909090909091,0.0013222288818907789
2324,94,0.00018837675350701403,0.001265909846987164,6.840823501717575e-05,9.749022595269018e-05,0.011606530978722608,-0.012080752330812627,-0.00973624959696373,0.0,netfc_Visu__CentExe,0.08555150165038854,DefaultMode,0.4787234042553192,4,0.2553191489361702,0.001265909846987164
2326,237,0.0004749498997995992,0.00136687010420976,6.844810570538766e-05,0.00031658588157369786,0.01078022383295163,0.004413684336614154,-0.009696037726811602,4.758050507669321e-05,netfc_Sens__DorsSal,-0.11260134147774965,DefaultMode,0.28270042194092826,2,0.25316455696202533,0.00136687010420976
2328,24070,0.048236472945891784,0.0022585777616755715,9.407257225923669e-05,0.24668236182716569,0.013191578432357623,-0.006536969152655114,-0.023451221415094148,0.0,var_Visu,-0.09404594144986715,CentExe,0.25513086830078935,0,0.7932280847528044,0.24668236182716569
2329,89,0.0001783567134268537,0.0012917175213059257,2.9123554950797117e-05,0.000311034282405654,0.12809555426735492,-0.028313894338587886,-0.01045629386285607,0.0,netfc_CentExe__CentExe,0.05890570227129364,Sensorimotor,0.3146067415730337,0,0.42696629213483145,0.0012917175213059257
2330,95,0.0001903807615230461,0.0011030553820565964,4.346189750167568e-05,0.0008245656953254303,0.039851217548487,-0.015574019894457614,-0.02006388481940946,0.0,netfc_DorsSal__DorsSal,0.060762515474654825,Sensorimotor,0.24210526315789474,0,0.7578947368421053,0.0011030553820565964
2332,326,0.0006533066132264529,0.00189320505636633,7.740246572620406e-05,0.00018700078244879948,0.011209192476616102,0.010232073585747403,-0.01675507210397309,0.00011469328225754214,slope_VentSal,-0.13215847223039814,DefaultMode,0.2822085889570552,8,0.20245398773006135,0.00189320505636633
2334,158,0.00031663326653306616,0.0010291509326882575,1.3247232889120796e-05,0.0023835530279790185,0.013093271800049842,-0.012869926207053739,-0.010527215924658995,0.0,var_Sens,-0.05065788092534175,DefaultMode,0.310126582278481,9,0.9430379746835443,0.0023835530279790185
2336,16249,0.03256312625250501,0.7868586248303843,0.01911642590963719,7.455299801215422e-05,0.010106440896684941,-0.003176636089221807,-0.010110302568850704,0.0,netfc_Sens__DefaMod,-0.1027810954283623,CentExe,0.28647916794879685,8,0.1056064988614684,0.7868586248303843
2337,168,0.0003366733466933868,0.001223698846315932,0.00010330500045100885,0.00044768748498818687,0.011359122756703236,0.024157151325942428,-0.019453782366908978,0.00027440404736363635,var_Sens,0.1818667650265308,Sensorimotor,0.31547619047619047,3,0.2976190476190476,0.001223698846315932
2339,749,0.0015010020040080161,0.0013162935481366516,0.00015091421416937767,0.003619511849331876,0.07051559477099756,0.04124139359279555,-0.009101274589235597,0.002908161398380786,netfc_Sens__CentExe,0.23018233337518693,Sensorimotor,0.21495327102803738,2,0.5020026702269693,0.003619511849331876
2341,122,0.00024448897795591184,0.0011612863290804915,4.60755553981066e-05,0.0001860110642127575,0.010771513006505237,0.0025596729707220156,-0.017341905603281527,2.757155069653209e-05,ac1_DefaMod,-0.11414820448801986,CentExe,0.4016393442622951,6,0.29508196721311475,0.0011612863290804915
2343,70,0.00014028056112224449,0.0010822543059653932,3.3319657714155346e-05,0.00031402435228223484,0.05420614425536138,-0.015365626813859334,-0.01587988144496455,0.0,falff_Visu,0.05343798373177479,CentExe,0.42857142857142855,3,0.4857142857142857,0.0010822543059653932
2344,359,0.000719438877755511,0.0011193193176073112,4.739089482157897e-05,0.00011087308219152803,0.010712271636940607,0.019610809562747078,-0.01854005251578128,0.00021007631905645914,var_DorsSal,0.1474353632919243,DefaultMode,0.2757660167130919,4,0.1671309192200557,0.0011193193176073112
2345,1234,0.002472945891783567,0.004088303849785186,0.0007913065979991831,0.006679909725471226,0.014737082258168239,0.03041008318795091,-0.019192861657030935,0.0004481558974185716,slope_DorsSal,-0.13709829251881078,CentExe,0.47244732576985415,5,0.5510534846029174,0.006679909725471226
2347,157,0.0003146292585170341,0.001262631431451098,0.00011126539479624326,0.0005323700855461159,0.013409327591800533,0.03661128931128543,-0.01527081578700562,0.0004909327719332117,var_Sens,0.19227699404772122,CentExe,0.34394904458598724,8,0.3885350318471338,0.001262631431451098
2349,322,0.0006452905811623246,0.002415896301419011,0.0003314240640176239,0.00030403348617463147,0.02053953467850095,0.03805290364433045,-0.019566757081853403,0.0007815889340203805,falff_Sens,0.20459450835902732,Visual,0.40993788819875776,7,0.2422360248447205,0.002415896301419011
2350,205,0.00041082164328657317,0.001259797097327034,2.313446899647673e-05,0.0008339068029988382,0.01059838035563798,0.0013336221400520598,-0.011023527570384495,1.4134234690971634e-05,ac1_DorsSal,-0.11188207688733273,Sensorimotor,0.23902439024390243,3,0.4682926829268293,0.001259797097327034
2351,85,0.00017034068136272546,0.0022947059351834274,0.0002866631698128598,0.00025774985365767774,0.016255223753874757,-0.01890819619865547,-0.01558433951727678,0.0,falff_CentExe,0.041768400538263736,Visual,0.6235294117647059,3,0.3764705882352941,0.0022947059351834274
2353,77,0.00015430861723446894,0.0011502879390857092,6.167423696273872e-05,0.0003425201767951082,0.026106835508423038,-0.01661023111824811,-0.010768992007667899,0.0,var_CentExe,0.018909439712250724,Visual,0.3246753246753247,9,0.5454545454545454,0.0011502879390857092
2354,245,0.0004909819639278558,0.0021146032718187607,5.5647517774140245e-05,0.0002099174578325109,0.0153248703665091,-0.003992171692558388,-0.014750150079054336,0.0,var_Visu,0.07097634059324225,CentExe,0.3673469387755102,9,0.2163265306122449,0.0021146032718187607
2355,64820,0.1298997995991984,0.002513897811575044,4.0981568645620425e-05,0.016635070513506364,0.33483952157515384,0.0359740455136609,-0.016165986098213292,0.012045532188917026,var_Visu,-0.14027562721727663,CentExe,0.26198704103671705,2,0.14600431965442764,0.016635070513506364
2356,4814,0.009647294589178356,0.4089420888559128,0.01081897051076569,3.6962451500332404e-05,0.010387456648003737,0.009734564621304842,-0.015392246111824104,0.00010111736799099496,var_CentExe,-0.12153721801124343,CentExe,0.7289156626506024,3,0.10739509763190694,0.4089420888559128
2357,2854,0.005719438877755511,0.005527394934887954,0.0009543658906416743,0.0008426597844401957,0.03551732445066426,0.20338663592313289,-0.025625894405478133,0.007223749137011038,falff_VentSal,0.3608775389870378,Visual,0.2470217238962859,4,0.16888577435178698,0.005527394934887954
2359,178,0.0003567134268537074,0.0016709268229630082,0.00018170320887086005,0.0004692308266801229,0.03439745040182795,-0.0036338325501870106,-0.009325054721904813,0.0,netfc_DorsSal__DefaMod,0.07407025246055475,CentExe,0.2640449438202247,1,0.3651685393258427,0.0016709268229630082
2361,58,0.00011623246492985972,0.0009905108125531556,3.318885447062392e-05,0.00019992687726466722,0.32215716277476253,-0.01599699120090481,-0.01720965737844682,0.0,var_CentExe,-0.0332859149638916,DefaultMode,0.43103448275862066,1,0.39655172413793105,0.0009905108125531556
2364,163,0.00032665330661322644,0.004503159140916731,0.00040483453504814746,9.604456515227195e-05,0.011799349245464285,-0.015282728065894924,-0.014331236681850434,0.0,netfc_Sens__Subc,0.04770889260472736,VentSal,0.36809815950920244,3,0.18404907975460122,0.004503159140916731
2367,353,0.0007074148296593186,0.001277449227912266,3.223459644951093e-05,0.00147244085413648,0.010546910435558996,-0.006309240937846905,-0.014726690793158026,0.0,netfc_Visu__Visu,-0.07219595348519267,CentExe,0.28611898016997167,5,0.45609065155807366,0.00147244085413648
2368,96,0.00019238476953907816,0.0008094663188289799,2.487610465831327e-05,0.0003224643711751227,0.2310607569377139,-0.014936140585076085,-0.00999129649434205,0.0,netfc_Sens__CentExe,0.09041000459038356,Sensorimotor,0.2916666666666667,8,0.3541666666666667,0.0008094663188289799
2370,607,0.001216432865731463,0.0013862365195033363,0.00012249784740829659,0.00014431937654080349,0.022756324730780986,0.027002624437143852,-0.011098814158734926,0.0006144804902749676,fc_mean,0.20781962144476065,CentExe,0.35584843492586493,2,0.15650741350906094,0.0013862365195033363
2371,55,0.00011022044088176352,0.001566233479728429,7.610312655893312e-05,0.00021300384989688152,0.011891456525838494,-0.008511461537577647,-0.0160001103480798,0.0,var_Visu,0.04868086497422083,DefaultMode,0.4727272727272727,4,0.43636363636363634,0.001566233479728429
2372,319,0.0006392785571142284,0.0013644460718301643,5.82470749675419e-05,0.0004562247725112194,0.01089754113376827,1.1161499331335811e-05,-0.007969375594414352,1.2163289807775904e-07,var_Visu,0.12117523463963091,DefaultMode,0.28213166144200624,6,0.29153605015673983,0.0013644460718301643
2373,91,0.00018236472945891785,0.0008257056180663664,1.3862736268213596e-05,3.0822761829197915e-05,0.7754516834522514,-0.010417549626597022,-0.008624566441554293,0.0,netfc_DefaMod__Subc,0.031165490422738626,CentExe,0.31868131868131866,1,0.13186813186813187,0.0008257056180663664
2374,122,0.00024448897795591184,0.0010573301498829064,4.856697669269572e-05,0.00010595151087399539,0.010415174416948003,-0.010381506650388062,-0.01798662309373822,0.0,netfc_DorsSal__CentExe,-0.052234869664568646,CentExe,0.32786885245901637,7,0.22950819672131148,0.0010573301498829064
2375,172,0.000344689378757515,0.0011829380650073234,2.6882261577069762e-05,1.6309768766174213e-05,0.010077763813806722,-0.007345513719448915,-0.015078890040604032,0.0,var_Visu,0.06525350235678669,DefaultMode,0.3081395348837209,0,0.13953488372093023,0.0011829380650073234
2377,3259,0.006531062124248497,0.3084742169746629,0.006293042015279019,3.0808834681282804e-05,0.010713456555405291,0.01765618444597994,-0.015433551966810066,0.0001891587649962287,netfc_DorsSal__DefaMod,-0.07949014668528824,DefaultMode,0.5860693464252839,3,0.10923596195151887,0.3084742169746629
2381,175,0.0003507014028056112,0.001185048771160958,7.051095562145033e-05,0.000531472945862152,0.018599259904784688,0.010219177622738718,-0.014923130146443864,0.00019006914061847713,netfc_VentSal__DefaMod,0.1263552054754423,CentExe,0.22857142857142856,9,0.3942857142857143,0.001185048771160958
2384,67,0.0001342685370741483,0.0010276725143041805,1.8269204663751777e-05,0.0002080496535924847,0.01136983349759722,-0.014676149099994484,-0.017443207154414386,0.0,slope_DorsSal,0.03845123572093249,DefaultMode,0.34328358208955223,0,0.3283582089552239,0.0010276725143041805
2386,58,0.00011623246492985972,0.0009127228187048602,8.580737119794125e-06,7.446062771395994e-05,0.010342913749911135,-0.014522489833907803,-0.0142352676118489,0.0,netfc_CentExe__DefaMod,-0.01536546842243148,Visual,0.22413793103448276,2,0.27586206896551724,0.0009127228187048602
2389,3645,0.007304609218436874,0.3406512603354774,0.021243923699660303,4.65797375828207e-05,0.010103032585563006,-0.0029165854583932393,-0.01060122390153273,0.0,var_Visu,0.09548329761207318,CentExe,0.4883401920438957,3,0.1130315500685871,0.3406512603354774
2390,9426,0.018889779559118237,0.8885386631551547,0.03386218736696044,3.706653557411524e-05,0.00996869923494382,-0.009913487320882375,-0.0137928024533851,0.0,netfc_Sens__DorsSal,-0.05017951843598745,DefaultMode,0.7838956078930618,4,0.10513473371525568,0.8885386631551547
2392,555,0.0011122244488977957,0.0014605470603540685,0.00013885072770876772,0.0008226406402699894,0.010877820680471797,0.005288449864575662,-0.010825256572086106,5.752680930451941e-05,var_DorsSal,0.11396391400596262,DefaultMode,0.3333333333333333,5,0.2774774774774775,0.0014605470603540685
2393,14840,0.029739478957915833,0.013120969092994282,0.0015068581889456552,0.051313885060931666,0.03109744381865196,0.20800148199506185,-0.01782141610064758,0.006468314400537784,var_Visu,-0.29889000255992126,CentExe,0.23113207547169812,0,0.37203504043126684,0.051313885060931666
2394,58,0.00011623246492985972,0.0010984728755258962,2.797042898356594e-05,8.907925888639639e-05,0.4584052756376269,-0.027819297530441656,-0.012086271943420046,0.0,netfc_Sens__DefaMod,0.05612104704852718,DefaultMode,0.3275862068965517,3,0.20689655172413793,0.0010984728755258962
2395,78,0.000156312625250501,0.0010733416671681489,5.2624874233264356e-05,0.00015966668724178126,0.028297857234467965,-0.011005924421498392,-0.01254905035100462,0.0,netfc_Sens__DefaMod,0.1161826868006605,Visual,0.2692307692307692,9,0.32051282051282054,0.0010733416671681489
2396,303,0.0006072144288577154,0.0015239908251137133,0.00012015375057287303,0.0002108939737748184,0.012490441810358983,-0.007642591415896183,-0.014316295140734736,0.0,netfc_Visu__Visu,0.056215985614968385,CentExe,0.38283828382838286,6,0.22772277227722773,0.0015239908251137133
2398,53,0.0001062124248496994,0.0012577038399240114,2.2135232105642988e-05,0.0005036605363918954,0.020431208381454416,-0.013411551219337126,-0.011622732795490087,0.0,netfc_CentExe__DefaMod,0.07896156513613474,CentExe,0.41509433962264153,5,0.7547169811320755,0.0012577038399240114
2399,948,0.0018997995991983968,0.10288765396769017,0.002596295397534169,0.0002701349524264239,0.010830596910326656,-0.006161118989092662,-0.02218588825377621,0.0,slope_Sens,0.08223844866222824,Visual,0.5537974683544303,4,0.1518987341772152,0.10288765396769017
2400,2047,0.004102204408817635,0.01764713101790311,0.0005173207561009254,3.627781224357511e-05,0.020811648403187402,0.15266293556786492,-0.017619553839671065,0.003177167339236857,var_Visu,0.3457348849142695,CentExe,0.40302882266731804,6,0.12066438690766976,0.01764713101790311
2401,191963,0.3846953907815631,0.01743141614377997,0.0017995181390568816,0.0007288328626154413,0.02398691020807708,0.13488059963903098,-0.012681535052080362,0.00323536883235303,ac1_Sens,-0.36563081195501135,CentExe,0.2573047931111725,2,0.10447846720461755,0.01743141614377997
2402,29936,0.05999198396793587,0.0027779788303517352,0.00021677030695873838,0.15004922365854173,0.019263665796493402,0.009581281740600911,-0.010242907814652424,0.00018457060935298054,var_CentExe,-0.09128117202948813,CentExe,0.24071352218065206,2,0.41912747194013894,0.15004922365854173
2404,154,0.0003086172344689379,0.0017595893936567793,2.5814934082958416e-05,0.0004981492329423914,0.010750534861269414,-0.0156546372840487,-0.012885366930636355,0.0,netfc_VentSal__DefaMod,-0.05802639739259871,DefaultMode,0.3051948051948052,5,0.4025974025974026,0.0017595893936567793
2405,632,0.0012665330661322646,0.0029942737983826065,0.00019398917538560677,0.0007579928629913637,0.012539156848568558,0.02353281713380606,-0.017392027432941548,0.00029508168512947577,falff_Sens,-0.12214253042590666,Visual,0.24208860759493672,6,0.2689873417721519,0.0029942737983826065
2406,59,0.00011823647294589178,0.0010086584534882705,1.3396326909206931e-05,3.9290162662360386e-05,0.011013260792957424,-0.014361883463640979,-0.011349813634643047,0.0,ac1_Visu,-0.04076467778115149,Visual,0.2542372881355932,4,0.2033898305084746,0.0010086584534882705
2408,177,0.00035470941883767535,0.0010132102380698681,1.7626441336389933e-05,5.9189786215476077e-05,0.011177551809882292,-0.01396409909861318,-0.011123991921708543,0.0,ac1_Visu,-0.06417269491420029,CentExe,0.24293785310734464,4,0.192090395480226,0.0010132102380698681
2409,874,0.001751503006012024,0.0033824445109011067,0.0005184142290620785,8.16876131593315e-05,0.02599536255403274,0.04460382952475528,-0.008936993733467569,0.0011594927197942835,var_Visu,0.18914823777112622,CentExe,0.41647597254004576,5,0.13501144164759726,0.0033824445109011067
2410,57,0.00011422845691382766,0.0024186952214037384,7.21574924356439e-05,6.482300361810519e-05,0.016486447876319015,-0.015099529390490307,-0.012195357930918638,0.0,netfc_Sens__CentExe,0.09279050102073937,CentExe,0.5087719298245614,7,0.22807017543859648,0.0024186952214037384
2411,204,0.0004088176352705411,0.0012537638938807682,4.11867264936934e-05,0.0008088801230459627,0.014702262415562,0.008813292003134077,-0.01917641911668544,0.00012957533177505127,netfc_Sens__DorsSal,0.08441817968405708,DefaultMode,0.24019607843137256,5,0.4362745098039216,0.0012537638938807682
2412,750,0.001503006012024048,0.004117045487773327,0.0003144500073104951,0.0024526927611529846,0.011264461887975127,-0.004507447509045193,-0.018158135214905835,0.0,ac1_DefaMod,-0.07217625728174695,CentExe,0.38,9,0.37466666666666665,0.004117045487773327
2413,77,0.00015430861723446894,0.003241849393035939,0.00020474370616674765,0.00012650611085572458,0.01442695042449936,-0.010667801318322567,-0.018061775431779337,0.0,falff_Sens,0.07908174533329229,Sensorimotor,0.5844155844155844,0,0.2857142857142857,0.003241849393035939
2416,336,0.0006733466933867736,0.00171403349753915,0.00013204731212135948,0.002232690994607047,0.012477723083528031,-0.00041776273936888764,-0.01886803205898402,0.0,var_Visu,-0.0804593191858684,Visual,0.2916666666666667,3,0.5714285714285714,0.002232690994607047
2417,98,0.00019639278557114228,0.0018615163643267698,5.9180893954518415e-05,5.59394411764167e-05,0.01120010237290316,-0.009514413897935725,-0.018088744815422775,0.0,var_VentSal,0.06916420445570465,Visual,0.30612244897959184,6,0.20408163265306123,0.0018615163643267698
2418,101,0.00020240480961923848,0.0010161573502654,5.132899391236686e-05,0.00017463309248401924,0.016447498440622776,0.0031338769553138635,-0.015025370709695007,5.154443633562842e-05,var_Sens,-0.10699687749155373,Sensorimotor,0.32673267326732675,4,0.3564356435643564,0.0010161573502654
2419,75,0.0001503006012024048,0.0013640903983475007,0.00016565564283855963,0.00013780955115773254,0.021579071446913404,-0.0026526590899074165,-0.012347977128373877,0.0,var_Visu,0.09566369260977772,Visual,0.52,1,0.30666666666666664,0.0013640903983475007
2420,2336,0.004681362725450902,0.0029510972399285473,0.00012066370504609439,0.014605593243590405,0.014745691607526703,0.0008935082937430172,-0.017047254165845738,1.3175397748301912e-05,var_Sens,-0.11699629361137179,CentExe,0.24315068493150685,3,0.5128424657534246,0.014605593243590405
2421,527,0.0010561122244488977,0.0019026915195057418,4.8770199766863013e-05,0.0033894995034242075,0.012334994145952165,-0.00869062002928267,-0.014686863556025331,0.0,var_Visu,-0.09792328844739101,CentExe,0.25616698292220114,8,0.5692599620493358,0.0033894995034242075
2422,64,0.0001282565130260521,0.0010649621693384077,3.821182787993626e-05,0.00020119754603692273,0.01316270702676479,-0.01686240432516506,-0.014769332801359836,0.0,netfc_VentSal__Subc,0.029672749592540532,CentExe,0.40625,9,0.421875,0.0010649621693384077
2423,299,0.0005991983967935871,0.0015701049719887218,0.00021722014202096528,0.0003865262688788951,0.020553711067866878,0.006046186688267952,-0.01205400520271982,0.00012427157425304238,fc_mean,0.12087854265178592,Sensorimotor,0.3277591973244147,1,0.2508361204013378,0.0015701049719887218
2424,241,0.0004829659318637275,0.0011242720606985121,3.4305565244032106e-05,0.0003261035153073465,0.013053110910470836,0.002705733899913132,-0.01417102367477141,3.531824468978691e-05,falff_Visu,0.10886667051805388,DefaultMode,0.25311203319502074,4,0.2821576763485477,0.0011242720606985121
2425,391,0.000783567134268537,0.01792494298696861,0.0016335515722907432,0.00018491803945651627,0.011737294518706164,-0.003315979339021613,-0.023174499622636624,0.0,var_DorsSal,0.07837704606162145,Visual,0.5191815856777494,7,0.16879795396419436,0.01792494298696861
2426,149,0.00029859719438877754,0.0010037255916109963,4.126842822428624e-05,0.00010774200528298871,0.01220819668153776,0.004166536715583535,-0.014017700322594528,5.086589970469215e-05,var_Sens,0.13904304664125222,Sensorimotor,0.2684563758389262,5,0.20134228187919462,0.0010037255916109963
2427,120,0.0002404809619238477,0.0015931694882076065,0.00015993379116862417,0.00011460210240730978,0.024843382350379032,0.0008795744907820202,-0.017052311778048335,2.1851605380137666e-05,var_Visu,-0.07499595881554975,Sensorimotor,0.44166666666666665,6,0.24166666666666667,0.0015931694882076065
2428,337,0.0006753507014028056,0.0018856413558774607,0.0001783398877797582,4.394851382638221e-05,0.010170921327729716,0.02137594682910393,-0.01403148666264653,0.00021741307350454957,ac1_Sens,-0.15104419359773102,DefaultMode,0.31750741839762614,7,0.1394658753709199,0.0018856413558774607
2430,6124,0.01227254509018036,0.22005744832512675,0.00644585522004626,0.00013082858933674443,0.010819529313433088,-0.0029038351421148967,-0.014393417805945274,0.0,netfc_Sens__DorsSal,-0.06177943463541889,DefaultMode,0.39598301763553234,5,0.11806009144350098,0.22005744832512675
2431,28244,0.05660120240480962,0.001719636180374515,0.0001398480805622578,0.09229160762176367,0.016162949481410928,0.008865912031709389,-0.014981762742350524,0.00014329928827515217,slope_CentExe,0.11169848998283878,CentExe,0.24702591700892224,3,0.34927772270216684,0.09229160762176367
2432,56,0.00011222444889779559,0.0008915076061782551,6.438668167895378e-05,0.0001487205665338486,0.06067170814046526,-0.020692633330894772,-0.012924805352871882,0.0,netfc_VentSal__CentExe,0.07187209866554181,Sensorimotor,0.3392857142857143,4,0.35714285714285715,0.0008915076061782551
2433,245,0.0004909819639278558,0.002923978883902911,0.0005574797457490738,0.0007966533061738565,0.013022289083391272,0.0023043064943008007,-0.010944348957256267,3.000734530552093e-05,fc_sd,0.11265989832549755,Sensorimotor,0.5265306122448979,4,0.40408163265306124,0.002923978883902911
2438,129,0.00025851703406813627,0.002409044259334554,0.00015464054268123174,0.00023962635901547273,0.012097529927923338,-0.009028337741781245,-0.01885484936843418,0.0,var_DefaMod,-0.037923805009830044,CentExe,0.4496124031007752,3,0.3023255813953488,0.002409044259334554
2439,476,0.0009539078156312625,0.0015895309393985215,9.886324874289776e-05,0.0003052235705358596,0.01085471959153047,0.0024156181756762596,-0.020155880875346588,2.6220857937170186e-05,var_Visu,0.1623603957529188,CentExe,0.27310924369747897,6,0.23319327731092437,0.0015895309393985215
2442,60,0.00012024048096192385,0.0008416173866491993,1.2514719042097965e-05,4.328939128075706e-05,0.5287859621032729,-0.023839619777780374,-0.01019050876259997,0.0,netfc_VentSal__Subc,0.06157352870413191,CentExe,0.3333333333333333,2,0.16666666666666666,0.0008416173866491993
2444,9008,0.018052104208416835,0.6762655532140496,0.018151236226334987,8.251317953978983e-05,0.010407619031681038,0.006863206935049604,-0.01288845593466803,7.142964311558754e-05,var_Visu,-0.1152641681745563,Sensorimotor,0.3432504440497336,4,0.10845914742451154,0.6762655532140496
2445,5862,0.01174749498997996,0.6452191055873299,0.02257997012781456,0.00015286873438688712,0.010233770311340451,-0.01915151174233709,-0.013121274292215768,0.0,var_Sens,0.042191161418471894,DefaultMode,0.8370863186625725,5,0.11941316956670078,0.6452191055873299
2448,314,0.0006292585170340682,0.0012034050240570728,3.224351116328146e-05,0.0016864487319467204,0.02751240827671744,0.0035482868557868974,-0.016291152191217018,9.762191665931913e-05,netfc_VentSal__CentExe,0.1707245635929371,CentExe,0.2929936305732484,5,0.4968152866242038,0.0016864487319467204
2450,70,0.00014028056112224449,0.0010323899059826367,0.00011979247586705901,0.0001285400080870382,0.010422662864945177,-0.012073866916442189,-0.016625532725521586,0.0,falff_DefaMod,-0.019425443235487318,Visual,0.4714285714285714,0,0.3,0.0010323899059826367
2451,735,0.0014729458917835672,0.0020883438058369235,0.00022532095280853616,0.00016741517866109942,0.03563070898566313,0.06806753695467005,-0.01602818222144009,0.002425294600602719,netfc_VentSal__DefaMod,0.2144810867923108,CentExe,0.3741496598639456,9,0.17959183673469387,0.0020883438058369235
2452,195,0.0003907815631262525,0.0015151063389938957,0.0002474362897333691,0.0007787165298709464,0.011132716386051601,-0.015900198221190154,-0.011506413677668137,0.0,var_DorsSal,0.07668811736690043,Sensorimotor,0.38974358974358975,8,0.4,0.0015151063389938957
2453,1039,0.0020821643286573145,0.0034151647926885394,0.0003154439191786383,0.00027838853793132087,0.02171248674662012,0.04037847455303034,-0.015558344343314712,0.0008767170935814091,var_Visu,-0.15060733856957434,CentExe,0.34937439846005774,2,0.15399422521655437,0.0034151647926885394
2454,140737,0.2820380761523046,0.0041469782443409224,0.00026404013971934227,0.017652293423416697,0.39920534733114527,0.0272588837789417,-0.017804299916130306,0.010881892166831744,fc_mean,0.15110967199938752,CentExe,0.2550999381825675,2,0.120941898718887,0.017652293423416697
2458,195,0.0003907815631262525,0.0016890885630892237,8.924293862384885e-05,0.00106523065871912,0.010853765218794163,-0.00598867687210447,-0.01603268987194917,0.0,ac1_Visu,0.08935343611600816,CentExe,0.40512820512820513,5,0.46153846153846156,0.0016890885630892237
2459,287,0.0005751503006012024,0.0011588292384133384,4.887035763328454e-05,0.0003658104999560532,0.054030991283739144,-0.01646314475119004,-0.013262326152550408,0.0,fc_mean,0.10884790476803306,CentExe,0.289198606271777,0,0.313588850174216,0.0011588292384133384
2460,295,0.0005911823647294589,0.0015524451155324505,6.94040654020411e-05,0.00019633319415391837,0.022121019209614297,0.0036341698984946325,-0.010165661273301874,8.03915421356018e-05,netfc_Visu__DefaMod,0.11503584509446005,CentExe,0.31864406779661014,7,0.17966101694915254,0.0015524451155324505
2461,582,0.0011663326653306614,0.04361520353291658,0.000964411523300662,1.7881958255268287e-05,0.011905415979253839,0.03285311645452216,-0.01318308920558442,0.0003911300176059553,var_CentExe,-0.13282870345311326,CentExe,0.6408934707903781,4,0.12027491408934708,0.04361520353291658
2465,106,0.0002124248496993988,0.0010736000647361573,3.070436608862351e-05,7.354126978438062e-05,0.00995262571405073,-0.017489870526053997,-0.010685937138922741,0.0,netfc_DorsSal__DefaMod,-0.023378814355428146,CentExe,0.330188679245283,7,0.2169811320754717,0.0010736000647361573
2466,619,0.0012404809619238476,0.0018644915929134798,0.0002218245331555437,0.0004659759233215221,0.011917336183999202,0.013033649110641754,-0.0068416065710890095,0.0001553263781558,var_Sens,0.12161424288402253,Visual,0.2875605815831987,5,0.2035541195476575,0.0018644915929134798
2469,1928,0.00386372745490982,0.001681197537537974,3.6861328513679996e-05,0.010614848189383151,0.011433092380282603,0.03136758420393859,-0.010427313637020541,0.00035862848794992325,var_CentExe,-0.15550546659473993,CentExe,0.2697095435684647,5,0.44761410788381745,0.010614848189383151
2472,151,0.0003026052104208417,0.002826005386164797,0.00018485387768904464,0.00014778320706637218,0.01188669537433549,-0.008717347659706443,-0.01965059331099117,0.0,slope_Sens,-0.08901007784047586,Sensorimotor,0.4105960264900662,5,0.25165562913907286,0.002826005386164797
2473,4591,0.009200400801603207,0.36611480082450854,0.02675764344644193,4.5765659268470456e-05,0.010000328509031852,0.000512592253638533,-0.020285677299535676,5.126090927570308e-06,var_Subc,-0.08758563827758162,Visual,0.4012197778261817,4,0.11261163145284252,0.36611480082450854
2475,4613,0.009244488977955911,0.027308562594346233,0.0021290806027944595,0.0013566020655974285,0.01954873805747253,0.20447158658211984,-0.008489100459662113,0.003997161486289675,fc_sd,0.36962523895056815,Visual,0.30847604595707784,3,0.17472360719705182,0.027308562594346233
2476,4011,0.00803807615230461,0.0027325041678890557,0.0003052147510449697,0.0009913977667821074,0.016722523089100886,0.12194192276701699,-0.022222673067048948,0.0020391766190007987,slope_CentExe,-0.2631277916062018,CentExe,0.24133632510595862,6,0.1518324607329843,0.0027325041678890557
2477,44837,0.08985370741482966,0.005242371195481019,0.0002892624016160472,0.005245544450904015,0.2489505519958805,0.011499972562364014,-0.012730928154610632,0.0028629245173380016,fc_mean,0.1517541601903627,CentExe,0.2533398755492116,2,0.13471017240225708,0.005245544450904015
2478,104,0.00020841683366733466,0.000941843974800783,3.0484605435808914e-05,2.8140086798635934e-05,0.7273495845853054,-0.01883152764661289,-0.02371381481547319,0.0,netfc_DorsSal__Subc,0.052228500092198905,CentExe,0.27884615384615385,1,0.16346153846153846,0.000941843974800783
2479,213,0.00042685370741482966,0.0009882575824267624,2.669104528041822e-05,5.035612186833547e-05,0.010325015641691849,-0.004221154593516463,-0.019543207084675496,0.0,var_Visu,0.0848931796292438,CentExe,0.2863849765258216,6,0.14553990610328638,0.0009882575824267624
2482,83,0.00016633266533066133,0.0010691967441812588,3.73607001042832e-05,0.00024113484878661253,0.011616699854449382,-0.013076437224119442,-0.020284621574013117,0.0,falff_Visu,-0.02443314572474691,DefaultMode,0.3373493975903614,9,0.3253012048192771,0.0010691967441812588
2483,1260,0.002525050100200401,0.11329918858644736,0.003965995656492608,0.00017356151352667236,0.010916227910923428,-0.00469871895933216,-0.016355309416305808,0.0,slope_VentSal,0.062434391761279996,DefaultMode,0.7444444444444445,6,0.13333333333333333,0.11329918858644736
2484,197122,0.39503406813627256,0.0040509483847651455,0.00020039579090395484,0.0009724225032105358,0.04993568584707336,0.00919955669831618,-0.020097095700510437,0.00045938617321945624,falff_DefaMod,-0.12022424088560693,CentExe,0.2559683850610282,9,0.10469151084100202,0.0040509483847651455
2486,6313,0.012651302605210421,0.6955764967291398,0.040446387798598285,3.2836408500812457e-05,0.010550412082583897,0.013510488670988141,-0.011934217492254984,0.00014254122291600615,ac1_Sens,-0.1582139438959617,Sensorimotor,0.7836210993188658,9,0.10913987010929828,0.6955764967291398
2489,69,0.00013827655310621242,0.0012056743699092375,1.8476681933870704e-05,9.763576565111931e-05,0.011178927516190557,-0.01863979256890036,-0.01755356783336537,0.0,falff_Sens,0.08405343795797572,DefaultMode,0.3333333333333333,6,0.2318840579710145,0.0012056743699092375
2490,16389,0.0328436873747495,0.0026012881922470458,0.0002471305569182516,0.00322297927805969,0.2636754805705128,0.041639567791886045,-0.02322944760994905,0.010979333048274,var_Sens,-0.14705835889087565,CentExe,0.2673134419427665,2,0.14265665995484778,0.00322297927805969
2491,14507,0.029072144288577153,0.7227836014407987,0.02795507112472844,4.786942794568058e-05,0.010308872437505398,0.004001137293258461,-0.008038385727330288,4.1247213961147106e-05,var_Visu,-0.09746290631489024,DefaultMode,0.41380023436961466,8,0.10401874956917351,0.7227836014407987
2492,1319,0.0026432865731462925,0.009572996541619659,0.0026005933040164977,0.0005140086889507331,0.01896206840882061,0.1105018995523348,-0.015443342779891678,0.002095344578615996,netfc_Sens__Sens,0.30601949491107316,Visual,0.4806671721000758,0,0.14935557240333586,0.009572996541619659
2493,129,0.00025851703406813627,0.001513627574133191,0.0001987729674201653,0.0001964362950039998,0.019796489089504325,-0.010161566607909123,-0.00905252782339283,0.0,var_DorsSal,-0.03764130405146358,Visual,0.4573643410852713,7,0.2558139534883721,0.001513627574133191
2494,63,0.00012625250501002003,0.0013315983591031112,9.66121021950899e-05,6.121254734564076e-05,0.014916180322728779,-0.017198640940242038,-0.01507088462122419,0.0,ac1_VentSal,0.09608005546011997,CentExe,0.30158730158730157,4,0.2698412698412698,0.0013315983591031112
2496,398,0.0007975951903807615,0.0023246689750899036,0.0002468116675422981,0.00040396686037511405,0.012232753755068338,0.015427044626910358,-0.019428365152892146,0.0001887152380894445,netfc_Sens__Sens,-0.14604289977985221,Visual,0.2562814070351759,8,0.271356783919598,0.0023246689750899036
2497,172,0.000344689378757515,0.0023251181035749244,0.00028337036552092854,0.00013524039789397264,0.013064972452252074,0.0012818281484843208,-0.019338187955174835,1.674704944846893e-05,var_Visu,0.11514777564603872,Visual,0.45348837209302323,1,0.22093023255813954,0.0023251181035749244
2502,50,0.0001002004008016032,0.001316523144160405,2.833542380950917e-05,0.00030200179961717313,0.010700760199899325,-0.005551827568485601,-0.01053531045428091,0.0,netfc_Visu__CentExe,-0.05790353677737621,Visual,0.28,9,0.6,0.001316523144160405
2503,168,0.0003366733466933868,0.0010672769525233328,2.324682528973025e-05,0.000328305479827933,0.010794037461963451,-0.002915115894222886,-0.01382680331906383,0.0,netfc_Visu__VentSal,-0.0957979296886412,CentExe,0.2916666666666667,1,0.2916666666666667,0.0010672769525233328
2505,812,0.0016272545090180361,0.0012921166327672343,6.217000354880072e-05,0.002664883366459661,0.011498401912841336,-0.01569968083611495,-0.011016507723831559,0.0,netfc_Visu__DorsSal,-0.07779197054624955,CentExe,0.2684729064039409,2,0.4064039408866995,0.002664883366459661
2507,95,0.0001903807615230461,0.0010303157007740332,3.268195247581946e-05,0.00034090779750129373,0.0130974934900116,-0.009712646952670267,-0.01927729859909011,0.0,var_Visu,-0.07520340994272386,DefaultMode,0.2736842105263158,3,0.37894736842105264,0.0010303157007740332
2509,21863,0.04381362725450902,0.002257018093138677,0.00026991199799478204,0.1414860919040412,0.016145497439018684,0.059312752096167376,-0.009740324154890123,0.0009576338870698204,var_Sens,-0.2076666525939492,CentExe,0.2622238485111833,0,0.5410968302611718,0.1414860919040412
2510,10382,0.02080561122244489,0.002390943957377447,0.00011076891535105291,0.0014220524059244321,0.19853912314962224,0.044411795582326885,-0.010574735852177719,0.008817478952415447,var_Visu,-0.16589790275824912,CentExe,0.2616066268541707,0,0.14226545944904642,0.002390943957377447
2512,150,0.0003006012024048096,0.0012995035546186251,5.068385025423202e-05,8.706184493021935e-05,0.054819739621769586,-0.014063399027718582,-0.009108953624024307,0.0,fc_mean,0.11343551567092916,DefaultMode,0.28,5,0.19333333333333333,0.0012995035546186251
2514,1426,0.0028577154308617233,0.07476496436749624,0.007863189108398453,0.0004065370891190711,0.013971267971577385,0.11042585219090684,-0.010276482866967696,0.0015427891719489552,var_Visu,-0.27227472694334925,Visual,0.7152875175315568,5,0.16339410939691446,0.07476496436749624
2516,123,0.0002464929859719439,0.0009434171204570828,1.2370004745923108e-05,0.0002894403587005004,0.012020612013228469,-0.010135553953950494,-0.01756275170628996,0.0,netfc_DorsSal__DefaMod,0.08436463461208725,DefaultMode,0.2926829268292683,8,0.36585365853658536,0.0009434171204570828
2517,133,0.00026653306613226455,0.0009178908365798564,2.3867580552954807e-05,0.00023540198201719775,0.0742780470645937,-0.016367651848360865,-0.01125034408946779,0.0,netfc_VentSal__CentExe,0.046985653983627675,DefaultMode,0.3082706766917293,1,0.2706766917293233,0.0009178908365798564
2520,231,0.0004629258517034068,0.0011530718398350328,9.982628009339316e-05,0.0015198358071771005,0.053308501034088254,-0.0029214439656715108,-0.012351672670526614,0.0,netfc_Sens__DorsSal,0.11737285928019829,Sensorimotor,0.2597402597402597,5,0.5757575757575758,0.0015198358071771005
2521,776,0.0015551102204408819,0.002188662833369426,0.00010272032782028256,0.00016738980095447068,0.012162791461893762,0.0554281499546585,-0.01900494385669549,0.0006741610290170875,var_Sens,0.2040844925381055,DefaultMode,0.28865979381443296,2,0.1481958762886598,0.002188662833369426
2522,481,0.0009639278557114229,0.0024343570531923553,0.00012211431560579108,0.0016427494843095337,0.018215941761977966,-0.004223118596173414,-0.012070041339815818,0.0,falff_CentExe,-0.04836934034796054,DefaultMode,0.3367983367983368,3,0.3659043659043659,0.0024343570531923553
2525,211513,0.42387374749498996,0.002379117899442976,9.885766620232033e-05,0.002037654907362052,0.04207465811328941,0.11753923381776554,-0.016499711265731687,0.0049454230777804704,falff_Sens,-0.3030045634485087,CentExe,0.2557384179695811,3,0.10610695323691688,0.002379117899442976
2529,76,0.00015230460921843687,0.0015374304247711425,1.282773351275957e-05,0.000543306878914381,0.01880138032904551,-0.008238913807356196,-0.010557290298593314,0.0,falff_Visu,-0.06282805099383876,DefaultMode,0.2894736842105263,2,0.6052631578947368,0.0015374304247711425
2530,81,0.0001623246492985972,0.023562631554084678,0.0008805512614977675,0.00033710200881450825,0.00986336217980122,-0.011035235756835515,-0.011010150989403167,0.0,var_VentSal,-0.04098394467691232,VentSal,0.7777777777777778,0,0.49382716049382713,0.023562631554084678
2531,279,0.0005591182364729459,0.0012355623536713257,5.1655131683812156e-05,0.00013247487151348672,0.2828314131759941,-0.009277544088696521,-0.013440465993672657,0.0,netfc_CentExe__Subc,0.06384445264368704,Sensorimotor,0.24731182795698925,5,0.16129032258064516,0.0012355623536713257
2532,50,0.0001002004008016032,0.0012414438417097378,4.719073062768249e-05,0.0001031978994173886,0.010619550132304643,-0.005066492457630245,-0.015748083844767002,0.0,falff_VentSal,-0.061309124119499986,CentExe,0.5,6,0.34,0.0012414438417097378
2535,57,0.00011422845691382766,0.001422776616235341,0.00023360179068828338,5.74594283042953e-05,0.013279535682397295,0.0033102031252054687,-0.025153964236067194,4.395796051714906e-05,netfc_Sens__VentSal,0.11273636517018457,Sensorimotor,0.6842105263157895,0,0.2807017543859649,0.001422776616235341
2536,1373,0.002751503006012024,0.0026916809454946337,0.0007503186837891277,0.017806638665190288,0.013692461859884902,0.030251012457546356,-0.012773285615881091,0.00041421083429785653,fc_mean,-0.17462229246577518,Visual,0.32265112891478515,0,0.8747268754552076,0.017806638665190288
2537,105,0.00021042084168336673,0.001535460693735182,0.00012580811427112613,0.00021157114214728336,0.01204483865034541,-0.02327240126736463,-0.012787752183474721,0.0,falff_CentExe,0.06126355943688096,Sensorimotor,0.34285714285714286,0,0.3619047619047619,0.001535460693735182
2538,2596,0.005202404809619239,0.003207535828915479,0.00021486517920028586,0.03336495913063056,0.012391154754620243,-0.004565670201264194,-0.015191095864454551,0.0,ac1_VentSal,0.06788201793201415,CentExe,0.24499229583975346,9,0.8782742681047766,0.03336495913063056
2539,106,0.0002124248496993988,0.0013766393098188171,1.5087364126709594e-05,0.00016915617823984596,0.010843131092906338,-0.018156266022499423,-0.018078873953525143,0.0,netfc_DorsSal__DefaMod,-0.031724354114489935,DefaultMode,0.29245283018867924,4,0.3018867924528302,0.0013766393098188171
2540,92,0.0001843687374749499,0.0008200007432429693,2.493958706885956e-05,0.0001270672833078538,0.3914707146017973,-0.04541062010750285,-0.017606510372621287,0.0,fc_sd,0.05913877565149448,DefaultMode,0.358695652173913,5,0.2717391304347826,0.0008200007432429693
2541,248,0.0004969939879759519,0.003957351261672787,0.00046305759967574397,0.0007329559049510934,0.012910257505903291,0.0020507149437378747,-0.016453318818751894,2.6475257994859942e-05,var_Visu,-0.10219168743822012,Visual,0.4959677419354839,6,0.3951612903225806,0.003957351261672787
2542,765,0.001533066132264529,0.004329209137011226,0.00040985048939881635,0.002863547400091222,0.014325083353409766,0.009715467354365126,-0.01748921905412759,0.00013917487966861187,netfc_Sens__DefaMod,-0.10356694209840334,Visual,0.32287581699346407,1,0.44052287581699345,0.004329209137011226
2544,68,0.00013627254509018035,0.0014809456091110812,1.0252270491896716e-05,0.00016292018396291897,0.0109625903068218,-0.0007977780008217028,-0.018755621204425088,0.0,var_DefaMod,-0.0919115230532903,DefaultMode,0.25,2,0.3382352941176471,0.0014809456091110812
2547,7869,0.015769539078156314,0.004043291111425107,0.0006721481262767302,0.004199304912727513,0.03998092112844255,0.009452283467161982,-0.016397913983688728,0.0003779109997842847,falff_CentExe,-0.1506939360537148,DefaultMode,0.23255813953488372,5,0.18312364976490025,0.004199304912727513
2549,170,0.0003406813627254509,0.0008423590589004715,1.024766505541904e-05,0.00013207148781216777,0.011254257631801228,-0.0097763114493985,-0.009074515381743531,0.0,var_Visu,0.03637795515014926,DefaultMode,0.22941176470588234,4,0.21764705882352942,0.0008423590589004715
2550,842,0.001687374749498998,0.0020872074814118286,0.00019164681094786942,0.0001133584270367563,0.015809445493845338,0.07599496434119168,-0.01266363918190061,0.00120143824655879,var_Sens,0.24241046857925644,Sensorimotor,0.22802850356294538,1,0.15795724465558195,0.0020872074814118286
2552,219,0.000438877755511022,0.0011853190408656338,4.1071777383467495e-05,0.00012208802001409166,0.019829690891455237,-0.010307980871744338,-0.015132641238153166,0.0,netfc_Sens__DefaMod,0.053012621747121,Visual,0.2465753424657534,5,0.1735159817351598,0.0011853190408656338
2553,893,0.0017895791583166334,0.002693685792394252,0.0003322654527676997,0.0002722128277729695,0.010460702997410483,0.006917484972904231,-0.015487889274159672,7.236175579060127e-05,slope_Sens,0.11141055111429662,Sensorimotor,0.284434490481523,5,0.1769316909294513,0.002693685792394252
2555,291,0.0005831663326653307,0.00146034128538177,0.00010436663625050298,0.0009861728292965691,0.013743641866488547,-0.008738250621162846,-0.007795956223054734,0.0,falff_CentExe,0.08296802603993889,Sensorimotor,0.2542955326460481,3,0.38144329896907214,0.00146034128538177
2556,375,0.000751503006012024,0.0023201462118780077,0.00029112273818506694,0.0007419893742157227,0.020309368989753974,0.054583107687074306,-0.019666077048964503,0.0011085484746242687,fc_mean,0.2667475652040018,Visual,0.36,5,0.34933333333333333,0.0023201462118780077
2558,460,0.0009218436873747494,0.001387581805394706,9.811866614580701e-05,0.00042228982955859517,0.010975706819159093,-0.005871897359753131,-0.018701323996077823,0.0,ac1_VentSal,-0.07614613828698753,DefaultMode,0.2847826086956522,6,0.23043478260869565,0.001387581805394706
2559,253,0.0005070140280561122,0.0019860713020968795,3.918011307000539e-05,0.0002849646312170886,0.01118454689741435,-0.002748949679223456,-0.015150025420274327,0.0,slope_Subc,0.10379937632486656,CentExe,0.2964426877470356,6,0.25296442687747034,0.0019860713020968795
2560,53,0.0001062124248496994,0.0012750435501313207,4.348748239639007e-05,0.00022079272239774659,0.014816175242738833,-0.018461702620250486,-0.017930870141601885,0.0,var_Subc,0.029686860508706028,CentExe,0.32075471698113206,9,0.49056603773584906,0.0012750435501313207
2561,738,0.0014789579158316633,0.01809512634652717,0.00041808309976143173,5.396203130194301e-05,0.011663369954788783,-0.007637155423545483,-0.014360585763709244,0.0,var_Sens,0.08000104564008274,CentExe,0.5149051490514905,2,0.13550135501355012,0.01809512634652717
2563,2409,0.004827655310621242,0.0016725278670635029,0.00016990180343636637,0.011125239227119442,0.04135841453677489,0.05811152477930637,-0.012020949096819722,0.002403400531186619,fc_mean,0.2733594736401918,CentExe,0.2100456621004566,9,0.42382731423827313,0.011125239227119442
2565,489,0.0009799599198396793,0.0014911291172125757,1.3790428390767135e-05,0.0008264329894026495,0.03322738525423233,-0.00037172602673440913,-0.012421691040398475,0.0,ac1_Sens,0.12974595062002936,DefaultMode,0.26993865030674846,0,0.2556237218813906,0.0014911291172125757
2566,64,0.0001282565130260521,0.001087733082555583,2.317892807290244e-05,2.753019796202647e-05,0.012600748301580101,-0.008118598354467155,-0.01753093432275521,0.0,ac1_Sens,-0.07254951240931738,CentExe,0.359375,7,0.171875,0.001087733082555583
2567,72,0.00014428857715430862,0.000913293582780009,1.4880877288173611e-05,0.0001664834107520863,0.010165787157170748,-0.013536372633609961,-0.019519887205509567,0.0,ac1_DefaMod,-0.050047333963768245,CentExe,0.3333333333333333,0,0.3888888888888889,0.000913293582780009
2569,55,0.00011022044088176352,0.0008038840075773323,1.7597481299938592e-05,0.00010401297919868097,0.15116673127221833,-0.032388384253308145,-0.022889108669854386,0.0,var_DefaMod,0.04764745744241894,Sensorimotor,0.2727272727272727,2,0.2909090909090909,0.0008038840075773323
2570,186728,0.3742044088176353,0.013536416649563001,0.0020754320693537436,0.0005175850039952169,0.03116244262636247,0.17905453680950534,-0.012161246134578585,0.005579776730316117,ac1_Sens,-0.39135469063689443,CentExe,0.2594950944689602,4,0.10172550447710038,0.013536416649563001
2571,6435,0.012895791583166333,0.4073475361025982,0.052447914435655725,0.00010274605641256618,0.01074562371325295,0.04088640736338245,-0.01101772659098188,0.0004393499485136825,var_Visu,-0.20498708258831413,Visual,0.9322455322455322,3,0.11499611499611499,0.4073475361025982
2572,279,0.0005591182364729459,0.0027903835064915106,0.0001903071039270123,0.0008439407150781117,0.010925986778163957,0.012135914336340536,-0.015096668846737327,0.0001325968395797871,netfc_Sens__Sens,-0.14325287897133354,Visual,0.32974910394265233,5,0.3763440860215054,0.0027903835064915106
2573,56,0.00011222444889779559,0.005898703906278826,5.979293403118159e-05,0.0005649414179587879,0.011928840527022115,-0.014435444186229995,-0.012279884047468048,0.0,netfc_VentSal__VentSal,-0.017341963183134638,CentExe,0.5,9,0.8035714285714286,0.005898703906278826
2574,223,0.0004468937875751503,0.0011344384207735592,6.34957879087339e-05,0.0014810429580104697,0.011627474685693785,-0.005327308195350433,-0.012453078032292897,0.0,netfc_Sens__VentSal,0.09413772439350443,CentExe,0.23318385650224216,9,0.5381165919282511,0.0014810429580104697
2575,471,0.0009438877755511022,0.0014925640247077147,8.96482499991796e-05,0.00030160929160739355,0.012738842787272381,0.002363108463175778,-0.010853093724523921,3.010326720166908e-05,falff_Visu,-0.08674488280767348,CentExe,0.3184713375796178,1,0.18683651804670912,0.0014925640247077147
2576,86,0.0001723446893787575,0.0009053949496628655,3.791023528360463e-05,7.877717412709982e-05,0.010627659823109656,-0.011811945530229462,-0.014320699296427764,0.0,slope_Sens,-0.08002810457347279,DefaultMode,0.3023255813953488,8,0.2558139534883721,0.0009053949496628655
2577,615,0.0012324649298597193,0.002099894083148129,0.0003425840288176397,0.0002822575093585134,0.032853944374396496,0.07161787395126284,-0.017747081300158785,0.0023529296470073294,fc_mean,0.27252076644414475,Sensorimotor,0.2894308943089431,0,0.208130081300813,0.002099894083148129
2579,51,0.00010220440881763527,0.001054798574437074,2.6739142268459467e-05,2.1650535425901208e-05,0.010559152257538137,-0.00893082944763779,-0.02050456983949922,0.0,var_Sens,0.08829203058021633,Visual,0.29411764705882354,0,0.17647058823529413,0.001054798574437074
2580,72,0.00014428857715430862,0.0009149727875368759,3.245875249487357e-05,9.059410813969983e-05,0.01064915708686672,-0.007612673655770008,-0.018335249944623655,0.0,netfc_Visu__DefaMod,-0.04532439541742556,CentExe,0.2916666666666667,8,0.19444444444444445,0.0009149727875368759
2583,114,0.00022845691382765532,0.0009749111274372801,2.377737697934494e-05,0.000741287182867665,0.01720563790293437,-0.0028045189654721803,-0.008620080111777062,0.0,netfc_Visu__VentSal,0.10439021727073797,Sensorimotor,0.2543859649122807,4,0.6228070175438597,0.0009749111274372801
2584,4694,0.009406813627254509,0.004370570425923645,0.0014743812646397236,0.018860318122291265,0.02772582335778163,0.037362530073922984,-0.014335556562428131,0.0010359069090293924,netfc_Visu__Sens,0.20719288337814856,Visual,0.2611844908393694,4,0.4177673625905411,0.018860318122291265
2589,944,0.0018917835671342685,0.0016096096714298758,0.00011532523886472785,0.0049396617269587125,0.012053238429445398,-0.007686677560198918,-0.013929168595614883,0.0,netfc_Visu__DefaMod,-0.04630122065821228,DefaultMode,0.298728813559322,9,0.5455508474576272,0.0049396617269587125
2591,212,0.0004248496993987976,0.0008729980849456474,1.019619455101991e-05,0.0005834757792593915,0.06788543903411018,0.010220571450619165,-0.016659453393826462,0.0006938279801047743,netfc_Sens__CentExe,0.1339689931634249,CentExe,0.2641509433962264,9,0.4056603773584906,0.0008729980849456474
2592,425,0.0008517034068136273,0.0012008597301289895,0.00010845421253094625,0.0021792734227268685,0.016506151817926456,-0.00977546688352482,-0.01972885632453636,0.0,ac1_VentSal,-0.06486505266491015,CentExe,0.2635294117647059,3,0.43529411764705883,0.0021792734227268685
2593,2282,0.004573146292585171,0.3407077348646229,0.009223274456517602,8.291004968959715e-05,0.010614514080176517,0.018251877863777466,-0.02024076327154356,0.000193734814574728,ac1_DorsSal,0.12210370593885919,CentExe,0.9079754601226994,6,0.14022787028921999,0.3407077348646229
2594,118,0.00023647294589178357,0.00102238949369663,3.6698136432132315e-05,3.755911431031264e-05,0.01042011648897701,-0.008976346985000161,-0.016421330759584185,0.0,falff_DefaMod,0.0751225982198014,Sensorimotor,0.2796610169491525,3,0.15254237288135594,0.00102238949369663
2596,290,0.0005811623246492986,0.000978071080327428,9.77378021541662e-06,0.0007527071214117324,0.21169907906388885,-0.012168424382221099,-0.012020402919475481,0.0,netfc_Visu__DefaMod,0.067920531171815,DefaultMode,0.25517241379310346,9,0.4103448275862069,0.000978071080327428
2598,19218,0.03851302605210421,0.5980227508581336,0.10648336407190682,0.00023568148731882105,0.010869627610553722,0.026426876089587048,-0.016738481202713595,0.00028725030200405736,ac1_VentSal,-0.17582347990719666,Sensorimotor,0.7552815069205953,3,0.10942866063065876,0.5980227508581336
2600,155,0.00031062124248496995,0.0011049964831810108,0.00015568920387182373,0.0006640229394902255,0.02070869961822137,-0.010781650263179454,-0.01839084280562675,0.0,netfc_Sens__Sens,0.10841771319661404,Visual,0.32903225806451614,6,0.45806451612903226,0.0011049964831810108
2601,177,0.00035470941883767535,0.002810001777999447,7.261552460987387e-05,0.00029033155359155835,0.011267226409999114,-0.0121576738846636,-0.012602889612018942,0.0,slope_Visu,-0.06979898131174406,DefaultMode,0.3163841807909605,6,0.3107344632768362,0.002810001777999447
2602,69,0.00013827655310621242,0.000989168780634015,2.1793438366694957e-05,0.0001961578326222189,0.034865544452981755,0.0026340552491175284,-0.01748563026124761,9.183777037971711e-05,netfc_Sens__CentExe,0.1005183182267771,Sensorimotor,0.2608695652173913,6,0.3333333333333333,0.000989168780634015
2603,490,0.0009819639278557115,0.0014202345760244688,4.522446158202349e-05,0.0005963193877914747,0.012186878653384872,0.019300953871677295,-0.01575158653544806,0.00023521838272871014,var_Sens,0.14922556836925568,DefaultMode,0.2530612244897959,8,0.22653061224489796,0.0014202345760244688
2604,80,0.00016032064128256512,0.0015608924641844423,0.00010941380154474543,6.736912692009202e-05,0.011358871811897575,-0.012043950594955222,-0.016125341644759317,0.0,netfc_DorsSal__DorsSal,0.05094176837225619,VentSal,0.2875,9,0.225,0.0015608924641844423
2606,11494,0.023034068136272547,0.004935157253839985,0.0012100673355410793,0.052248717272190916,0.032686612070360846,0.022650082809671512,-0.012050003392202413,0.0007403544701612816,falff_Visu,-0.1505170093654563,CentExe,0.23159909518009397,4,0.47024534539759877,0.052248717272190916
2608,89,0.0001783567134268537,0.0008511029475855364,6.867206413693687e-05,0.00029617007346979796,0.07831671837849777,-0.013941404362867171,-0.013391074197409925,0.0,netfc_CentExe__DefaMod,0.09142068616060821,Visual,0.33707865168539325,4,0.33707865168539325,0.0008511029475855364
2609,206,0.00041282565130260524,0.00108294571102791,3.3958357242886636e-05,0.001460818800073305,0.06527551757622739,-0.002602553545326236,-0.017295626257857633,0.0,netfc_Sens__DorsSal,0.11768100503134071,Sensorimotor,0.23786407766990292,0,0.616504854368932,0.001460818800073305
2611,1089,0.0021823647294589178,0.0036732652220304294,0.000691163874736613,0.00016553801157294178,0.011879551617309296,0.003437116807574969,-0.012492965050296956,4.083140653030819e-05,var_Visu,-0.09419750839948282,CentExe,0.3627180899908173,7,0.14967860422405876,0.0036732652220304294
2612,59,0.00011823647294589178,0.00341570538141833,0.00027887189847942013,3.748076168918386e-05,0.010386820929273751,-0.006317235100250507,-0.009528657792173156,0.0,netfc_Visu__Subc,0.046477761406567036,Sensorimotor,0.7288135593220338,4,0.1694915254237288,0.00341570538141833
2613,2162,0.004332665330661322,0.005025966934300293,0.00013987329923731504,0.01008894911669001,0.01328174435041854,0.014124986614463375,-0.019711803418048346,0.00018760446116638642,netfc_Sens__DefaMod,-0.11788861865955698,CentExe,0.2816836262719704,7,0.4167437557816836,0.01008894911669001
2614,38003,0.07615831663326653,0.002122987666278684,0.00013766282348703758,0.23672024493229035,0.016705675393047,0.01411551361300134,-0.016056271156686064,0.00023580918842493645,netfc_Sens__DefaMod,-0.11764968719791524,CentExe,0.25745335894534643,1,0.48693524195458254,0.23672024493229035
2618,2987,0.005985971943887776,0.00176276634418658,0.00011252986545067218,0.002207183585356382,0.1248334058701086,0.04609741803461054,-0.006914271700751096,0.005754497695078601,var_Visu,-0.1770789724671684,CentExe,0.2604620020087044,0,0.25075326414462673,0.002207183585356382
2619,280,0.0005611222444889779,0.0015529256042254324,8.809073929776947e-05,0.0005724555889941806,0.05830840149755678,-0.006808334318961551,-0.01782916310674687,0.0,netfc_VentSal__CentExe,0.12154315820107342,Visual,0.23214285714285715,9,0.37142857142857144,0.0015529256042254324
2620,97,0.00019438877755511023,0.0009196238068472626,0.00010712349361421722,0.00023959527797045365,0.03447093665534218,-0.010503898608591022,-0.01785361523857909,0.0,netfc_Sens__DefaMod,0.08295333624984122,Visual,0.41237113402061853,8,0.3402061855670103,0.0009196238068472626
2621,5060,0.010140280561122244,0.002300876395646648,0.0002555475360683385,0.0392124595461323,0.019889283084052273,0.024748485899822037,-0.011322880296168236,0.0004922296419632366,ac1_CentExe,-0.1481032525060268,CentExe,0.23537549407114625,0,0.5958498023715415,0.0392124595461323
2623,14631,0.02932064128256513,0.008434935745601637,0.000877112212767569,0.039214682816284555,0.018702755564790948,-0.005436774717940018,-0.016596878685646965,0.0,var_CentExe,-0.06379663130101457,CentExe,0.2519991798236621,1,0.30127810812658057,0.039214682816284555
2625,204,0.0004088176352705411,0.14582245189353077,0.001025880042050615,2.9165307542611335e-05,0.010203665269588871,-0.009410086950639052,-0.019074648398843097,0.0,var_CentExe,-0.03938566396760987,CentExe,0.9754901960784313,5,0.13725490196078433,0.14582245189353077
2626,2636,0.0052825651302605215,0.0016448336054297429,0.0001868306450099256,0.025521845397799593,0.018219219175636375,-0.01011899597667787,-0.018615145948339462,0.0,ac1_Visu,0.07480697766622448,CentExe,0.22003034901365706,1,0.7264795144157815,0.025521845397799593
2631,56,0.00011222444889779559,0.0009403524739068426,6.827412851975528e-06,0.0002435344738103412,0.22165952782851261,-0.023506610385537918,-0.017362066233924223,0.0,netfc_Visu__VentSal,0.060973842030380684,DefaultMode,0.35714285714285715,9,0.4642857142857143,0.0009403524739068426
2633,133,0.00026653306613226455,0.0010473414347816473,1.891048355658345e-05,0.0003569449763287426,0.012845185218983724,-0.0016386910771790664,-0.01615045234352941,0.0,ac1_Visu,0.118404203443867,DefaultMode,0.24812030075187969,6,0.3684210526315789,0.0010473414347816473
2635,72,0.00014428857715430862,0.0014097845971895587,2.9202457800531627e-05,4.257534123157404e-05,0.011669060485344539,-0.011158235680182038,-0.01176244417248884,0.0,fc_mean,0.07737562733346769,Visual,0.3055555555555556,7,0.2222222222222222,0.0014097845971895587
2638,10971,0.021985971943887777,0.0030160372222958177,0.00027998505679228784,0.003860634255400963,0.08924413389739345,0.01715157227227171,-0.017680820441043688,0.0015306772124174374,falff_DorsSal,-0.07992000809282711,CentExe,0.2417281925075198,0,0.20399234345091605,0.003860634255400963
2640,1718,0.003442885771543086,0.0030547356705749582,0.0004121246079048059,0.00038563772759968507,0.016123139098609872,0.028617748222950934,-0.01362180230964194,0.00046140793528763336,slope_DefaMod,0.17722831820001836,CentExe,0.31955762514551805,1,0.14842840512223515,0.0030547356705749582
2641,10645,0.021332665330661322,0.874068895174729,0.02756751015473882,0.00010476591914930261,0.010046047512885677,-0.011525584390623012,-0.014630588062054528,0.0,netfc_DorsSal__Subc,-0.026377553467731876,DefaultMode,0.6135274776890559,9,0.10634100516674495,0.874068895174729
2642,299,0.0005991983967935871,0.0013318594036383345,5.709101729731342e-05,0.0007010342726925084,0.015928688371667644,0.005700197104656302,-0.013668580221456894,9.079666333715241e-05,fc_mean,0.1671460722883877,CentExe,0.26755852842809363,9,0.36789297658862874,0.0013318594036383345
2643,301,0.0006032064128256513,0.0025545619364983545,0.00025357118575355096,0.00043932447438890245,0.026898114473011634,-0.010521242459438307,-0.015463632038954733,0.0,netfc_VentSal__DefaMod,0.05008200903134968,CentExe,0.3488372093023256,5,0.2956810631229236,0.0025545619364983545
2644,198450,0.39769539078156313,0.01973894932233728,0.002091944750919199,0.00040083939681883745,0.024396074765058087,0.1768979281724472,-0.020533649463835513,0.0043156150814788975,ac1_DefaMod,-0.40891863372229,CentExe,0.2567447719828672,2,0.10136558327034517,0.01973894932233728
2647,3966,0.007947895791583167,0.0053546147103337785,0.0010302647019286486,0.00011246377110265305,0.035262680402683814,0.18256347495472003,-0.016261991596550507,0.006437677470531663,var_Visu,-0.3767321075277513,CentExe,0.3285426122037317,4,0.116238023197176,0.0053546147103337785
2648,50,0.0001002004008016032,0.001231899172149202,2.8454380541850932e-05,2.591839997371551e-05,0.013905236633569096,-0.02083233268393947,-0.01229722896916452,0.0,netfc_Sens__CentExe,0.04628433534438193,CentExe,0.2,3,0.18,0.001231899172149202
2649,139,0.0002785571142284569,0.0009602130413547322,2.1718974330894978e-05,0.0004703222945986518,0.02857649087003318,-0.002935604519909596,-0.006025288982660193,0.0,netfc_DorsSal__DefaMod,0.09439294569959528,CentExe,0.28776978417266186,9,0.4460431654676259,0.0009602130413547322
2652,510,0.0010220440881763527,0.2705487843670604,0.0019027750434258983,7.5028883874275e-05,0.010364333842780925,0.01734479407512246,-0.017434703617169367,0.0001797672362288578,netfc_CentExe__Subc,0.12461463036499057,CentExe,0.9235294117647059,4,0.15098039215686274,0.2705487843670604
2653,269,0.0005390781563126253,0.001147060622790208,2.121118680107757e-05,5.779227547101728e-05,0.012499183669201927,-0.017918609116737816,-0.011292903003957244,0.0,netfc_Sens__DorsSal,0.05710924838944928,DefaultMode,0.21933085501858737,0,0.1412639405204461,0.001147060622790208
2654,413,0.0008276553106212424,0.0013822515260410889,6.664546982961533e-05,0.0009125243697485675,0.011653335816063773,0.0002041716681916439,-0.01709900533639197,2.379281013563172e-06,var_Visu,0.10757654485734067,Sensorimotor,0.2566585956416465,5,0.3220338983050847,0.0013822515260410889
2656,96,0.00019238476953907816,0.0013280567128429583,4.298926176955964e-05,1.922737688606055e-05,0.014520708905567607,-0.0035417119860963187,-0.015871165814340005,0.0,netfc_VentSal__CentExe,0.10554621646549896,CentExe,0.3645833333333333,8,0.14583333333333334,0.0013280567128429583
2657,268,0.0005370741482965932,0.0019960162967839947,0.0002629221556428543,0.0002842021761463236,0.05345626874084006,0.030340168450565086,-0.012915009669710376,0.0016218721983357642,var_Sens,0.181987676155631,Sensorimotor,0.3880597014925373,3,0.24253731343283583,0.0019960162967839947
2659,242,0.0004849699398797595,0.0014565876039637012,0.00011539838884071362,0.0005743022472238622,0.011261377537020697,-0.01483686124381367,-0.01377278651961844,0.0,var_CentExe,0.044920171757402184,Sensorimotor,0.2768595041322314,7,0.33884297520661155,0.0014565876039637012
2661,92,0.0001843687374749499,0.0026423362216838357,7.14893373545884e-05,3.0407442809178707e-05,0.010554871346512265,-0.015098009478054397,-0.016410077979772675,0.0,var_VentSal,0.06773324195041777,CentExe,0.4891304347826087,6,0.21739130434782608,0.0026423362216838357
2664,526,0.0010541082164328658,0.3262560119390442,0.0022868471674593618,3.721214441240224e-05,0.010366124715069001,-0.013894718096034486,-0.0165519326050938,0.0,slope_Visu,-0.05767498701484414,CentExe,0.9467680608365019,9,0.1311787072243346,0.3262560119390442
2667,8538,0.017110220440881764,0.7004371986928034,0.013816388661204904,8.625519105134824e-05,0.010243195803084264,0.002300915022589667,-0.01358117915466206,2.356872310264401e-05,netfc_Sens__VentSal,-0.12235900059997414,CentExe,0.43359100491918484,3,0.10810494260951042,0.7004371986928034
2668,121,0.00024248496993987975,0.0008604962542612664,5.468885803674125e-05,0.0011538793760457044,0.07632245681266589,-0.02185893590347865,-0.01591584753077324,0.0,ac1_Subc,0.07802666135896308,Visual,0.2892561983471074,9,0.8016528925619835,0.0011538793760457044
2671,242,0.0004849699398797595,0.0011443555847900167,6.381383872413622e-05,0.0016342854213310394,0.01876216245818322,0.018413805798462857,-0.015129610741100752,0.0003454828158641963,fc_mean,0.17665781005149034,Visual,0.2603305785123967,2,0.6157024793388429,0.0016342854213310394
2672,351,0.0007034068136272545,0.0013979162826377994,0.0001233599602800837,0.0013650870305790721,0.021230424953620188,0.02270771934321869,-0.012920149333053521,0.0004820945313840739,netfc_Sens__DefaMod,0.18281316877166096,CentExe,0.27350427350427353,4,0.42735042735042733,0.0013979162826377994
2673,57,0.00011422845691382766,0.0011548036650320412,1.8129422532070678e-05,0.0005251054724547264,0.04260799152375971,-0.02434382681402325,-0.01335045096000309,0.0,netfc_DefaMod__DefaMod,0.046662176473340554,CentExe,0.3684210526315789,0,0.7543859649122807,0.0011548036650320412
2674,180832,0.36238877755511023,0.01799790014408178,0.002241035953747536,0.0009287130200431804,0.0310061456978668,0.07028888665026667,-0.01553090657609113,0.0021793874604190133,ac1_Sens,-0.28134438398629047,CentExe,0.2577807025305256,6,0.10312887099628384,0.01799790014408178
2679,247,0.0004949899799599199,0.0015405871566326634,0.00018231378295510822,5.833865741458851e-05,0.028484309832425694,0.01701078562153857,-0.016371985337665373,0.0004845404881368767,fc_mean,0.1680828870252653,Visual,0.3522267206477733,4,0.16194331983805668,0.0015405871566326634
2680,6952,0.01393186372745491,0.0014241611823591585,0.00012884521156776823,0.0020782059383816754,0.19987473733161856,0.1078061634443509,-0.013440007496891893,0.021547728601169176,fc_mean,0.3174289341320975,CentExe,0.2453970080552359,2,0.15981012658227847,0.0020782059383816754
2682,52,0.00010420841683366733,0.0009485755980106089,1.6266073621195023e-05,0.0005596862543241445,0.03691155799343528,-0.01600956279871224,-0.014307644670262132,0.0,netfc_CentExe__CentExe,0.07715394059586,CentExe,0.3269230769230769,9,0.7884615384615384,0.0009485755980106089
2684,359,0.000719438877755511,0.0022767228986215102,0.0001550427594625541,0.0001315525298627792,0.010734688389736593,-0.011497349751013353,-0.01440726391638103,0.0,netfc_CentExe__DefaMod,0.041520121698441895,CentExe,0.3398328690807799,2,0.19220055710306408,0.0022767228986215102
2685,20436,0.04095390781563126,0.030994309017150865,0.003978220607175533,0.07955189147829715,0.016464580975540006,0.04706015460803803,-0.012717612580908089,0.0007748257262654743,netfc_Visu__DefaMod,0.08768411335550251,CentExe,0.3272656097083578,9,0.41353493834409866,0.07955189147829715
2688,1603,0.0032124248496993987,0.0026540450583836285,0.00017505893223622798,0.00025749890409355045,0.011091437461932079,0.006287697887542465,-0.013195394025363516,6.973960789919969e-05,var_Sens,0.09078195297513948,DefaultMode,0.26512788521522146,7,0.13973799126637554,0.0026540450583836285
2689,158,0.00031663326653306616,0.006488225131863009,0.0008506069536780924,0.0009488012714225145,0.010659609173969126,-0.009219542528209779,-0.01310793118959297,0.0,falff_VentSal,0.07894623167033667,Visual,0.7468354430379747,5,0.5822784810126582,0.006488225131863009
2691,89,0.0001783567134268537,0.0008634254204304612,3.838348701701878e-05,0.0003419589271729195,0.07102240069318816,-0.022270943076120986,-0.012423633859406369,0.0,netfc_DefaMod__DefaMod,0.09406035342620409,Visual,0.30337078651685395,0,0.47191011235955055,0.0008634254204304612
2692,505,0.0010120240480961924,0.002477116103480961,0.0001482678366045099,0.006491084653116825,0.01235826534785668,0.0034120833851097876,-0.01282076133565413,4.216743186219981e-05,fc_mean,-0.11467923082814989,CentExe,0.23366336633663368,9,0.8633663366336634,0.006491084653116825
2693,306,0.0006132264529058116,0.0010916862421927883,6.424149634280855e-05,0.00017327697366301454,0.013335403007014485,0.03140627116153816,-0.020468787070285988,0.00041881528288668826,var_VentSal,0.17079967936109192,DefaultMode,0.31699346405228757,3,0.2222222222222222,0.0010916862421927883
2694,823,0.0016492985971943888,0.002839886272675265,0.00026990902857956355,0.0004010272069454456,0.012474963196736294,0.006120895666666626,-0.017669941471273987,7.635794817272882e-05,netfc_DorsSal__DefaMod,-0.0845510669659179,Visual,0.25759416767922233,2,0.18469015795868773,0.002839886272675265
2699,820,0.0016432865731462927,0.002820139763452545,0.0002275925112716552,3.696033640011729e-05,0.01136781048724002,0.01103377856660015,-0.013607503163451273,0.00012542990370328132,fc_sd,-0.15210081494486427,CentExe,0.2939024390243902,6,0.11707317073170732,0.002820139763452545
2700,247,0.0004949899799599199,0.0035462828959814978,0.00013588642859360597,0.0039186724875447596,0.010965030134249317,-0.0066201999128372435,-0.013700136641016547,0.0,netfc_Visu__Visu,-0.06938433763817638,CentExe,0.3643724696356275,9,0.9878542510121457,0.0039186724875447596
2702,105,0.00021042084168336673,0.0008755322483961674,4.355236892724191e-05,1.0074353273810728e-05,0.012343527767355648,0.00559620834056751,-0.016274252903627495,6.907695304370233e-05,var_Visu,0.13117545175246448,Sensorimotor,0.24761904761904763,3,0.1523809523809524,0.0008755322483961674
2703,489,0.0009799599198396793,0.0015448329085764058,0.00027025156424774277,0.0008024463085940468,0.021116414056599465,0.04209327185193534,-0.009374051578038722,0.00088885895742247,netfc_Visu__Sens,0.22905840612423878,Sensorimotor,0.2903885480572597,4,0.2822085889570552,0.0015448329085764058
2704,685,0.001372745490981964,0.0020265379091964518,0.0003397107704337417,0.0020323899803066253,0.013540362280637167,0.028973660251053968,-0.01531543639174493,0.0003923138563953675,ac1_Sens,-0.18988685397384097,Visual,0.28613138686131384,9,0.36496350364963503,0.0020323899803066253
2705,231,0.0004629258517034068,0.0010375663564487188,4.69757311270286e-05,0.0006873856241790116,0.07047042989572949,-0.003719089369842443,-0.01181260636021908,0.0,netfc_DefaMod__DefaMod,0.10869935777561729,Visual,0.2554112554112554,0,0.4199134199134199,0.0010375663564487188
2706,92,0.0001843687374749499,0.001955474152496989,0.00016986592740257073,0.00015669740697327265,0.017201685269367162,-0.02235741516112988,-0.010390549443709096,0.0,ac1_DorsSal,0.0689070049058619,DefaultMode,0.6413043478260869,5,0.33695652173913043,0.001955474152496989
2707,637,0.0012765531062124249,0.0017045355221592753,3.486097829897815e-05,0.00025982971916240714,0.015675253143769913,0.0112515131488643,-0.016159401286337083,0.00017637031685890364,falff_DefaMod,-0.04686057285064592,DefaultMode,0.22448979591836735,2,0.18053375196232338,0.0017045355221592753
2710,1504,0.0030140280561122244,0.005527094833634777,0.0024460309074128177,0.011108993966715839,0.025041377512762947,0.1036281037913962,-0.01100291385593577,0.0025949904679721334,var_Visu,-0.23860761888062304,Visual,0.4421542553191489,5,0.6396276595744681,0.011108993966715839
2711,251,0.0005030060120240481,0.0014680555706817284,9.451393581020706e-05,0.0003198990543225319,0.010106222762369456,-0.003599084568797206,-0.01210060918504774,0.0,ac1_Sens,-0.10223178103566874,CentExe,0.3346613545816733,8,0.2868525896414343,0.0014680555706817284
2715,2368,0.0047454909819639275,0.7311934142989375,0.010714712693853186,1.0828592630703466e-05,0.009875231219188775,-0.010870985349559215,-0.011689694969200692,0.0,netfc_Sens__Sens,-0.08343837950265875,DefaultMode,0.8555743243243243,0,0.10768581081081081,0.7311934142989375
2718,7772,0.015575150300601203,0.5493922647535195,0.01440143378476285,3.1719838720361486e-05,0.010018117107425789,-0.016134731476986186,-0.012842653776947044,0.0,netfc_Visu__DefaMod,-0.05830091195282036,DefaultMode,0.563690169840453,0,0.10640761708697889,0.5493922647535195
2719,219,0.000438877755511022,0.0011467706576065286,3.595767337742724e-05,0.00011863750709219939,0.012443808990033329,0.0017105547997910975,-0.014533120037472536,2.128581719558512e-05,netfc_Sens__DefaMod,0.11617512614491593,DefaultMode,0.2922374429223744,9,0.2009132420091324,0.0011467706576065286
2722,449,0.0008997995991983968,0.001810367255583338,6.725179325937824e-05,0.0001548045488348278,0.011490503580131073,0.011949928003942012,-0.013133547451718908,0.00013731069051160425,ac1_Sens,-0.1435803514475628,CentExe,0.32962138084632514,6,0.1514476614699332,0.001810367255583338
2723,122,0.00024448897795591184,0.0022227889859741962,9.232956551063886e-05,0.0002911568422839865,0.011647132543759955,-0.008042177679578932,-0.015155641529796648,0.0,ac1_VentSal,-0.06517489108651887,CentExe,0.4344262295081967,8,0.38524590163934425,0.0022227889859741962
2725,238,0.0004769539078156313,0.0015454155228229805,0.00010140983465513866,0.00044938472258894955,0.011027329900694875,-0.016962941932943343,-0.009493167039726691,0.0,var_CentExe,0.03890901831126124,DefaultMode,0.2647058823529412,0,0.2815126050420168,0.0015454155228229805
2728,1693,0.0033927855711422847,0.0018341821505944134,0.00010611857064175599,0.009142948068656861,0.01516281556836265,-0.007635495298429662,-0.01529456370758453,0.0,var_DorsSal,-0.06377923953839468,CentExe,0.26934435912581217,1,0.5121086828115771,0.009142948068656861
2729,585,0.0011723446893787575,0.0018272428045939682,5.735051497558693e-05,0.00037680800590417414,0.015081954033152089,0.014513861926074734,-0.014646466269705893,0.00021889739841257538,var_Sens,0.1569247609048719,CentExe,0.22564102564102564,1,0.21196581196581196,0.0018272428045939682
2730,80,0.00016032064128256512,0.0013941119573039399,4.839647999101378e-05,0.00046992715792950446,0.019343470754808786,-0.008034965720400189,-0.013203059955887664,0.0,netfc_CentExe__DefaMod,0.0818540031469356,CentExe,0.4,4,0.575,0.0013941119573039399
2732,254,0.0005090180360721443,0.0012040791152486173,4.315996619522108e-05,0.0014882627003973562,0.013350291329003342,-0.004796678713614888,-0.008118338311712048,0.0,netfc_DefaMod__DefaMod,0.09642847965190063,Sensorimotor,0.2677165354330709,6,0.4921259842519685,0.0014882627003973562
2733,3976,0.007967935871743487,0.2265898446044087,0.055416422891391696,5.1309318528941206e-05,0.011046195563148726,-0.002798089514641555,-0.017259794273941864,0.0,var_Subc,0.0747978598039517,Subcortical,0.5804828973843058,8,0.11443661971830986,0.2265898446044087
2734,5629,0.011280561122244489,0.003992968007475671,0.0006630718271756804,0.004727839454423658,0.07879029766893592,0.022005340154350628,-0.019639048038131657,0.001733807301067474,netfc_CentExe__Subc,0.10137362858708063,CentExe,0.22703855036418547,0,0.23698703144430627,0.004727839454423658
2735,441,0.0008837675350701403,0.0014711291722325822,8.311752712199651e-05,0.00035398055845705035,0.013114094955830092,0.03226879038093999,-0.022921595616174795,0.0004231759811654238,ac1_Sens,0.1937290589703957,Sensorimotor,0.2675736961451247,7,0.18820861678004536,0.0014711291722325822
2739,368,0.0007374749498997996,0.0017418254385247792,0.0001803624465420885,0.0021994810262292042,0.022675681485299852,-0.005662846333889915,-0.019003704926098264,0.0,netfc_DefaMod__DefaMod,0.1166805211846698,Visual,0.266304347826087,6,0.4673913043478261,0.0021994810262292042
2741,12007,0.024062124248496995,0.6187986636840388,0.04750000421778631,0.00021514863776867722,0.010581304382168958,0.0008686183361084066,-0.01400813511033605,9.191115006296191e-06,var_Sens,-0.0865184557976709,Sensorimotor,0.4952111268426751,2,0.11501624052635963,0.6187986636840388
2742,128,0.0002565130260521042,0.0009636275455529299,2.8056097809264882e-05,0.0001098330913029166,0.0104872553404418,-0.00808464101678541,-0.011640586012659382,0.0,falff_DefaMod,0.07448390588253723,CentExe,0.2421875,5,0.234375,0.0009636275455529299
2743,77,0.00015430861723446894,0.0013449038093179748,7.796429079595882e-05,7.844096219388175e-05,0.011048681916703346,-0.008687189038419696,-0.02131476890358308,0.0,ac1_VentSal,0.09968476638493395,CentExe,0.44155844155844154,8,0.2597402597402597,0.0013449038093179748
2744,59,0.00011823647294589178,0.0015399371154897943,4.485556999142897e-05,0.0001016388374477352,0.011586022232270645,-0.007787679349583909,-0.012635477480255064,0.0,netfc_VentSal__CentExe,-0.049129595352373476,CentExe,0.3898305084745763,7,0.3389830508474576,0.0015399371154897943
2745,489,0.0009799599198396793,0.0010884287202930537,7.108433235435916e-05,0.004064842242344474,0.02194961646340724,0.005409060227615559,-0.013100704377742911,0.00011872679742363178,netfc_Visu__DefaMod,0.11610609595430503,CentExe,0.25766871165644173,9,0.6932515337423313,0.004064842242344474
2746,499,0.001,0.0016613783608522374,7.495936189172801e-05,0.003158848622974613,0.017357236311579188,0.03313603184507885,-0.01947146606229322,0.0005751499351630469,netfc_Sens__VentSal,0.21582043440311083,CentExe,0.28857715430861725,5,0.6072144288577155,0.003158848622974613
2747,151,0.0003026052104208417,0.0009711623397354791,2.4777417531175954e-05,0.0002938657057238802,0.014336520743407282,-0.0010675211773729654,-0.015877456411763857,0.0,var_VentSal,-0.0951421487391174,CentExe,0.37748344370860926,3,0.32450331125827814,0.0009711623397354791
2749,67,0.0001342685370741483,0.0007845084574375454,5.3033035570696225e-06,0.00045330261008404886,0.20050661573400574,-0.03378229036667357,-0.008287417245948614,0.0,netfc_DefaMod__DefaMod,0.08461986927675001,DefaultMode,0.26865671641791045,0,0.5970149253731343,0.0007845084574375454
2750,305,0.0006112224448897796,0.0012099306464544365,6.077886025871961e-05,0.0001248499975271089,0.01139026434625689,-0.0033065689412010713,-0.015189466472153468,0.0,netfc_Sens__DefaMod,-0.06401899169197275,Sensorimotor,0.25245901639344265,7,0.14754098360655737,0.0012099306464544365
2752,780,0.00156312625250501,0.0017625739957449127,0.00024359082161809568,0.0018935364894418106,0.015526626862926824,0.029055406883869983,-0.012759197754915297,0.00045113246103636466,var_Subc,-0.11300310825499388,DefaultMode,0.36538461538461536,0,0.30641025641025643,0.0018935364894418106
2754,187,0.000374749498997996,0.0013838291622717304,0.00018963163905206542,6.850970594651647e-05,0.011925713365989936,-0.00047720256039496256,-0.01612831202615217,0.0,var_Visu,-0.0984991587518865,Sensorimotor,0.39037433155080214,9,0.1657754010695187,0.0013838291622717304
2755,3009,0.006030060120240481,0.08436679239693665,0.010064217935441933,0.0017029130733774564,0.013285075369587002,0.07608419483061113,-0.01922182097082059,0.0010107842627590105,var_Visu,0.2667665908650464,Sensorimotor,0.6065137919574609,4,0.1821203057494184,0.08436679239693665
2756,74,0.00014829659318637273,0.001023887105663426,1.4060843051188668e-05,0.0004609306329592746,0.1000825623737311,-0.012350371949280792,-0.02967084364965733,0.0,netfc_Visu__DefaMod,0.0518741681266105,Visual,0.25675675675675674,1,0.581081081081081,0.001023887105663426
2757,860,0.0017234468937875752,0.0012641956813032522,7.045837578754894e-05,0.007364693403876958,0.032440468674173065,0.054326443099482535,-0.017325053788423528,0.0017623752755480087,fc_mean,0.2365414331086131,DefaultMode,0.29651162790697677,0,0.7232558139534884,0.007364693403876958
2759,15205,0.030470941883767536,0.84728947859217,0.025188070592912202,7.178805455195831e-05,0.010035334395293192,-0.006537876116432972,-0.014942015091100824,0.0,var_DefaMod,0.06878912758402499,CentExe,0.5434396580072345,2,0.10430779348898389,0.84728947859217
2760,662,0.0013266533066132265,0.12449401881678712,0.0026711205551177017,0.0002605613779250875,0.010600350707890472,0.009163110286531495,-0.02111128088713876,9.713218261231259e-05,falff_DorsSal,0.08217106855600692,CentExe,0.877643504531722,5,0.18126888217522658,0.12449401881678712
2762,110,0.00022044088176352705,0.0012660969065956583,5.737989888989129e-05,0.00020630176899844244,0.011968408492410222,-0.005502495017790654,-0.01314061217477347,0.0,var_DorsSal,0.04262349836307883,CentExe,0.2727272727272727,4,0.24545454545454545,0.0012660969065956583
2766,121,0.00024248496993987975,0.0017064081424846996,0.00012184486956377937,0.00023895992281413594,0.02460184440323592,-0.007097922854157002,-0.013710852238911775,0.0,netfc_Sens__VentSal,0.10303518744796887,Visual,0.2809917355371901,5,0.32231404958677684,0.0017064081424846996
2768,52,0.00010420841683366733,0.0008832308508012441,1.3243394651976433e-05,0.00039782043134648306,0.04681811323092744,-0.013455627740918574,-0.01063699849776456,0.0,netfc_VentSal__DefaMod,0.07928945694193741,DefaultMode,0.2692307692307692,0,0.7307692307692307,0.0008832308508012441
2769,130,0.00026052104208416834,0.0011315893326802027,7.518081145894585e-05,0.000548494544066984,0.041127148387895975,-0.01224863076078142,-0.01458681016091945,0.0,netfc_DefaMod__DefaMod,0.08954601820455738,Sensorimotor,0.3230769230769231,4,0.43846153846153846,0.0011315893326802027
2771,6444,0.012913827655310621,0.6734379436265461,0.014734037974046202,8.212397070053045e-05,0.0098929018914767,-0.009967341978033062,-0.0157328900762026,0.0,var_Sens,0.04290759735269796,VentSal,0.4168218497827436,8,0.11064556176288019,0.6734379436265461
2772,453,0.0009078156312625251,0.004218168275025681,0.00039939454245186524,7.413457175771659e-05,0.020892958577922612,0.03444373413125523,-0.021541735613655133,0.0007196315104732949,var_Sens,0.15999711433883843,Visual,0.37748344370860926,1,0.16114790286975716,0.004218168275025681
2777,45905,0.0919939879759519,0.0040004550736702825,0.00027546570517311393,0.2842300209537263,0.015264780746132946,0.016365235482096896,-0.017710551537730268,0.0002498117314930444,falff_CentExe,0.1320606210237942,CentExe,0.24696656137675635,9,0.5058708201720945,0.2842300209537263
2778,542,0.0010861723446893787,0.0010890673344723775,0.00012205380851840426,0.0005399167398980657,0.21916275138895286,-0.015009420893771885,-0.015593746921981122,0.0,netfc_DefaMod__DefaMod,0.12805703019339662,Sensorimotor,0.24907749077490776,9,0.2767527675276753,0.0010890673344723775
2779,100,0.0002004008016032064,0.0013019126606153711,3.7252098054171345e-05,5.1051918278451294e-05,0.031718213782410604,-0.009096422605277654,-0.015703585598231706,0.0,netfc_Visu__DorsSal,0.04424063441564074,DefaultMode,0.33,0,0.18,0.0013019126606153711
2781,66,0.00013226452905811624,0.0008619263484926589,7.567318322922986e-06,0.00016778156533696944,0.40519786557502735,-0.023618728052499316,-0.01562036376004583,0.0,netfc_DorsSal__CentExe,0.05183635775220709,CentExe,0.2878787878787879,1,0.30303030303030304,0.0008619263484926589
2782,353,0.0007074148296593186,0.0011172982347682628,8.725136956433474e-06,0.001019331670862176,0.010682394631422077,-0.0077686801614123,-0.017019702489731614,0.0,var_Sens,0.05086647116316042,CentExe,0.254957507082153,5,0.4164305949008499,0.0011172982347682628
2783,21318,0.042721442885771545,0.020025098756299035,0.000841494247757237,0.06364467152575222,0.017227433876593132,0.07852037182138938,-0.015505504346610355,0.0013527045135184922,netfc_VentSal__DefaMod,-0.1626123360456403,CentExe,0.26109391124871,9,0.33000281452293834,0.06364467152575222
2784,397,0.0007955911823647294,0.0021563105645055697,0.00015262303394533402,0.0005827865090447217,0.010536433679501477,-0.0027472107017563197,-0.01440023665272605,0.0,ac1_DorsSal,-0.07063284768014426,CentExe,0.28211586901763225,5,0.27204030226700254,0.0021563105645055697
2787,6370,0.012765531062124249,0.09511185593921294,0.006404123738224511,0.00027663846299229994,0.014635807634783251,0.13620012125709147,-0.011469767693997657,0.001993398774552944,var_DefaMod,-0.23504336172668705,DefaultMode,0.4141287284144427,9,0.11789638932496076,0.09511185593921294
2789,1167,0.002338677354709419,0.003003055807490163,0.0004136241127308128,0.001746856091059864,0.030695899241855555,0.03059434490465973,-0.018693293197157512,0.000939120928564012,fc_mean,0.21429119149119208,CentExe,0.2887746358183376,1,0.24850042844901457,0.003003055807490163
2790,127,0.00025450901803607213,0.001178980897328823,4.8713046333748964e-05,0.00011804340375754944,0.015168244903098106,0.0061918266613119055,-0.01593554211116821,9.391914319631127e-05,netfc_Sens__DefaMod,0.1286822576383485,CentExe,0.3543307086614173,0,0.2283464566929134,0.001178980897328823
2791,190,0.0003807615230460922,0.001093057539927997,6.113507575312459e-05,0.0007281705764738845,0.01421572937486556,-0.0011122980690865258,-0.015194044220157465,0.0,netfc_VentSal__CentExe,0.0891924197739106,CentExe,0.3368421052631579,9,0.48947368421052634,0.001093057539927997
2793,62,0.00012424849699398796,0.0010260427493111377,4.500695174307284e-05,0.0006761377566958745,0.02302195513621599,-0.014517829327037601,-0.021389095096706168,0.0,fc_sd,0.06977830450218961,CentExe,0.45161290322580644,9,0.8387096774193549,0.0010260427493111377
2794,216,0.00043286573146292587,0.0011002860790020137,3.745318717701246e-05,0.00036066997667644473,0.010904799600753436,-0.00343116138642352,-0.015551704354124452,0.0,var_Sens,0.06488825244858934,Sensorimotor,0.25462962962962965,7,0.30092592592592593,0.0011002860790020137
2796,120598,0.24167935871743487,0.006217094910493437,0.0002899868880635895,0.009725957102314562,0.3672734523887843,0.02046400786518654,-0.015152599841616654,0.0075158868183582955,netfc_Sens__Sens,0.12096454646986408,CentExe,0.25903414650325873,2,0.11461218262326076,0.009725957102314562
2797,5226,0.010472945891783568,0.0015491162635933257,5.6546689720728336e-05,0.028861385171324725,0.014262370258427312,-0.010454167254160485,-0.02438580851032035,0.0,falff_Subc,-0.06936843199406816,CentExe,0.25181783390738616,7,0.5342518178339074,0.028861385171324725
2799,508,0.0010180360721442885,0.0016729233715887793,0.00012444752361606476,0.00465382403382965,0.03424815682368167,0.02139054113090244,-0.012966768857753497,0.00073258660719456,fc_mean,0.18673777950229473,Visual,0.25393700787401574,9,0.7362204724409449,0.00465382403382965
2800,304,0.0006092184368737475,0.0010178367112583168,5.4608774460742955e-05,0.0006876419995252176,0.05046471684541155,0.011061070435429143,-0.010694884150417305,0.0005581937875310848,netfc_Sens__DefaMod,0.171885244410335,DefaultMode,0.2894736842105263,2,0.3355263157894737,0.0010178367112583168
2803,38084,0.07632064128256513,0.001852514704800316,3.951403294455509e-05,0.18794140637699583,0.01290851422563258,-0.007329529726813444,-0.017951941849247977,0.0,netfc_Visu__CentExe,-0.07775477607994738,CentExe,0.2505776704127718,5,0.45142316983510133,0.18794140637699583
2805,73,0.0001462925851703407,0.0024970158297006784,4.52385021306615e-05,0.00010319135048778254,0.014022550476275404,-0.013837443031467833,-0.020702023035382933,0.0,netfc_Visu__CentExe,0.04242833868188218,DefaultMode,0.4383561643835616,3,0.273972602739726,0.0024970158297006784
2806,200,0.0004008016032064128,0.001273290355435672,7.756901689489625e-05,0.0003319537212279096,0.016823503029628425,0.0035619493761277488,-0.010269902487702876,5.992446612066826e-05,slope_DorsSal,-0.09637978062498379,CentExe,0.27,6,0.33,0.001273290355435672
2808,13605,0.027264529058116233,0.0016814336432204244,9.196577742009174e-05,0.15584916393314896,0.016182183137783898,0.17868818996632796,-0.017080744146448446,0.002891565014594238,slope_Sens,0.3818090727604255,CentExe,0.25527379639838294,6,0.8085997794928336,0.15584916393314896
2809,185,0.00037074148296593185,0.0009641328182451963,9.368134535417348e-06,0.00013259668098349875,0.012408782462158435,-0.005514216879527911,-0.017715039222116813,0.0,var_Sens,0.08695314879212598,CentExe,0.2810810810810811,6,0.22702702702702704,0.0009641328182451963
2810,70,0.00014028056112224449,0.0018549338221858671,4.309588120074417e-05,0.00010080457075708448,0.012031891872410749,-0.012192648773554415,-0.014001335422072714,0.0,var_DorsSal,0.05518229798292016,CentExe,0.37142857142857144,0,0.2857142857142857,0.0018549338221858671
2812,877,0.0017575150300601203,0.0016736137731759365,0.00015359157961340278,0.0004556716147107821,0.023177369001253164,0.05568865730904671,-0.013533525056620421,0.0012907165596361095,fc_mean,0.2554132984586591,Sensorimotor,0.2120866590649943,0,0.20182440136830102,0.0016736137731759365
2813,50,0.0001002004008016032,0.000787077400950977,4.785814009419959e-06,0.0002960577170082639,0.1431934024318474,-0.01724199032099949,-0.025988612957969837,0.0,netfc_DefaMod__Subc,0.06524212671633076,CentExe,0.3,0,0.56,0.000787077400950977
2814,13482,0.02701803607214429,0.01827917022281773,0.001924790717907021,0.04206741067702606,0.01898988193935512,0.07901877609535801,-0.011475353303137537,0.0015005572290431853,var_DorsSal,-0.22026226805375115,CentExe,0.30826286901053257,9,0.34438510606734907,0.04206741067702606
2815,210,0.00042084168336673346,0.005116333826504063,0.0002184397919693034,0.00014741790224697608,0.011311658959846616,-0.007516335142380148,-0.012989300092389078,0.0,netfc_Sens__CentExe,-0.042263795363299946,Visual,0.35714285714285715,7,0.2,0.005116333826504063
2817,1861,0.0037294589178356713,0.0066609228418478645,0.0002928843525940826,0.002295475500905241,0.01827266144972378,-0.01053134633964925,-0.014374553651086863,0.0,ac1_DefaMod,-0.04105352558740623,CentExe,0.2262224610424503,8,0.2606125738850081,0.0066609228418478645
2818,58,0.00011623246492985972,0.0009764723515771226,1.4046026422307456e-05,3.928292416981887e-05,0.09477345317204329,-0.013107992856594697,-0.009595020432622947,0.0,netfc_VentSal__Subc,0.0482272233854479,DefaultMode,0.25862068965517243,3,0.1724137931034483,0.0009764723515771226
2820,302,0.0006052104208416833,0.001913688307104967,0.00013827205315752002,0.0004307315043404909,0.013081647269458879,0.013730498778943279,-0.01871565035270617,0.0001796175418598718,ac1_CentExe,0.13320337968782503,Sensorimotor,0.2814569536423841,6,0.2814569536423841,0.001913688307104967
2823,329,0.0006593186372745491,0.001179712602761094,3.815178339028823e-05,0.0001753861488438379,0.012046589007157077,-0.009471385296812018,-0.011394173440183453,0.0,netfc_Subc__Subc,0.03928353494864205,DefaultMode,0.23100303951367782,0,0.20972644376899696,0.001179712602761094
2824,1756,0.0035190380761523045,0.0016948414539956125,0.0002168040414687269,0.0008354635192878911,0.011843174289714086,6.152359002120633e-05,-0.01016722648417323,7.286345995500609e-07,slope_VentSal,0.11514374282868084,CentExe,0.3194760820045558,4,0.17824601366742596,0.0016948414539956125
2826,176,0.0003527054108216433,0.0009128430378964217,2.2811018403684578e-05,0.00012818554249617223,0.0215393338213781,0.009500353568762887,-0.016968643247383675,0.00020463128693870458,slope_Sens,-0.15186009763499975,CentExe,0.25,3,0.20454545454545456,0.0009128430378964217
2827,117,0.0002344689378757515,0.0008808230283175909,4.557654906408817e-06,0.00029431361638515346,0.20987614873883803,-0.034434451277643996,-0.022555220162010503,0.0,slope_Subc,-0.06739556993803696,CentExe,0.2564102564102564,0,0.3418803418803419,0.0008808230283175909
2828,99,0.00019839679358717434,0.0009022618997254996,3.8315362709700445e-05,0.00022901845449976928,0.1334813097444737,-0.009281318351740175,-0.017938561227012872,0.0,netfc_Visu__Sens,0.053361529202953166,Visual,0.26262626262626265,6,0.29292929292929293,0.0009022618997254996
2829,379,0.0007595190380761523,0.0017044795640392108,4.7737231297004336e-05,0.0002727532018368453,0.01157660577493222,-0.0018359181011344816,-0.015041504171612319,0.0,netfc_VentSal__DefaMod,-0.08082694190837737,DefaultMode,0.27440633245382584,3,0.19525065963060687,0.0017044795640392108
2830,52,0.00010420841683366733,0.0008451353876835259,6.761732686666175e-06,0.00014756847725908297,0.4001129389283251,-0.02571556429015076,-0.008754540113645737,0.0,netfc_DorsSal__CentExe,0.05672805029600618,DefaultMode,0.3076923076923077,6,0.3269230769230769,0.0008451353876835259
2832,166,0.00033266533066132265,0.0010210612944157485,9.646168386658872e-05,0.0017713873680065691,0.04599126837853305,-0.006680487177181504,-0.017216692228264385,0.0,netfc_Sens__Sens,0.10069354024320236,Visual,0.2891566265060241,0,0.8132530120481928,0.0017713873680065691
2835,71,0.00014228456913827655,0.0009090509797032118,2.7314655963966e-05,7.007744031062882e-05,0.010379133598728616,-0.005582084907121088,-0.015365107922145294,0.0,netfc_Visu__DefaMod,-0.08904748490983862,CentExe,0.3380281690140845,5,0.22535211267605634,0.0009090509797032118
2837,69,0.00013827655310621242,0.0028346788180946157,1.9260539612937072e-05,6.320182083727481e-05,0.01621281880321627,-0.0035244487127286117,-0.015730443678193096,0.0,fc_mean,0.12959854816014407,CentExe,0.34782608695652173,4,0.2463768115942029,0.0028346788180946157
2838,53,0.0001062124248496994,0.0017406438901442836,8.332096844309923e-05,4.0670556772764024e-05,0.01390226151800269,-0.010995296130632326,-0.01707194352454855,0.0,ac1_VentSal,0.09277077265741715,CentExe,0.5471698113207547,5,0.22641509433962265,0.0017406438901442836
2840,109,0.00021843687374749498,0.0008185378776636692,3.246603517122424e-06,3.3495997659618855e-05,0.8279361661035831,-0.01667826806609818,-0.01118403923755329,0.0,netfc_Visu__VentSal,0.03512413432350436,DefaultMode,0.24770642201834864,5,0.14678899082568808,0.0008185378776636692
2842,76,0.00015230460921843687,0.000996514597523768,9.94885525900603e-06,6.319211414464073e-05,0.27128079871724453,-0.01889052360812382,-0.010326194718258241,0.0,netfc_DorsSal__DefaMod,0.030028853634595145,CentExe,0.27631578947368424,3,0.21052631578947367,0.000996514597523768
2843,257,0.0005150300601202405,0.0012334106864369644,7.700057490654186e-05,0.00016661654042191695,0.010851491386433033,0.002751215848990296,-0.015630692082075903,2.985479508753624e-05,netfc_DorsSal__DorsSal,-0.07713202636950704,DefaultMode,0.20622568093385213,5,0.23346303501945526,0.0012334106864369644
2844,81,0.0001623246492985972,0.001431188318457351,5.6995563889353335e-05,0.00012207409074662534,0.010709754855859352,-0.00789072470193175,-0.017784293738471346,0.0,ac1_VentSal,-0.0652222139896501,Sensorimotor,0.3333333333333333,0,0.32098765432098764,0.001431188318457351
2845,810,0.001623246492985972,0.003444315386396846,0.0005762492801533822,0.0014980421761649897,0.01554227470015893,0.0020362410894576577,-0.015763215360359073,3.164781836810181e-05,fc_mean,-0.11568297683257141,Visual,0.345679012345679,8,0.31234567901234567,0.003444315386396846
2846,185,0.00037074148296593185,0.0016228110648690303,6.029110717540781e-05,0.00017922249081720024,0.011147014280541693,-0.0005517889540482823,-0.022290605686193565,0.0,fc_sd,0.13738096126401633,DefaultMode,0.33513513513513515,5,0.24864864864864866,0.0016228110648690303
2847,5824,0.011671342685370742,0.0030824763932204174,0.0002265219748106715,0.0426037925572551,0.014156094030263066,0.051904173198572656,-0.014188792659948213,0.0007347603563620545,var_Visu,-0.2230531181221787,CentExe,0.2618475274725275,5,0.6104052197802198,0.0426037925572551
2849,436,0.0008737474949899799,0.0021543995429292202,9.094710414660132e-05,0.0014228058641408627,0.012695972144665746,0.012153852080035055,-0.011824691066832926,0.0001543049674585129,fc_mean,-0.13000398553410242,DefaultMode,0.268348623853211,7,0.3646788990825688,0.0021543995429292202
2852,365,0.0007314629258517034,0.1956159268082617,0.00843481739213162,5.007450208102722e-05,0.010451937437203192,-0.012204781106747387,-0.02056873083625521,0.0,var_DorsSal,-0.04733219752173855,DorsSal,0.8465753424657534,4,0.13972602739726028,0.1956159268082617
2853,1138,0.002280561122244489,0.003082502083861794,0.00035746653046314365,0.014139627560604549,0.013642037999840154,0.014586493364357911,-0.015265363683515387,0.00019898949676098687,var_Subc,-0.11498267771878606,Visual,0.2451669595782074,0,0.8558875219683656,0.014139627560604549
2854,3635,0.007284569138276553,0.33693037793642516,0.01016782647449198,0.0001188838316068696,0.010700019729032293,0.03192372534316501,-0.014034051750302812,0.0003415844909960738,var_VentSal,-0.12312116489376371,DefaultMode,0.38376891334250346,4,0.11609353507565337,0.33693037793642516
2855,1045,0.002094188376753507,0.0018980677348659966,8.991416396864939e-05,0.0008611948387201836,0.01565172655957701,0.03347792745349232,-0.012425258738314238,0.000523987366283418,ac1_Sens,0.20266969832982423,CentExe,0.2679425837320574,6,0.23253588516746412,0.0018980677348659966
2856,829,0.0016613226452905812,0.5882760397061577,0.004096411548489248,0.00010225860025422229,0.010090501789259762,-0.00735085375960276,-0.009275749911217712,0.0,netfc_Visu__DorsSal,-0.08651376257576888,CentExe,0.9879372738238842,6,0.12424607961399277,0.5882760397061577
2858,97,0.00019438877755511023,0.001052878007436191,3.661710997817822e-05,0.00013318581227221292,0.010195472448820969,-0.009304722973625834,-0.013689885138149283,0.0,slope_VentSal,0.06199809035676679,CentExe,0.31958762886597936,0,0.2268041237113402,0.001052878007436191
2861,102,0.00020440881763527055,0.00136175466152323,5.6603912442631014e-05,5.388714834165532e-05,0.009980724833070921,-0.0012871435834633793,-0.013380939857198237,0.0,ac1_DorsSal,-0.08310555104194906,CentExe,0.37254901960784315,2,0.18627450980392157,0.00136175466152323
2862,52,0.00010420841683366733,0.0008534303801640662,2.3504082979080733e-05,0.00019602986255728912,0.16304025595678287,-0.09954209593372387,-0.009529578634689173,0.0,var_DefaMod,-0.249381657821985,CentExe,0.28846153846153844,0,0.4807692307692308,0.0008534303801640662
2863,18991,0.03805811623246493,0.7375070571131309,0.01807324677087499,0.00017982079553400138,0.010881794745685389,0.022121742767233887,-0.008946812914844449,0.00024072426420988948,fc_mean,-0.18003318195519374,DefaultMode,0.4035595808540888,5,0.10868306039703017,0.7375070571131309
2867,104,0.00020841683366733466,0.001829533969087171,3.226163782817892e-05,0.0007519469576323438,0.010173638095637254,-0.013399924235573124,-0.01674644539046599,0.0,netfc_Visu__Sens,-0.04472736186538193,CentExe,0.33653846153846156,4,0.6730769230769231,0.001829533969087171
2869,306,0.0006132264529058116,0.001578995046786533,9.295231366755628e-05,0.0002002487804845494,0.00983448537143868,-0.010120644819034519,-0.016676057120892596,0.0,netfc_VentSal__DefaMod,-0.05451302443719704,DefaultMode,0.35947712418300654,6,0.21895424836601307,0.001578995046786533
2871,449,0.0008997995991983968,0.0028776416431648306,0.00021304923315351192,0.00015882297975777857,0.010818430926170892,0.003412220412560729,-0.015936327050368737,3.6914870838158596e-05,fc_sd,-0.12745402314245047,CentExe,0.38084632516703787,2,0.1759465478841871,0.0028776416431648306
2875,606,0.0012144288577154308,0.005796143282035703,0.0007937814352736866,0.00024452207566132416,0.012449007002973765,0.002463753907011923,-0.013981525947650342,3.0671289641995404e-05,slope_Sens,-0.0986562283441977,Sensorimotor,0.3927392739273927,8,0.16006600660066006,0.005796143282035703
2876,117,0.0002344689378757515,0.0008751179209213119,3.438144131637582e-05,0.00027299953977824034,0.04570220262925045,0.011075571021095354,-0.011509131583585797,0.0005061779910407541,fc_mean,0.12531326633491893,Visual,0.24786324786324787,5,0.3247863247863248,0.0008751179209213119
2877,106,0.0002124248496993988,0.0016646688945626917,5.810112873959079e-05,0.0006896942410719321,0.013626420455419097,-0.015214234544629557,-0.01768598915708619,0.0,slope_DefaMod,-0.021092471893885852,Visual,0.32075471698113206,0,0.6226415094339622,0.0016646688945626917
2878,1109,0.002222444889779559,0.001808329134360265,7.187150101923511e-05,0.0003958849482005433,0.02187599673316948,0.01779243063593139,-0.011098883918676528,0.00038922715446677966,netfc_DorsSal__DefaMod,0.12001511456433225,DefaultMode,0.284941388638413,9,0.17493237150586113,0.001808329134360265
2879,5852,0.01172745490981964,0.37806925299806654,0.021964637163735475,0.00030258666286448756,0.010871496122539518,-0.0030867324459591394,-0.006775367947130961,0.0,netfc_DefaMod__DefaMod,-0.07158287298106185,VentSal,0.36192754613807243,5,0.11995898838004102,0.37806925299806654
2880,18697,0.0374689378757515,0.7984328522425713,0.04842476528472593,8.602889533040734e-05,0.010036868680099826,-0.002072096730473705,-0.014493949357671898,0.0,netfc_DorsSal__DefaMod,-0.07480208400192216,DefaultMode,0.677060490987859,3,0.10728993956249666,0.7984328522425713
2881,70,0.00014028056112224449,0.0008422558783720957,1.993346384538348e-05,0.00013325730474533762,0.10094078468017303,-0.0068867708779527526,-0.01080711787265054,0.0,netfc_Sens__CentExe,0.05226739869599283,CentExe,0.32857142857142857,3,0.24285714285714285,0.0008422558783720957
2883,63,0.00012625250501002003,0.003929430486425248,0.00021428159913356216,0.00017698512770976976,0.02279420146269799,0.0056075336262817466,-0.01778014783301063,0.00012781925118631956,var_CentExe,-0.17787793486877954,Visual,0.6349206349206349,8,0.4126984126984127,0.003929430486425248
2885,363,0.0007274549098196393,0.0011284283446802695,9.833176622001307e-05,0.000791784073326107,0.016330297108263038,0.04588800537804294,-0.017660215966568416,0.0007493647615290133,var_Visu,0.20415040989746425,CentExe,0.2809917355371901,5,0.3002754820936639,0.0011284283446802695
2886,150,0.0003006012024048096,0.0016012647863170044,9.218628790228131e-05,0.00032462317975927177,0.013990673980864492,-0.008596838463021728,-0.009989063398988529,0.0,netfc_Visu__CentExe,0.08766231720737325,CentExe,0.21333333333333335,9,0.3466666666666667,0.0016012647863170044
2889,153065,0.3067434869739479,0.0033896924531311348,0.00020494127891583196,0.01572296786788279,0.3234765921805933,0.06007519655948068,-0.015087024456946319,0.019432919857640115,slope_Sens,-0.24012872660925996,CentExe,0.2518799202952994,3,0.11806095449645575,0.01572296786788279
2890,4736,0.009490981963927855,0.4810301097063686,0.01403451585161061,6.535589721537963e-05,0.010585456585294271,-0.0009652845098118146,-0.014116302009686832,0.0,netfc_DorsSal__DefaMod,-0.049707865825471056,CentExe,0.801731418918919,7,0.11697635135135136,0.4810301097063686
2892,65,0.00013026052104208417,0.0009160943845870009,2.4230883440997915e-05,0.00026088891137153203,0.09895113636295093,-0.006997330295267501,-0.026218874118800972,0.0,var_VentSal,-0.059415465042132506,Sensorimotor,0.24615384615384617,2,0.4307692307692308,0.0009160943845870009
2893,173,0.0003466933867735471,0.0010009254323047625,6.0492487908647515e-05,0.0001236854387796971,0.09500553442446313,-0.010872866665453174,-0.01018163831949015,0.0,netfc_VentSal__DefaMod,0.10295900987708197,Sensorimotor,0.27167630057803466,6,0.23121387283236994,0.0010009254323047625
2897,13941,0.027937875751503007,0.02107075056447328,0.0030711169174405255,0.0004252542874841096,0.017521743616182667,0.04862043209674771,-0.007493226333866065,0.000851914745707232,netfc_Visu__CentExe,-0.15449168726376708,CentExe,0.2750161394448031,2,0.11519977046122946,0.02107075056447328
2899,70,0.00014028056112224449,0.0010059156183144448,4.523429963031974e-05,0.00041861137286861917,0.05111501214904601,-0.012868446205670514,-0.01808838858473072,0.0,ac1_DorsSal,0.046952467477082115,Visual,0.32857142857142857,4,0.5285714285714286,0.0010059156183144448
2900,68,0.00013627254509018035,0.0008197693493824935,1.626274510226947e-05,0.0004003293755211656,0.16141796175914652,-0.03581344405985565,-0.018763172455612098,0.0,netfc_DefaMod__DefaMod,0.09860907215849748,Visual,0.38235294117647056,1,0.6323529411764706,0.0008197693493824935
2904,365,0.0007314629258517034,0.0022618220373418125,0.0006923645148911932,0.0014477660473224442,0.022780702319428657,0.0671538455167815,-0.027741116945322775,0.0015298117643226979,falff_Sens,0.2549710286710362,Visual,0.4821917808219178,4,0.39452054794520547,0.0022618220373418125
2906,37741,0.07563326653306614,0.0035483354123616324,0.00022544885079835362,0.004001581744679542,0.27079542785290045,0.05389662391765182,-0.014651674102744705,0.014594959333607393,fc_mean,0.1552012007091326,CentExe,0.2574653559789089,4,0.138682069897459,0.004001581744679542
2910,339,0.0006793587174348698,0.0011009558418321437,0.00013510062669810143,3.628557040217079e-05,0.014284960776150445,0.021342736813935725,-0.02013309603613478,0.00030488015824277397,ac1_Sens,0.19246671240770608,DefaultMode,0.3687315634218289,1,0.12979351032448377,0.0011009558418321437
2912,97,0.00019438877755511023,0.0011054323334167182,4.0788132447637123e-05,4.065359734701198e-05,0.011842365447038867,-0.005968061532303226,-0.012513120764843899,0.0,var_VentSal,0.08828857611581066,Visual,0.29896907216494845,7,0.21649484536082475,0.0011054323334167182
2913,392,0.0007855711422845691,0.0011080917071974413,8.823846098021925e-05,0.004355583264090386,0.04416984941350934,-0.0011338008988921455,-0.012345850499630107,0.0,netfc_Visu__DefaMod,0.07377581991010398,Visual,0.2576530612244898,9,0.826530612244898,0.004355583264090386
2914,744,0.0014909819639278557,0.001664095043484973,7.848932021389494e-05,0.002447471069857498,0.04777017275924828,0.011942034538457436,-0.012288366232606096,0.0005704730529990216,fc_mean,0.13879003904960463,CentExe,0.2594086021505376,2,0.41935483870967744,0.002447471069857498
2915,500,0.001002004008016032,0.0010424067665148241,0.00010052512291782568,0.0028928964037444912,0.08870134626311342,0.0020047037741474094,-0.014907756789666937,0.00017781992362561968,fc_mean,0.11723920748956132,Sensorimotor,0.212,0,0.614,0.0028928964037444912
2917,136,0.0002725450901803607,0.0010751719584351784,3.615138618557637e-05,0.00013575864541087233,0.010732963194455599,-0.00718722123722082,-0.009525993841777547,0.0,var_DorsSal,0.04435048902140783,Sensorimotor,0.27205882352941174,8,0.20588235294117646,0.0010751719584351784
2919,728,0.0014589178356713428,0.0014306624591563107,0.00010871138825752446,0.00043758145422200944,0.013204736391793799,0.07067455921534005,-0.015012839962380564,0.0009332389240447865,ac1_DorsSal,-0.2576402753864545,DefaultMode,0.23901098901098902,5,0.18956043956043955,0.0014306624591563107
2922,369,0.0007394789579158316,0.0013085621642229673,0.0001910565824629484,0.003151907524812506,0.012225566230360765,-0.0034052081023765446,-0.011685567669773578,0.0,var_Sens,-0.08707405365574003,Visual,0.2005420054200542,5,0.7073170731707317,0.003151907524812506
2923,187,0.000374749498997996,0.0012003155525360059,8.65017927939094e-05,0.0003654396763637879,0.0399005027063619,0.007024495176640944,-0.013612402108006183,0.0002802808888063881,fc_mean,0.14130611879944888,Sensorimotor,0.24598930481283424,1,0.32085561497326204,0.0012003155525360059
2924,1918,0.003843687374749499,0.0023702863432894686,0.00022145624940334891,0.0007791530333509685,0.012055245903740412,0.026305646831475182,-0.014736862905091686,0.0003171210412103831,netfc_Sens__VentSal,-0.17958655813864052,CentExe,0.22940563086548488,5,0.15328467153284672,0.0023702863432894686
2927,908,0.0018196392785571143,0.00288773703701969,0.00023522738488398855,0.0008115356248643999,0.015831357837071982,0.06170223861893498,-0.010334948854154868,0.0009768302189247617,var_Sens,-0.21525335917325183,CentExe,0.31277533039647576,9,0.21585903083700442,0.00288773703701969
2929,66,0.00013226452905811624,0.0009706465340290525,2.338536281097869e-05,0.0003444655714330593,0.10765740844113142,-0.04658110879195121,-0.016697033512684367,0.0,netfc_Subc__Subc,0.050161433325209885,Visual,0.25757575757575757,4,0.5,0.0009706465340290525
2931,4678,0.009374749498997996,0.006166627621200791,0.0009445913473323977,0.02150688564997485,0.012860693023133068,0.04897285402539886,-0.014554067136315352,0.0006298248420873613,ac1_CentExe,0.21701233910566756,CentExe,0.2834544677212484,9,0.4063702436938863,0.02150688564997485
2932,777,0.0015571142284569138,0.003034826355129978,0.00029631036277638997,0.00023507476490296442,0.013397348958942474,0.03539071925156845,-0.01315495494263308,0.0004741418157212259,netfc_Sens__Sens,-0.19182556209823676,Visual,0.28442728442728443,1,0.18275418275418276,0.003034826355129978
2933,93,0.00018637274549098196,0.0008509372228651055,1.033245105307748e-05,8.699900200701689e-05,0.5747906457748279,-0.028016176625788702,-0.014977469109500596,0.0,netfc_Subc__Subc,0.06518542666788141,CentExe,0.26881720430107525,2,0.22580645161290322,0.0008509372228651055
2934,2330,0.004669338677354709,0.004011047197370323,0.0006092989265449509,0.018450735669390327,0.011775701909010327,-0.01173893478362742,-0.020058338748865978,0.0,falff_DefaMod,-0.04532690832918634,DefaultMode,0.2995708154506438,9,0.6562231759656653,0.018450735669390327
2936,31981,0.06409018036072145,0.5328849499951223,0.0498432101145327,3.8610217329700336e-05,0.011174104906420554,0.02781098349733535,-0.0051870531975706236,0.000310762847149956,var_Sens,0.15590279131643034,CentExe,0.5813139051311716,9,0.10371783246302492,0.5328849499951223
2940,433,0.0008677354709418838,0.0013655465826244264,0.0001375962064926707,0.001856888522512069,0.027725063711904557,0.030440716853529337,-0.009823526483688338,0.0008439708142001477,netfc_Visu__DefaMod,0.19612568072336042,Sensorimotor,0.28868360277136257,3,0.48036951501154734,0.001856888522512069
2941,184,0.0003687374749498998,0.0011665039645931046,3.073132051625682e-05,0.00010330781933065782,0.01086232505232745,-0.002979111999108275,-0.0194069735405773,0.0,var_CentExe,0.09856092411144479,DefaultMode,0.266304347826087,0,0.23369565217391305,0.0011665039645931046
2942,70330,0.14094188376753508,0.0029351878215479106,0.00017121714088475873,0.023334299012324852,0.34309499657645637,0.034834363442321936,-0.013562980672718883,0.011951495805986482,netfc_Sens__DefaMod,0.1522400856606158,CentExe,0.2510024171761695,2,0.15357599886250534,0.023334299012324852
2943,424,0.0008496993987975952,0.0014355762716198868,8.36731018906908e-05,0.00012173636887794357,0.011439543791683045,0.027234519562431614,-0.009994274359185873,0.000311550479179885,var_Sens,0.16724376772299168,DefaultMode,0.2806603773584906,6,0.14622641509433962,0.0014355762716198868
2945,495,0.0009919839679358717,0.0013516550646961447,3.097598478172502e-05,0.0012840527217451193,0.013470496597832875,-0.01915969018677277,-0.012326376700942498,0.0,var_VentSal,-0.040813812320274145,CentExe,0.27070707070707073,6,0.36363636363636365,0.0013516550646961447
2946,233,0.00046693386773547093,0.002802245615268969,6.414585346108928e-05,0.0010248207176734466,0.013328415316094161,-0.0021815666339384254,-0.01458548571703644,0.0,fc_mean,0.09617043585694003,CentExe,0.27467811158798283,9,0.4334763948497854,0.002802245615268969
2948,180,0.00036072144288577156,0.0013543300073525352,5.2170709133522584e-05,9.42165946077479e-05,0.02000466038227602,-0.008731340389877884,-0.018171582109082873,0.0,ac1_VentSal,0.08312410127093177,CentExe,0.3055555555555556,0,0.16111111111111112,0.0013543300073525352
2949,53,0.0001062124248496994,0.001066447440113498,1.823114979825605e-05,0.00014028333338793878,0.010355679688453752,-0.019139978550592573,-0.01472590477867941,0.0,var_Sens,0.07476345306368654,CentExe,0.2641509433962264,5,0.41509433962264153,0.001066447440113498
2955,53,0.0001062124248496994,0.001330364279278892,0.00015769037061554803,0.00030956892598102897,0.019549256463776338,-0.013963826379741917,-0.016744963276058344,0.0,var_DorsSal,-0.04960872673037546,Visual,0.5660377358490566,5,0.4716981132075472,0.001330364279278892
2957,429,0.0008597194388777555,0.002388301984251067,0.00012151522572548684,0.0005131242968050174,0.011985614039593065,4.2599262425224715e-05,-0.018626879178442746,5.105783178000827e-07,fc_sd,0.0659045315166078,DefaultMode,0.28205128205128205,8,0.24242424242424243,0.002388301984251067
2958,6344,0.012713426853707415,0.7361041754874316,0.020796023223756413,3.529193328942012e-05,0.010014283718074161,-0.007419405367716347,-0.012293226555813996,0.0,netfc_Visu__CentExe,-0.07002572885718478,CentExe,0.5791298865069356,1,0.10939470365699874,0.7361041754874316
2960,91,0.00018236472945891785,0.0012676690504075804,1.9054464222925533e-05,0.0005722965073777503,0.01081384267734432,-0.012764628395306676,-0.01663641980582642,0.0,var_CentExe,0.04718120219974521,CentExe,0.3626373626373626,9,0.5384615384615384,0.0012676690504075804
2961,40588,0.08133867735470941,0.03471145194086323,0.005535054039991003,0.0010876573327547965,0.022128352403343658,0.3315320819380393,-0.018279194920242103,0.007336258742139138,ac1_DorsSal,0.42949121000466595,CentExe,0.22383463092539668,1,0.11491081107716566,0.03471145194086323
2963,68,0.00013627254509018035,0.0010415053871888607,2.3485181317820285e-05,0.000215905214861638,0.015767601849651293,-0.0038341761486497816,-0.008863081090699998,0.0,netfc_Visu__DefaMod,0.09537929688592797,CentExe,0.20588235294117646,4,0.4264705882352941,0.0010415053871888607
2964,749,0.0015010020040080161,0.0020595393596629205,2.875952291190939e-05,0.0005197551706909791,0.014409963502527942,0.020778616431949004,-0.013283437550776434,0.00029941910441741253,var_Sens,0.14581701924639623,CentExe,0.2643524699599466,5,0.20427236315086783,0.0020595393596629205
2966,85,0.00017034068136272546,0.0024079361746851143,0.00023728730984601024,0.00030682266753609324,0.01238165747954023,-0.01337166306479265,-0.014745573065732431,0.0,slope_Visu,-0.06434172189503971,Visual,0.5294117647058824,5,0.4588235294117647,0.0024079361746851143
2969,75,0.0001503006012024048,0.0010594495894139411,7.460791531844675e-05,0.00024226679991433845,0.059783901429474574,-0.012120710374360799,-0.010564514233573963,0.0,var_DefaMod,-0.046787435869037136,Visual,0.37333333333333335,4,0.4266666666666667,0.0010594495894139411
2970,56,0.00011222444889779559,0.0010704812038305935,1.7169332675144415e-05,0.0005534132299789277,0.05132181958515589,-0.023918046779294544,-0.014717171561298148,0.0,netfc_Subc__Subc,0.10203097818992937,Sensorimotor,0.25,4,0.75,0.0010704812038305935
2971,274,0.0005490981963927855,0.00152018797582756,5.170327667133967e-05,0.00027410177393955796,0.013532821814938934,0.006157964141366712,-0.015406012018282178,8.333463146789914e-05,var_Sens,0.1354593362602995,DefaultMode,0.24452554744525548,1,0.27007299270072993,0.00152018797582756
2975,100,0.0002004008016032064,0.0014156911696936501,5.244081247348543e-05,0.0003331999257311043,0.0141821627170856,-0.01252838242997445,-0.011860917625256873,0.0,var_Visu,-0.04437013085281264,DefaultMode,0.32,6,0.41,0.0014156911696936501
2976,394,0.0007895791583166332,0.003574389001652504,0.0002530793231235032,0.0014608535028743054,0.01615341746632717,0.011827223512034912,-0.00961098323972176,0.00019105007885746015,ac1_Visu,0.11098985632430788,CentExe,0.2512690355329949,8,0.4086294416243655,0.003574389001652504
2977,475,0.0009519038076152305,0.0024105452503649437,3.82288886392215e-05,0.0004303047376186438,0.012050305041373556,0.0262270741111289,-0.010594699939862284,0.00031604424338181446,ac1_Sens,-0.17728974864653738,CentExe,0.25263157894736843,8,0.19789473684210526,0.0024105452503649437
2979,100,0.0002004008016032064,0.0010519149937568354,3.623139721923403e-05,0.00023487435439005868,0.015723277115163532,0.014040620605055731,-0.02020189043847731,0.00022076456864216632,var_Sens,0.13322072771728363,Sensorimotor,0.29,2,0.32,0.0010519149937568354
2980,348,0.0006973947895791583,0.0015014500215950603,0.00014490936370149102,0.0012299828924492338,0.010993386134805282,0.020640492678427713,-0.013277134382674749,0.00022690890602657717,ac1_Sens,-0.1593327684648282,Sensorimotor,0.29022988505747127,5,0.39655172413793105,0.0015014500215950603
2981,312,0.000625250501002004,0.0010431625971904011,8.164144069755668e-05,0.0009312567369350616,0.048453197709988134,0.021633112961659706,-0.017882706037593676,0.0010481934994138048,fc_mean,0.14604718722185683,CentExe,0.27884615384615385,9,0.46153846153846156,0.0010431625971904011
2982,348,0.0006973947895791583,0.0036165306680057533,0.0004747166517010935,3.593596314118821e-05,0.018154920999602267,0.05247216441842817,-0.010058542263298165,0.0009526279996947045,fc_mean,0.2552160146279933,Visual,0.4339080459770115,0,0.15517241379310345,0.0036165306680057533
2983,70,0.00014028056112224449,0.007019881278204105,0.00015322114026164257,0.00014168320967371449,0.011872649414133431,-0.010207752215871224,-0.016492820794240526,0.0,falff_DefaMod,0.08936326881753305,CentExe,0.7,5,0.38571428571428573,0.007019881278204105
2987,29250,0.05861723446893788,0.0014385345698203252,2.9967575759945803e-05,0.2958133165079529,0.023536048713122506,0.048335464728994304,-0.018112448742901632,0.0011376258524330247,var_Sens,-0.17250588288292107,CentExe,0.2575726495726496,9,0.7441709401709402,0.2958133165079529
2988,203,0.00040681362725450903,0.0009464820947827756,4.833813497745305e-05,0.00010132223966741205,0.45672710047005194,-0.011015180491658949,-0.009673760989138636,0.0,var_Sens,-0.04684933690413677,CentExe,0.3399014778325123,0,0.2660098522167488,0.0009464820947827756
2989,878,0.0017595190380761522,0.0031507974610845138,3.7013458668944466e-05,0.0001436765868689597,0.02140183553516468,0.09595093069163829,-0.018050470361458126,0.002053526038108428,var_VentSal,0.26446229025066215,CentExe,0.31548974943052394,8,0.13325740318906606,0.0031507974610845138
2991,981,0.0019659318637274548,0.0019342016962560409,8.711156860934507e-05,0.015195179164252613,0.011332616334527831,0.004839289260363033,-0.014357621014675193,5.4841808519495216e-05,var_DefaMod,-0.06803636925770365,CentExe,0.2558613659531091,9,0.9673802242609582,0.015195179164252613
2993,25503,0.051108216432865734,0.003774077773290664,0.00045286429435785534,0.10588292642478538,0.02167110491645657,0.05234726127100919,-0.010861359290813777,0.001134422991093204,var_Visu,-0.1890375630955042,CentExe,0.2701642943967376,9,0.423087479904325,0.10588292642478538
2994,11143,0.02233066132264529,0.0018102625599079806,8.63790824323399e-05,0.006013541950777373,0.17993942683910538,0.1794235150807192,-0.012566784434810518,0.03228536446508219,fc_mean,0.37395086291437013,CentExe,0.2459840258458225,0,0.19868976038768735,0.006013541950777373
2995,67,0.0001342685370741483,0.0009544178653243117,4.87031585262053e-05,0.00020804987025943992,0.013584218204735724,-0.007863953396511691,-0.01611987713480234,0.0,falff_Subc,0.11068534582186282,DefaultMode,0.40298507462686567,2,0.44776119402985076,0.0009544178653243117
2996,95974,0.19233266533066132,0.003931905375702641,0.0008038345460732069,0.008506557558169283,0.23494888382371146,0.00891740940790764,-0.00980614812511238,0.0020951353869869634,netfc_Visu__CentExe,0.09282092571316608,CentExe,0.24700439702419405,2,0.12399191447683748,0.008506557558169283
2997,422,0.000845691382765531,0.001521056249762353,0.00016843674050920108,0.002164127329630047,0.014031629710981089,0.0019130521521083521,-0.01340920342862617,2.6843239416179865e-05,netfc_VentSal__DorsSal,0.14338653949857239,Sensorimotor,0.26540284360189575,5,0.4549763033175355,0.002164127329630047
2998,76,0.00015230460921843687,0.0011180388138686994,5.4653630894009046e-05,0.0002659477298967645,0.040104540747382025,-0.02901743384579425,-0.01799402067728395,0.0,falff_DorsSal,0.07867394784723933,Sensorimotor,0.19736842105263158,2,0.42105263157894735,0.0011180388138686994
2999,50,0.0001002004008016032,0.0008546692172281106,3.3225845520900935e-05,0.0004316537847971648,0.12240073138111703,-0.021734234720185652,-0.01010215061313402,0.0,netfc_DefaMod__Subc,0.08954840968247665,Sensorimotor,0.42,0,0.72,0.0008546692172281106
3003,495,0.0009919839679358717,0.0020496439573669295,0.0003351636555395676,0.001237426027887434,0.013617807206413314,0.01388145565223986,-0.014618045025486914,0.00018903498681657882,ac1_Sens,0.1423961582306975,Visual,0.3393939393939394,0,0.36767676767676766,0.0020496439573669295
3004,100,0.0002004008016032064,0.00761721869120375,9.009423093745187e-05,0.00026325131008453237,0.10221870199849557,-0.01602117044706275,-0.013063030696710998,0.0,falff_VentSal,0.036026077482734925,CentExe,0.55,3,0.31,0.00761721869120375
3005,240,0.0004809619238476954,0.0019693301669634956,0.00011148678223939657,0.002804128658120486,0.012271078623862251,-0.013052717238802858,-0.017023536703496545,0.0,var_Visu,0.03176438030824053,CentExe,0.325,0,0.8291666666666667,0.002804128658120486
3006,8239,0.016511022044088178,0.7503143910794254,0.02085425871343146,2.3755280357862243e-05,0.00987643558090096,-8.968087733696173e-05,-0.013785957541073035,0.0,ac1_VentSal,-0.08334713459062712,CentExe,0.6525063721325404,1,0.10377472994295424,0.7503143910794254
3007,944,0.0018917835671342685,0.005899596658970355,0.00045016202169278303,0.0002914721579160185,0.014059460345532362,-0.0007056051304037414,-0.012125766256505077,0.0,netfc_Sens__DefaMod,-0.09623520308261821,Visual,0.2605932203389831,1,0.1408898305084746,0.005899596658970355
3008,3828,0.007671342685370741,0.002357301054686604,0.00010900433088705493,0.0009114329835684524,0.040334050267081915,0.06353703728057913,-0.020015320721533003,0.0025627060554963364,fc_mean,0.2561719799144278,DefaultMode,0.27063740856844304,9,0.16065830721003135,0.002357301054686604
3009,394,0.0007895791583166332,0.2630045506380049,0.0018515832011148897,0.0009952242130168395,0.009921210167652027,-0.01569882170075232,-0.02046052473717852,0.0,var_Subc,0.04429578780310781,CentExe,0.9796954314720813,6,0.2893401015228426,0.2630045506380049
3010,123,0.0002464929859719439,0.001255436142156298,6.368956959602563e-05,0.0007499527509855286,0.07567653871956015,-0.0017203182039822185,-0.014212941886939445,0.0,var_Sens,-0.09022370602588803,DefaultMode,0.21138211382113822,1,0.4959349593495935,0.001255436142156298
3012,91,0.00018236472945891785,0.003429533129738237,9.048861770895138e-05,0.00021856908325356743,0.010186264200410869,-0.01125355996178179,-0.016075096137729172,0.0,slope_DorsSal,0.05595779509851937,Sensorimotor,0.3516483516483517,7,0.32967032967032966,0.003429533129738237
3013,67,0.0001342685370741483,0.012234497333593143,0.00018602815650128155,0.00023012316381083457,0.010465679805549105,-0.014422526796041168,-0.022065380573097038,0.0,netfc_Sens__CentExe,-0.029625417915196926,CentExe,0.7761194029850746,5,0.4925373134328358,0.012234497333593143
3018,4646,0.00931062124248497,0.004607264216552226,0.00021480283149645754,0.005824803800683775,0.012176539392709474,0.017234695567252545,-0.012622068490679483,0.00020985894949600599,netfc_VentSal__DefaMod,-0.14658462134727485,CentExe,0.24601808006887646,5,0.25591907016788634,0.005824803800683775
3019,244,0.0004889779559118237,0.0010807979241972512,1.7624284395513052e-05,0.00020671251439696557,0.14000355398007874,-0.014502685679018468,-0.01820823779181424,0.0,netfc_VentSal__CentExe,0.0629188373203002,CentExe,0.3401639344262295,0,0.20081967213114754,0.0010807979241972512
3020,155391,0.3114048096192385,0.00514893445915599,0.0007012606595217917,0.015201755776959232,0.2804011346446118,0.05409778805490939,-0.012780719711576127,0.01516908115236032,var_Sens,-0.14865668383106528,CentExe,0.2586764999259931,0,0.12138412134550908,0.015201755776959232
3023,103,0.00020641282565130262,0.0015627914690454785,6.910254778941876e-05,0.0015126467986951201,0.012368228931613412,-0.011723649476534037,-0.011554923809752315,0.0,netfc_Visu__Visu,-0.06692221326506902,CentExe,0.49514563106796117,0,0.941747572815534,0.0015627914690454785
3025,184,0.0003687374749498998,0.0012295285008769327,5.38347391026282e-05,0.0003637066000662297,0.0222032009929634,0.005385006082130772,-0.01394023103700448,0.0001195643723898799,netfc_Sens__DefaMod,0.15810046018546484,Visual,0.2717391304347826,6,0.30434782608695654,0.0012295285008769327
3030,592,0.0011863727454909819,0.001122337527473648,7.22756452612367e-05,0.0020090902955727614,0.04841617970006004,0.007000531761828133,-0.02210297189051924,0.00033893900377664877,slope_Sens,-0.13520735384491564,CentExe,0.26013513513513514,0,0.4797297297297297,0.0020090902955727614
3033,1967,0.00394188376753507,0.007627901542237828,0.00041782624531778014,0.00046616173314600233,0.011476728715768022,0.009040073376721192,-0.016762518610912602,0.00010375046971526609,ac1_Sens,-0.13378498968697494,DefaultMode,0.32435180477885106,3,0.13421453990849008,0.007627901542237828
3036,4907,0.009833667334669338,0.4545557735657405,0.008670618126373743,6.187003262435287e-05,0.010887708301512249,0.013612524948898086,-0.011280922343397837,0.00014820920089066028,ac1_CentExe,0.06222577871780161,DefaultMode,0.5316894232728755,7,0.11269614835948645,0.4545557735657405
3037,334,0.0006693386773547094,0.0008657290874672959,3.077146232849048e-05,0.000828458613817764,0.1398249047373287,-0.009506518650206353,-0.017850062272275702,0.0,netfc_CentExe__Subc,0.08673799765854719,Sensorimotor,0.2245508982035928,0,0.3772455089820359,0.0008657290874672959
3038,151,0.0003026052104208417,0.0014183380301702642,0.00010536227525045088,0.0007414685596676739,0.012079725523766939,-0.012152941222755675,-0.013186543057039701,0.0,var_CentExe,-0.044024652122511776,Visual,0.3443708609271523,2,0.46357615894039733,0.0014183380301702642
3039,449,0.0008997995991983968,0.002323307002736448,9.955530483412759e-05,8.624021294757144e-05,0.01195065980570599,0.015072816925773669,-0.020087270623331044,0.00018013010739360833,ac1_Visu,-0.14710674864907428,CentExe,0.2828507795100223,5,0.14253897550111358,0.002323307002736448
3041,261,0.0005230460921843687,0.0010969921270276735,0.0001110122492319478,0.002340040702137401,0.026762186664309528,-0.003968643701515395,-0.01434009481825882,0.0,ac1_VentSal,0.12559114280426423,Sensorimotor,0.2796934865900383,4,0.7126436781609196,0.002340040702137401
3042,113,0.00022645290581162325,0.0008198044871786361,1.4856592862162942e-05,0.00017466705425243538,0.3656622078949427,-0.015920673681789177,-0.014391540708027728,0.0,netfc_DorsSal__DefaMod,0.0444649234106677,CentExe,0.25663716814159293,4,0.23008849557522124,0.0008198044871786361
3044,185,0.00037074148296593185,0.0010428545426926755,1.3098453368303505e-05,9.79117189923766e-05,0.011142163385546876,0.006965858325449603,-0.013445148329272127,7.761473158273144e-05,ac1_DorsSal,-0.13029338173588675,DefaultMode,0.22162162162162163,1,0.1783783783783784,0.0010428545426926755
3045,304,0.0006092184368737475,0.0013947765892341215,2.12972995539612e-05,0.0006555703180292151,0.011157917224540183,-0.003124694555613816,-0.009587707130008782,0.0,var_Visu,0.075487738194621,DefaultMode,0.2565789473684211,6,0.33881578947368424,0.0013947765892341215
3046,222,0.00044488977955911823,0.015164236900271027,0.0005593813862299669,0.0025682934073365787,0.01071261197614138,-0.012136806069064976,-0.01491926381073827,0.0,slope_DefaMod,-0.06868400587180495,DefaultMode,0.6756756756756757,0,0.8423423423423423,0.015164236900271027
3049,50,0.0001002004008016032,0.0008855188061147938,3.0109163755556867e-05,0.00019380825086689086,0.027281065262186037,-0.019342839125932265,-0.013924099450670191,0.0,netfc_VentSal__DefaMod,0.12853248457503008,Sensorimotor,0.3,5,0.42,0.0008855188061147938
3051,161,0.0003226452905811623,0.001833997519256588,4.1083799807324265e-05,0.0003535234017714079,0.03448005123067092,0.011619094406523645,-0.017511458799512436,0.00040062697039093716,falff_Sens,0.1548479914862877,DefaultMode,0.36024844720496896,4,0.2608695652173913,0.001833997519256588
3053,30223,0.060567134268537076,0.8748332156963424,0.04746034367839001,0.0001585894746958825,0.01042179345275184,0.0031822247031029205,-0.017742248733664256,3.316448857598318e-05,netfc_Sens__Sens,-0.09686806177931837,CentExe,0.5820401680839096,6,0.103927472454753,0.8748332156963424
3054,56,0.00011222444889779559,0.0007560249517035597,7.039696733517558e-06,0.00016059861823968888,0.32550396703482737,-0.01136997764387826,-0.012435575131175991,0.0,netfc_CentExe__DefaMod,0.03481934380709923,DefaultMode,0.26785714285714285,4,0.39285714285714285,0.0007560249517035597
3055,967,0.001937875751503006,0.004062609639000722,0.0006127494057102615,0.0010024247354739647,0.016878497304922163,0.010792361303498033,-0.01793317983615572,0.0001821588411748378,fc_mean,0.1570716530377527,CentExe,0.35470527404343327,0,0.2647362978283351,0.004062609639000722
3057,4761,0.009541082164328658,0.12787587904269931,0.010670952958548476,0.00024564684258433957,0.011664815410868615,0.03800760182731311,-0.016954973411546392,0.0004433516595254001,ac1_DefaMod,-0.2030948054097661,CentExe,0.3083385843310229,4,0.1260239445494644,0.12787587904269931
3058,841,0.001685370741482966,0.5551792641656484,0.003866359076772312,0.00021142969816692684,0.009765562535831393,-0.018534976468523423,-0.01419971203397652,0.0,var_Visu,0.07344686380299979,CentExe,0.9738406658739596,3,0.1367419738406659,0.5551792641656484
3059,280,0.0005611222444889779,0.000889846886284088,1.589071944970389e-05,0.00020092882444242845,0.0699721214999008,0.00920081456751598,-0.010435891489432247,0.0006438005148162854,netfc_Visu__DefaMod,0.1099777325824143,CentExe,0.3,4,0.17857142857142858,0.000889846886284088
3060,73,0.0001462925851703407,0.001786338573300001,5.2577557014768973e-05,0.00010860314704105596,0.013674797783870388,-0.022645138152625366,-0.013709375743724772,0.0,var_Sens,0.07400310542276267,CentExe,0.3150684931506849,4,0.273972602739726,0.001786338573300001
3061,8666,0.01736673346693387,0.010974209893881787,0.0012522393412428598,0.00044501971621205624,0.011768051614087787,0.03354961891272645,-0.005569802803617296,0.00039481364699794067,fc_sd,-0.20784466661139678,CentExe,0.30152319409185324,7,0.13131779367643664,0.010974209893881787
3062,84,0.0001683366733466934,0.001347099300754733,8.072484660668621e-05,0.0002983375164885973,0.010346269721883758,-0.01445389390985019,-0.018270697119416424,0.0,netfc_CentExe__DefaMod,-0.024440482654702608,Visual,0.35714285714285715,6,0.40476190476190477,0.001347099300754733
3063,760,0.0015230460921843688,0.0016024171966377428,9.516530793206634e-05,0.0005540534673246419,0.014058475542476084,0.05630132789470099,-0.01172819527530189,0.0007915108412165804,var_Visu,0.2187688364394513,Sensorimotor,0.2394736842105263,6,0.22236842105263158,0.0016024171966377428
3064,170,0.0003406813627254509,0.0017271720033787239,0.00014515038425071076,0.00027892307149465957,0.01827144764207878,0.004323816787762724,-0.013754004978512757,7.900239205154787e-05,netfc_Sens__VentSal,0.11383373697137235,CentExe,0.38235294117647056,4,0.27647058823529413,0.0017271720033787239
3065,134,0.0002685370741482966,0.0016868701623967107,5.071804074806241e-05,0.0008681255487392315,0.013801646955048735,-0.003629621213707912,-0.012991358601730063,0.0,falff_Visu,0.07182652918459868,CentExe,0.3283582089552239,4,0.6119402985074627,0.0016868701623967107
3066,104,0.00020841683366733466,0.0008440106649166978,2.1196518592370562e-05,0.0002508898568385024,0.40172195429705815,-0.011892583123786382,-0.014143335319672046,0.0,netfc_DefaMod__Subc,0.06401352188611624,CentExe,0.2403846153846154,2,0.3557692307692308,0.0008440106649166978
3068,129,0.00025851703406813627,0.0012136897869880758,4.845854004582705e-05,3.072553220693822e-05,0.01051186456857637,-0.011517601144331424,-0.008916665327145523,0.0,slope_CentExe,0.06548623993114579,CentExe,0.2558139534883721,6,0.17829457364341086,0.0012136897869880758
3069,56,0.00011222444889779559,0.0008486344311199584,6.546249305240637e-06,2.2022959881965172e-05,0.010202949857695017,-0.016462072849727782,-0.009742866353207535,0.0,ac1_Subc,0.06312388465905086,CentExe,0.32142857142857145,2,0.21428571428571427,0.0008486344311199584
3070,287,0.0005751503006012024,0.0028550517493879345,6.786218394133036e-05,4.825671139751554e-05,0.017492345483683665,-0.002720015559358302,-0.019107903122107528,0.0,var_Sens,0.1011499775884497,DefaultMode,0.30313588850174217,1,0.13588850174216027,0.0028550517493879345
3072,73,0.0001462925851703407,0.0018721491844857193,0.00010060789777095275,0.00012627548256673117,0.010183360206218779,-0.021079699166340005,-0.011825778516528995,0.0,var_Subc,-0.028116404283742964,CentExe,0.3698630136986301,6,0.273972602739726,0.0018721491844857193
3073,365,0.0007314629258517034,0.12542849205876633,0.002927466240480461,6.620702022203094e-05,0.010360697740732129,0.009225385500289285,-0.01232156136757867,9.558143071023013e-05,var_Sens,-0.1214996952363327,Sensorimotor,0.9397260273972603,5,0.14520547945205478,0.12542849205876633
3074,55,0.00011022044088176352,0.0009146351083967314,2.113328662416749e-05,0.00019980755154562613,0.022300947491234974,-0.014878498954258967,-0.0117417717729138,0.0,ac1_CentExe,0.0629589948807529,CentExe,0.23636363636363636,1,0.43636363636363634,0.0009146351083967314
3077,7103,0.014234468937875751,0.7650067215966192,0.011471931336123906,7.354103440280399e-05,0.009951079684382573,-0.001064913972758541,-0.013591058673358969,0.0,var_CentExe,-0.07606096828872645,CentExe,0.47515134450232294,5,0.10840489933830776,0.7650067215966192
3079,62,0.00012424849699398796,0.0009204313225663507,4.951032580348269e-06,0.0002539524140455698,0.22429597869541323,-0.014125999852670157,-0.014316043192542871,0.0,netfc_VentSal__VentSal,0.029269641899429998,DefaultMode,0.27419354838709675,1,0.45161290322580644,0.0009204313225663507
3081,457,0.0009158316633266534,0.002030500130529136,0.00015048399941514228,6.411986289419041e-05,0.010591266554731926,-0.0013559209333962041,-0.015795779247745,0.0,ac1_Sens,-0.11430933014399836,CentExe,0.3238512035010941,7,0.1422319474835886,0.002030500130529136
3082,553,0.0011082164328657315,0.0013596441764125017,9.383277127530562e-05,0.0002684143234781573,0.056827001154445195,0.05927326454888848,-0.016943218872430776,0.003368321872947421,netfc_DefaMod__DefaMod,0.27332472216297865,Sensorimotor,0.2549728752260398,0,0.18806509945750452,0.0013596441764125017
3083,2601,0.005212424849699399,0.015210839999165893,0.001455623698780094,0.0001235200156237464,0.013379625249575918,0.03153773601833709,-0.02002454626684602,0.00042196308914540284,netfc_VentSal__DefaMod,-0.15191216334734048,Visual,0.3087274125336409,6,0.12072279892349097,0.015210839999165893
3086,204,0.0004088176352705411,0.001821757237860684,0.00029924372449689486,2.7967360920829683e-05,0.014307677453017857,0.04205672646355729,-0.02112488513011579,0.0006017340769703781,var_Visu,0.2051448244817966,Visual,0.4166666666666667,0,0.13725490196078433,0.001821757237860684
3087,182,0.0003647294589178357,0.0009991826085892412,3.9532583781858365e-05,0.0012875548196871547,0.05480641011425096,-0.010211839915539977,-0.016619085291778024,0.0,netfc_Sens__DefaMod,0.09300320449789244,CentExe,0.23626373626373626,5,0.6428571428571429,0.0012875548196871547
3088,2144,0.004296593186372746,0.40812462681574124,0.00801821715246037,8.754503618828863e-05,0.00991769815624972,-0.005049811783723879,-0.01652715741897004,0.0,falff_CentExe,0.0618855866877839,DefaultMode,0.7938432835820896,5,0.1226679104477612,0.40812462681574124
3089,608,0.001218436873747495,0.0015654188622369488,3.600865759115717e-05,0.0004944646832149653,0.013163803394241402,0.037936147382540364,-0.016681370146337526,0.000499383985678727,var_Sens,0.1972830135602237,DefaultMode,0.27631578947368424,5,0.20394736842105263,0.0015654188622369488
3090,29033,0.05818236472945892,0.002013177391652567,0.00023521775323068645,0.13044875222676466,0.01921701134777283,0.15670255846440007,-0.014078646504734893,0.0030113548442354116,slope_Sens,0.32561530762772206,CentExe,0.2524368821685668,4,0.4156304894430476,0.13044875222676466
3091,101,0.00020240480961923848,0.001624589303578936,2.7301918700871516e-05,0.00026449409891882056,0.010791681052268085,-0.018140527467886303,-0.01866274408933144,0.0,falff_Subc,-0.022937009183765063,CentExe,0.36633663366336633,9,0.43564356435643564,0.001624589303578936
3092,74,0.00014829659318637273,0.0008182126377859952,1.6079098294002566e-05,0.0001555595770538696,0.3955102282229133,-0.06336273122925129,-0.009245972743120223,0.0,var_DefaMod,-0.20031531344193326,DefaultMode,0.28378378378378377,9,0.36486486486486486,0.0008182126377859952
3093,309,0.0006192384769539078,0.0009448656764791159,3.186675994497376e-05,0.0011973230805318441,0.06376761148235062,0.0009812431156512869,-0.007642802967239515,6.25715297685825e-05,netfc_VentSal__CentExe,0.14306894758722258,CentExe,0.284789644012945,3,0.4401294498381877,0.0011973230805318441
3094,477,0.0009559118236472946,0.0012309417849678717,9.266215058328927e-05,0.00044935021891962684,0.012391382365932185,-0.010836471075561072,-0.01726578917392385,0.0,ac1_DorsSal,0.058445625431332686,Sensorimotor,0.2431865828092243,5,0.2578616352201258,0.0012309417849678717
3096,27084,0.054276553106212426,0.005284394676644696,0.0006210564091019267,0.212428492994464,0.018383639160403878,0.13760001814568001,-0.018240418316843643,0.0025295890820552073,fc_sd,-0.33662897758684207,CentExe,0.24010485895731798,9,0.6090680844779205,0.212428492994464
3098,493,0.0009879759519038076,0.0012855208775594614,6.198764800051357e-05,0.0005429306611999208,0.012819894513132476,0.061367753175129214,-0.016461107030380173,0.000786728122213107,slope_DefaMod,-0.21149514591451304,CentExe,0.33468559837728196,6,0.24746450304259635,0.0012855208775594614
3099,59,0.00011823647294589178,0.001149036497699821,0.00016326893801960142,0.0001272191290752736,0.020931014734749908,-0.007431166245379872,-0.01653598348844887,0.0,netfc_DefaMod__DefaMod,0.1006584938442673,Visual,0.5423728813559322,9,0.3559322033898305,0.001149036497699821
3101,359,0.000719438877755511,0.001442595554758742,4.128916701907833e-05,0.0015929839966659588,0.01578108461238786,-0.007863622154470118,-0.01718867040298111,0.0,netfc_CentExe__DefaMod,0.04589291343964986,CentExe,0.33147632311977715,9,0.4596100278551532,0.0015929839966659588
3103,490,0.0009819639278557115,0.0018300925298514938,0.00016131460008498877,0.004289799162878585,0.016493873182686598,-0.007548703113729571,-0.012763212181453154,0.0,ac1_Sens,0.12576573725283602,Visual,0.27755102040816326,9,0.7081632653061225,0.004289799162878585
3104,1076,0.002156312625250501,0.0020496019382883605,0.0001948509550281326,0.003244762841055961,0.012270240224281595,0.00023152081562216598,-0.015114343708439337,2.8408160246055837e-06,netfc_Visu__CentExe,-0.10589263395332722,DefaultMode,0.33643122676579923,5,0.3745353159851301,0.003244762841055961
3105,307,0.0006152304609218437,0.001565132949704312,0.00015988173802314887,0.0014361926146335003,0.016363556806965645,0.009077984860967558,-0.014957723795216094,0.00014854812096521677,slope_Visu,-0.1470464883691152,Visual,0.3127035830618892,0,0.5342019543973942,0.001565132949704312
3106,54,0.00010821643286573147,0.0012166592884502627,4.6952159450887126e-05,6.99822352272794e-05,0.012230202215938865,-0.009456786218521307,-0.021763929042437624,0.0,netfc_CentExe__Subc,0.050358472699248584,DefaultMode,0.3148148148148148,2,0.24074074074074073,0.0012166592884502627
3107,25757,0.05161723446893787,0.7184480734238583,0.09414912011375866,0.00013613330225821572,0.010098387071071205,-0.0062919671125936105,-0.008904338456351857,0.0,netfc_VentSal__DefaMod,-0.06835263350844166,Visual,0.5892378770819583,5,0.10482587257832822,0.7184480734238583
3108,66,0.00013226452905811624,0.0009613878734075602,5.694004974389094e-05,0.0002015478639116214,0.030258889779262634,-0.009078546770721063,-0.016365534823715056,0.0,netfc_Visu__DefaMod,0.07312541486415751,Visual,0.3484848484848485,0,0.42424242424242425,0.0009613878734075602
3109,279,0.0005591182364729459,0.0013175356417619531,7.738303565025354e-05,0.0011674659223877618,0.01628532901319921,-0.01288948925314548,-0.01728235408801515,0.0,netfc_DefaMod__DefaMod,0.051563555043608794,Visual,0.24731182795698925,0,0.48028673835125446,0.0013175356417619531
3110,310,0.0006212424849699399,0.0015217503925749843,4.149688252602949e-05,0.0014841414132784048,0.015286890897407283,0.010628200967448098,-0.018154649404280576,0.00016247214862509762,var_Visu,-0.11365175410690583,DefaultMode,0.33225806451612905,9,0.5516129032258065,0.0015217503925749843
3112,100,0.0002004008016032064,0.0008472340091683816,9.668199295147603e-06,7.887095480665091e-05,0.616076108602713,-0.026073891248924452,-0.01114035236764721,0.0,netfc_VentSal__DorsSal,0.07372337100645841,DefaultMode,0.24,9,0.21,0.0008472340091683816
3113,67,0.0001342685370741483,0.0009010256437613015,5.1084932915633655e-05,0.00011808210067292303,0.059457052499825795,-0.013352544073934158,-0.008667286586658829,0.0,netfc_DefaMod__DefaMod,0.06782681353857137,Visual,0.373134328358209,5,0.31343283582089554,0.0009010256437613015
3116,80,0.00016032064128256512,0.000985100445544733,2.4229061346945994e-05,0.00025542366941304595,0.053908453858869596,-0.004623695671015948,-0.011928296107306169,0.0,netfc_DorsSal__CentExe,0.057786795159959145,CentExe,0.325,3,0.3875,0.000985100445544733
3117,54,0.00010821643286573147,0.0009641739207076991,3.675531679734837e-05,8.507295607926739e-05,0.08337134193207058,-0.004550497939889597,-0.01141833231219258,0.0,netfc_Sens__Subc,0.08130638464745232,DefaultMode,0.37037037037037035,4,0.25925925925925924,0.0009641739207076991
3118,74,0.00014829659318637273,0.001038319049881875,1.2844974099690352e-05,0.0003497752674893173,0.017614874620033208,-0.01006940998010708,-0.012156907170092213,0.0,netfc_Sens__CentExe,0.02360774479836752,CentExe,0.25675675675675674,8,0.4864864864864865,0.001038319049881875
3121,182,0.0003647294589178357,0.001424197906996789,1.827973349669173e-05,0.0001882136031847645,0.011336208367682715,-0.013578196039264023,-0.01673890192663574,0.0,slope_CentExe,-0.051717284021861806,CentExe,0.27472527472527475,2,0.22527472527472528,0.001424197906996789
3123,846,0.0016953907815631262,0.0026353770516636533,0.00017553186792871619,0.0021064881156704187,0.0159393264377722,-0.0038907328904438376,-0.013083822229455144,0.0,falff_DefaMod,-0.08014172486176165,CentExe,0.24822695035460993,4,0.3486997635933806,0.0026353770516636533
3126,274,0.0005490981963927855,0.0029536669594839317,0.00020084504351797964,0.0017381443367089238,0.01762075904769346,-0.005545835923357334,-0.01482930173628949,0.0,ac1_Sens,0.10271165776097294,Visual,0.3613138686131387,5,0.6240875912408759,0.0029536669594839317
3127,164,0.0003286573146292585,0.004981972173714192,0.0004628492608740315,2.2857382382668093e-05,0.013247087612541482,-0.04300590527509085,-0.019487891617913533,0.0,fc_sd,0.08027536463407209,CentExe,0.49390243902439024,0,0.14634146341463414,0.004981972173714192
3129,206,0.00041282565130260524,0.0010553774432644802,1.914766650025708e-05,0.0003409319379126393,0.1837791974356164,-0.015939262655048747,-0.014986534597845047,0.0,netfc_DorsSal__CentExe,0.08722947422555874,DefaultMode,0.2766990291262136,4,0.28640776699029125,0.0010553774432644802
3130,167,0.0003346693386773547,0.0014124120855159865,3.4153585205549265e-05,0.0003429784293651619,0.020291129675562736,0.0013807646704548926,-0.007782432376408854,2.8017274979635873e-05,netfc_CentExe__Subc,0.057718492205689385,DefaultMode,0.20958083832335328,4,0.281437125748503,0.0014124120855159865
3131,59,0.00011823647294589178,0.001460609414140704,0.00018115782374419142,0.00016272958029154452,0.03748387830714893,-0.01166252319541683,-0.016089426560249143,0.0,netfc_DorsSal__DorsSal,0.054297229378293406,Sensorimotor,0.6271186440677966,6,0.4406779661016949,0.001460609414140704
3136,341,0.0006833667334669339,0.0012411459967096206,3.3335854047449635e-05,0.0014012753760578257,0.011595649050757018,-0.011902463954887699,-0.012462345294570243,0.0,netfc_DorsSal__DefaMod,-0.06287970790481005,CentExe,0.3255131964809384,4,0.4281524926686217,0.0014012753760578257
3137,166,0.00033266533066132265,0.0011568866675229716,5.505431583075561e-05,0.00012111204449651432,0.01073019137249874,-0.009315899428820495,-0.00932890420130672,0.0,netfc_Visu__Visu,-0.06488240115888919,DefaultMode,0.27710843373493976,1,0.19879518072289157,0.0011568866675229716
3138,104,0.00020841683366733466,0.001052823417464662,4.915769727906221e-06,0.0004610571549288133,0.06315797255616634,-0.006788283285318553,-0.018345836398474313,0.0,netfc_DefaMod__Subc,0.09483864222187176,CentExe,0.2692307692307692,2,0.4423076923076923,0.001052823417464662
3139,476,0.0009539078156312625,0.0010629898397033865,6.329902568702825e-05,0.00013725446182308594,0.014558584025402149,0.00849664751176582,-0.01284255165605841,0.0001236991567342668,ac1_Visu,0.1630944462569496,CentExe,0.22899159663865545,1,0.17016806722689076,0.0010629898397033865
3140,71,0.00014228456913827655,0.0010142198556691397,2.7204165921405168e-05,8.432562903894152e-05,0.021919203438761657,-0.012429064886530616,-0.008059676889524914,0.0,falff_Sens,0.06548902516545507,Visual,0.2676056338028169,1,0.2535211267605634,0.0010142198556691397
3141,851,0.0017054108216432865,0.002309748362434526,0.0001050639173396278,0.0060101158612198835,0.013810781873328553,0.0012521631737459904,-0.013641101819587886,1.7293352462420675e-05,netfc_Visu__DefaMod,-0.09202723878013333,DefaultMode,0.27379553466509987,6,0.4900117508813161,0.0060101158612198835
3142,78,0.000156312625250501,0.0008448587120891544,9.096365756630184e-06,0.0003545251466877551,0.25346533973781543,-0.01711446748506784,-0.015139593545472119,0.0,netfc_DefaMod__DefaMod,0.045961643564224004,DefaultMode,0.3333333333333333,1,0.48717948717948717,0.0008448587120891544
3143,245,0.0004909819639278558,0.0012805959636548896,1.8551740353131505e-05,0.00013731357650102814,0.0145316822760849,0.026291262712411,-0.014750564215241457,0.00038205627637383476,var_Sens,0.15673172979595767,CentExe,0.3224489795918367,5,0.22040816326530613,0.0012805959636548896
3144,89,0.0001783567134268537,0.0009494711327974345,7.889078538711166e-06,0.0003323456277408811,0.025721868712422456,-0.005676406169321746,-0.019467593548383233,0.0,var_Sens,-0.06499028353298295,CentExe,0.30337078651685395,0,0.48314606741573035,0.0009494711327974345
3145,1171,0.002346693386773547,0.001626199333911251,5.8006855740844776e-05,0.007338072977040006,0.01235071731789836,0.034849462954038346,-0.01775351339517206,0.0004304158656258987,fc_mean,-0.16439470306275034,CentExe,0.22715627668659266,4,0.5576430401366353,0.007338072977040006
3147,262,0.0005250501002004008,0.0017620975496016337,0.00014935018079377134,0.0004072086817834247,0.013782820907879316,0.009449529091474673,-0.015792803108501507,0.00013024116713159097,fc_sd,0.1548558077205429,Visual,0.3053435114503817,6,0.2366412213740458,0.0017620975496016337
3149,357,0.0007154308617234469,0.0016965491216893583,0.00010601897558047159,0.00021823695589693313,0.011316069964060687,0.016330723840816685,-0.01039384740327276,0.00018479961354643548,slope_CentExe,-0.13541839261979408,DefaultMode,0.25210084033613445,1,0.20168067226890757,0.0016965491216893583
3150,577,0.001156312625250501,0.0034008846201367504,0.00022095127718604567,0.0003316884725043685,0.012678873822282105,-0.0013595893420539351,-0.013526173537680375,0.0,netfc_Visu__Visu,-0.09344037762027073,CentExe,0.36221837088388215,3,0.18024263431542462,0.0034008846201367504
3151,576,0.001154308617234469,0.006444441327632867,0.00023740624103018307,0.0014401831224809401,0.010894075674140096,-0.0023568273020784236,-0.014719306886698647,0.0,slope_DefaMod,-0.07200474597228994,CentExe,0.4027777777777778,4,0.3680555555555556,0.006444441327632867
3153,877,0.0017575150300601203,0.0017613985609731032,0.00014794651089266496,0.0007599614715625154,0.011664105357352387,0.06335502379891333,-0.015160706715953598,0.000738979672508093,ac1_Sens,-0.2571674043496758,Sensorimotor,0.24629418472063855,6,0.23261117445838084,0.0017613985609731032
3155,5701,0.011424849699398798,0.5300811950510869,0.043814266971772514,5.558792460799994e-05,0.0116228947267837,0.08977501321277692,-0.008692234383993913,0.0010434455276677218,var_Visu,-0.2948834187190596,Visual,0.9600070163129275,4,0.10892825820031574,0.5300811950510869
3156,432,0.0008657314629258517,0.0027868444339173046,0.00032026643690037464,0.0006245394605576346,0.012276186640567243,-0.006722258025498418,-0.014326323817130282,0.0,ac1_DorsSal,-0.07100030943421139,Visual,0.3287037037037037,4,0.27314814814814814,0.0027868444339173046
3157,42119,0.08440681362725451,0.003116538567158337,0.0002674490587413509,0.18798652095712357,0.023073380296145987,0.3194102933244819,-0.01676354692972848,0.007369875168379311,ac1_Sens,-0.5139636160821442,CentExe,0.26054749637930624,8,0.4082480590707282,0.18798652095712357
3158,168,0.0003366733466933868,0.0012244714280126403,5.9068778286656284e-05,0.0001735581518732712,0.010714382748428107,-0.006195198909848765,-0.01825668371027689,0.0,netfc_VentSal__DefaMod,-0.04821847203096211,CentExe,0.27976190476190477,6,0.25595238095238093,0.0012244714280126403
3159,10454,0.020949899799599197,0.8491539003288384,0.22255224430983955,1.7824195514876083e-05,0.009884201905597008,-0.013922773506196195,-0.010463708584057985,0.0,netfc_CentExe__DefaMod,-0.08579116070552883,Subcortical,0.6618519227090109,9,0.10512722402907977,0.8491539003288384
3161,180,0.00036072144288577156,0.0008392584622275994,1.9570603301263565e-05,0.0002837476850240802,0.46410821414442666,-0.019909982222638956,-0.020346849167726777,0.0,netfc_CentExe__DefaMod,0.07396741967772064,Visual,0.24444444444444444,2,0.25,0.0008392584622275994
3163,295,0.0005911823647294589,0.0012086678813956347,7.29310666200248e-05,0.000968498067519915,0.0231130215380336,0.028658642408916468,-0.0200522984025715,0.0006623878192480895,var_Sens,-0.12788068460094928,CentExe,0.30847457627118646,0,0.42033898305084744,0.0012086678813956347
3164,189,0.0003787575150300601,0.0015670971456575686,7.561369085990274e-05,0.00024395612189297944,0.01930338342286817,-0.023482434041126377,-0.02453072299426373,0.0,ac1_CentExe,0.12253669794317795,Visual,0.30158730158730157,0,0.2962962962962963,0.0015670971456575686
3165,61,0.00012224448897795592,0.004868948110529795,0.00010084494315429215,0.0003894642301899874,0.009896492138423729,-0.012211837619209298,-0.013592232422020345,0.0,netfc_Visu__DefaMod,-0.04296044828064873,DefaultMode,0.4262295081967213,0,0.6065573770491803,0.004868948110529795
3167,305,0.0006112224448897796,0.006034162157637058,0.0004072532675541465,0.00029385649662311763,0.011611492009072586,-0.0019763828472316725,-0.013860556969657045,0.0,var_Sens,0.12020993981601717,CentExe,0.580327868852459,4,0.2098360655737705,0.006034162157637058
3168,7268,0.014565130260521041,0.6405659792128102,0.017608392328951963,8.430083519596851e-05,0.010568558509557464,-0.00880499572112936,-0.011899263238597912,0.0,netfc_Sens__DefaMod,-0.08595513371941518,DefaultMode,0.6761144744083655,5,0.11048431480462301,0.6405659792128102
3169,149,0.00029859719438877754,0.0022892091849101397,0.00014726016515706624,9.051734339600922e-05,0.012117904756788003,-0.010017030170197394,-0.017540122968108696,0.0,netfc_DefaMod__DefaMod,-0.05996246059922885,DefaultMode,0.40268456375838924,6,0.20134228187919462,0.0022892091849101397
3171,604,0.0012104208416833667,0.0017435718126264596,0.0001205433620916133,0.003839090406503062,0.013820650355784574,-0.006836656210460257,-0.016229106458496734,0.0,var_VentSal,-0.02428312058048477,DefaultMode,0.2185430463576159,3,0.4735099337748344,0.003839090406503062
3172,52,0.00010420841683366733,0.001157790535427385,6.238918106440589e-05,3.898321915753533e-05,0.012428407653113219,-0.019924047112090948,-0.017242338650254263,0.0,var_DefaMod,-0.03452298347955426,Sensorimotor,0.40384615384615385,1,0.17307692307692307,0.001157790535427385
3173,87254,0.17485771543086173,0.008012218651386715,0.00182179059304024,0.009574096104227414,0.14281396542335825,0.05296366978060518,-0.018045557346466845,0.007563951704741513,fc_mean,0.16580715910178878,CentExe,0.25343250739221124,4,0.12688243518921768,0.009574096104227414
3174,274,0.0005490981963927855,0.0011980521074582316,3.202159151098054e-05,0.00012350893549661562,0.01152573988826233,-0.0035541486143289003,-0.015668957901686875,0.0,var_Visu,0.06357447406656326,DefaultMode,0.32116788321167883,5,0.20072992700729927,0.0011980521074582316
3175,522,0.0010460921843687375,0.001808692495378485,5.962747185391426e-05,0.003983723604061613,0.011980460498461708,-0.018149484946898387,-0.01361277406997008,0.0,ac1_CentExe,0.028672203656228606,CentExe,0.24521072796934865,6,0.6494252873563219,0.003983723604061613
3176,139,0.0002785571142284569,0.0012474032041725638,0.00015442630099288563,0.0003113562889048431,0.014451550479085503,0.006207360495932623,-0.014593085068007827,8.970598354885153e-05,netfc_Sens__Sens,0.141557405196869,Sensorimotor,0.39568345323741005,3,0.2733812949640288,0.0012474032041725638
3177,123,0.0002464929859719439,0.0009306454354302199,1.17764246904954e-05,0.0003333100084481793,0.15200028481974598,-0.009318452921667886,-0.012825905864080056,0.0,netfc_Visu__CentExe,0.03381615212899246,CentExe,0.3089430894308943,0,0.3983739837398374,0.0009306454354302199
3178,1158,0.00232064128256513,0.007941653486720731,0.0012076172975875015,0.0003142479365359213,0.011470998587584349,-0.004684544978544203,-0.020668273579582674,0.0,netfc_VentSal__DefaMod,-0.05463336244975082,DefaultMode,0.49827288428324695,2,0.17271157167530224,0.007941653486720731
3179,2031,0.004070140280561122,0.00426282388816175,0.000499156580080983,0.0002940788893610302,0.027691508987766324,0.06469369195021335,-0.015332181949852641,0.001791465952091119,netfc_Visu__Visu,0.16328013314173226,DefaultMode,0.3579517479074348,4,0.15657311669128507,0.00426282388816175
3180,549,0.0011002004008016032,0.10854900555058021,0.0023177049168851406,2.68430701645605e-05,0.010811324158664669,-0.00021009409547323443,-0.015048967339613029,0.0,ac1_CentExe,0.07319376161516815,CentExe,0.9326047358834244,4,0.12932604735883424,0.10854900555058021
3182,156,0.000312625250501002,0.0009578971319798978,4.4464473761086764e-05,0.0011187258885288747,0.011504658328418063,-0.01263827797778383,-0.018036768291975758,0.0,netfc_VentSal__CentExe,0.07016260190933403,Sensorimotor,0.28846153846153844,9,0.6346153846153846,0.0011187258885288747
3183,111,0.00022244488977955911,0.0014359695975564417,0.00013718200716639212,0.0007370705372521819,0.01310940556880472,-0.012040462016396303,-0.015076044837298852,0.0,ac1_Subc,0.03157440308266072,Visual,0.40540540540540543,2,0.5675675675675675,0.0014359695975564417
3184,107,0.00021442885771543087,0.0015590538326189852,4.197109239709834e-05,0.0001902882551695951,0.011512852428379234,-0.011549909563600025,-0.011679509990278447,0.0,netfc_DefaMod__Subc,0.03615094385306633,CentExe,0.3644859813084112,6,0.32710280373831774,0.0015590538326189852
3186,135,0.0002705410821643287,0.000866225607130507,1.1149461150923184e-05,0.000259725584187184,0.14843978726195123,-0.02137579063424022,-0.013905265560997915,0.0,netfc_DefaMod__DefaMod,0.130256586155788,CentExe,0.25925925925925924,1,0.2740740740740741,0.000866225607130507
3187,38535,0.07722444889779559,0.0016285135012454003,6.0709459397057204e-05,0.18080280099110796,0.014281234344586575,0.0916914357680425,-0.018739815852543362,0.0013094668815950225,netfc_Sens__VentSal,-0.28000392155341064,CentExe,0.2620734397301155,5,0.4286752303101077,0.18080280099110796
3189,108,0.00021643286573146294,0.000981153634943777,3.509931724946333e-05,5.9595130582939306e-05,0.010218830133444086,-0.007939509038122239,-0.019052143316527825,0.0,falff_DorsSal,0.06630603893950203,CentExe,0.25,5,0.24074074074074073,0.000981153634943777
3192,402,0.0008056112224448898,0.0012082880871038353,5.495132016422679e-05,0.00047376275857454776,0.012011373521886927,0.03688135477918264,-0.017034765360107507,0.0004429957282459922,fc_sd,0.21645894929051418,CentExe,0.26119402985074625,5,0.27114427860696516,0.0012082880871038353
3194,81,0.0001623246492985972,0.0015360587667174075,0.00010307685698171256,0.00013586418127911308,0.01002034172727285,-0.015166635475499124,-0.016010827356758073,0.0,netfc_Sens__VentSal,-0.04816137670996929,VentSal,0.2839506172839506,3,0.2962962962962963,0.0015360587667174075
3195,2283,0.004575150300601203,0.5165316250496357,0.010911578468230041,5.014615864725551e-05,0.010389863981547178,-0.0056262712903161205,-0.007469590971391327,0.0,var_DefaMod,-0.08096011369592279,DefaultMode,0.9272886552781427,5,0.11432325886990802,0.5165316250496357
3196,247,0.0004949899799599199,0.0021262316167096427,3.54445100938812e-05,0.0008124982246753657,0.013214743743885165,-0.007780800996361137,-0.017299873178616476,0.0,ac1_DorsSal,0.05448245082061758,DefaultMode,0.32388663967611336,9,0.41700404858299595,0.0021262316167096427
3198,65753,0.1317695390781563,0.0016780146981874413,1.5141132087060654e-05,0.24805226991635862,0.014096476934993243,0.02379057543759,-0.014279045237282073,0.0003353632979262042,netfc_Sens__DefaMod,-0.13283433879301018,CentExe,0.2560795705138929,8,0.3706751022767022,0.24805226991635862
3201,54,0.00010821643286573147,0.004430074095539605,0.00011245676689743688,0.00010352403717809415,0.01868742026555466,-0.006459407029426822,-0.011349875982913593,0.0,var_Sens,0.10156330697305585,CentExe,0.6481481481481481,3,0.24074074074074073,0.004430074095539605
3202,233,0.00046693386773547093,0.0009267001677326472,3.194321243989435e-05,0.0009456516018516212,0.0570029818087028,0.002985407590990863,-0.007983459679750338,0.0001701771346008154,fc_mean,0.12866237885413667,DefaultMode,0.2317596566523605,0,0.5064377682403434,0.0009456516018516212
3203,1173,0.002350701402805611,0.0018903342431220705,0.0002528576192775875,0.0003444880725461993,0.011377534978537445,0.009174442093610291,-0.01420003937406511,0.0001043825358286174,var_Visu,0.1480938451861473,CentExe,0.2753623188405797,5,0.18499573742540495,0.0018903342431220705
3204,141,0.00028256513026052104,0.0011307131284542945,5.183753508986315e-05,0.0008216573298969551,0.010470098269525491,-0.0040865520430195534,-0.015206948769258988,0.0,ac1_Visu,-0.0968203245006696,Sensorimotor,0.2695035460992908,4,0.45390070921985815,0.0011307131284542945
3205,91,0.00018236472945891785,0.0008773547622746885,1.2338453110708923e-05,0.00017402359884186941,0.23887548504523448,-0.03773379353828177,-0.020196579227895972,0.0,netfc_CentExe__CentExe,0.08106352838882212,DefaultMode,0.2967032967032967,0,0.34065934065934067,0.0008773547622746885
3206,74,0.00014829659318637273,0.0007945597893053285,1.4598765179460904e-05,0.000577307141926511,0.11258546455685696,-0.014730171016100968,-0.020031286759897737,0.0,netfc_Sens__DefaMod,0.07480223828283634,CentExe,0.2972972972972973,2,0.6756756756756757,0.0007945597893053285
3207,115,0.00023046092184368736,0.0010387700794579255,7.058836527197958e-05,0.0001025907840528676,0.014655656324113779,-0.00789504528300533,-0.013248535396258587,0.0,netfc_Visu__CentExe,0.07709790647239315,CentExe,0.34782608695652173,9,0.20869565217391303,0.0010387700794579255
3209,82,0.00016432865731462926,0.0010057069998830924,2.4655685781631657e-05,0.0005121613219598879,0.10272357682668143,-0.011601015501366385,-0.011840551764392027,0.0,netfc_Visu__VentSal,0.040523731113136126,CentExe,0.32926829268292684,0,0.5975609756097561,0.0010057069998830924
3211,156,0.000312625250501002,0.0012012656301363315,6.185256736068091e-05,0.0004288482997521945,0.016532473559807057,0.0017102888082662915,-0.011688631153764062,2.8275304502296387e-05,var_Sens,0.1058573621255032,Sensorimotor,0.26282051282051283,4,0.4166666666666667,0.0012012656301363315
3212,541,0.0010841683366733467,0.14994528737955887,0.005191685173442098,0.00015867145167141466,0.009883620782500564,-0.00021403511661288732,-0.02172146481509163,0.0,var_Visu,-0.0716202557746025,Visual,0.9926062846580407,7,0.16081330868761554,0.14994528737955887
3213,4476,0.008969939879759518,0.5159850310681671,0.03259089277774268,2.7731127533952402e-05,0.010022195216185869,-0.008219064357411598,-0.01613416828487302,0.0,var_Subc,-0.04704942472882512,CentExe,0.5641197497765862,4,0.1079088471849866,0.5159850310681671
3214,84,0.0001683366733466934,0.0008699733970632857,1.2063735568560991e-05,4.9727205810784295e-05,0.559938651742139,-0.027505913059717946,-0.009049287843719611,0.0,netfc_DefaMod__DefaMod,0.0710525575928349,CentExe,0.2619047619047619,2,0.15476190476190477,0.0008699733970632857
3216,200,0.0004008016032064128,0.0013959415036037743,0.00022670798608157328,0.001678947243163219,0.01813536581118714,-0.007679366930318787,-0.01602109233679383,0.0,fc_sd,0.10980164675349714,Visual,0.41,0,0.715,0.001678947243163219
3217,10716,0.0214749498997996,0.8353484878323173,0.0703028739437739,8.925394009320217e-05,0.009995397510107919,-0.006278178288211977,-0.01894924211606064,0.0,netfc_Visu__DefaMod,-0.06428923492896195,VentSal,0.6123553564762971,4,0.10656961552818216,0.8353484878323173
3218,12428,0.024905811623246493,0.08252265883857735,0.008790511322346088,0.0039051329202184197,0.035654604467714145,0.364500048134352,-0.02437167463016232,0.012996105044693087,ac1_Sens,0.5743739240166921,DefaultMode,0.4081107177341487,5,0.1779047312520116,0.08252265883857735
3221,98463,0.19732064128256513,0.004035981474740732,0.0006119677389035362,0.008810264368370688,0.23715284615083992,0.07738938993433542,-0.015692153704521816,0.018353114084804806,fc_mean,0.21325837561046834,CentExe,0.25664462793130416,3,0.11652092664249515,0.008810264368370688
3222,96,0.00019238476953907816,0.0011495411924454337,2.1343749892996605e-05,3.7377444675476005e-05,0.015187426809517847,-0.01647188763393581,-0.016350771495700966,0.0,ac1_Sens,0.045455524317560635,CentExe,0.25,4,0.17708333333333334,0.0011495411924454337
3226,131,0.0002625250501002004,0.0027110294268001063,7.403885662017445e-05,0.0003276466606319493,0.024744471207483083,0.0007932221252850979,-0.01589651512349244,1.9627862040255646e-05,netfc_Sens__DorsSal,0.1177189953945097,Visual,0.31297709923664124,4,0.366412213740458,0.0027110294268001063
3227,3039,0.006090180360721443,0.4653086012760776,0.011690237248515327,4.448713328661021e-05,0.010796858245573884,0.007962390234327432,-0.017365040552520306,8.596879865597511e-05,var_CentExe,-0.10172664058411023,CentExe,0.9091806515301086,3,0.10825929582099375,0.4653086012760776
3228,257,0.0005150300601202405,0.0013761766881673948,9.265023579295777e-05,0.0005718990837086607,0.010881402200976727,0.0035625866721932242,-0.007735852750762939,3.8765938455973704e-05,netfc_Sens__Sens,-0.10459764547447907,DefaultMode,0.3035019455252918,9,0.3151750972762646,0.0013761766881673948
3233,120,0.0002404809619238477,0.0010506826525321956,4.979742048886368e-05,0.00022346057042688436,0.011199062305108733,0.004111588499953744,-0.010002375343041381,4.6045935783950536e-05,var_Visu,0.09105657522132,CentExe,0.3333333333333333,8,0.31666666666666665,0.0010506826525321956
3234,3396,0.006805611222444889,0.004498713207286147,3.4284742185274493e-05,0.0010059013833022706,0.057760606738326656,0.07214715733892474,-0.009939580775747414,0.004167263582341809,var_Visu,0.23420930477650842,CentExe,0.251472320376914,9,0.16725559481743227,0.004498713207286147
3236,1995,0.003997995991983968,0.001973370968109884,0.0003520939024607642,0.01461397361183592,0.017661876170848696,0.06299457842445777,-0.017215771634976118,0.00111260244356759,fc_mean,0.22771967861580217,Sensorimotor,0.25162907268170426,4,0.5017543859649123,0.01461397361183592
3238,1354,0.0027134268537074148,0.0028977511035155317,6.252108786674484e-05,0.005075617253101921,0.01619885704180217,0.10802694412051572,-0.016960059786034654,0.0017499130244709856,var_Sens,-0.26423878618432267,DefaultMode,0.26070901033973415,2,0.38330871491875923,0.005075617253101921
3240,402,0.0008056112224448898,0.0021497998983069726,7.431129049477544e-05,0.0007523674626705736,0.015022453271061869,0.01467993007799373,-0.016178672458753374,0.00022052856361911644,slope_Sens,-0.13219467104304683,CentExe,0.2512437810945274,2,0.263681592039801,0.0021497998983069726
3241,197202,0.3951943887775551,0.003939923688363489,0.0009509118590825108,0.0006741350591875297,0.09652197285686097,0.033164035426352045,-0.010798632029729083,0.0032010581272463277,fc_mean,0.18988141206364945,CentExe,0.24976420117443027,9,0.10442084765874586,0.003939923688363489
3243,67,0.0001342685370741483,0.0016236177365257856,0.00011300461549270339,0.00023615013187304408,0.018411508834778247,-0.019235515275553228,-0.014085338184138374,0.0,var_VentSal,0.09584904667731538,Visual,0.2537313432835821,2,0.44776119402985076,0.0016236177365257856
3244,67,0.0001342685370741483,0.000978959638858638,2.18368191277894e-05,0.0005613729201952936,0.036880927011799486,-0.012543726964378887,-0.014420669642560835,0.0,fc_sd,0.059187310791090825,Sensorimotor,0.2835820895522388,4,0.6716417910447762,0.000978959638858638
3245,185,0.00037074148296593185,0.0015013575435950197,0.00025068871618702743,0.00021158399677030822,0.020362395529756994,0.011623881268664538,-0.02138763755454587,0.00023669006798348084,fc_mean,0.159256871569108,Sensorimotor,0.43783783783783786,6,0.2756756756756757,0.0015013575435950197
3246,245,0.0004909819639278558,0.0012958746555907926,0.00016025281086306031,0.001700634524943612,0.044328236789075555,-0.0069379258621002915,-0.015616594534699546,0.0,fc_mean,0.10568700394939012,Sensorimotor,0.3224489795918367,0,0.6571428571428571,0.001700634524943612
3247,15015,0.030090180360721443,0.0035562294798099875,0.0003571213994432105,0.005029930450171257,0.1288843192817102,0.13423284421060266,-0.009688654159507815,0.017300508751331378,fc_mean,0.3566203428841148,CentExe,0.2517482517482518,0,0.1794871794871795,0.005029930450171257
3248,125,0.000250501002004008,0.0013461640058883937,2.421572505743866e-05,0.00021558964926134076,0.014885033443805509,0.01860452326522266,-0.015138939558066555,0.000276928951008897,netfc_VentSal__CentExe,0.20838918125438047,CentExe,0.304,6,0.312,0.0013461640058883937
3249,14772,0.029603206412825652,0.010537791817114277,0.0036767727464251036,0.0016288063765493152,0.08150408915065481,0.531381293172846,-0.02576033072864492,0.04330974829174988,fc_mean,0.6237922193781618,Visual,0.254197129704847,5,0.12367993501218522,0.010537791817114277
3250,183,0.0003667334669338677,0.0009941072866562,1.919207226934786e-05,0.00031639787662094776,0.0507351767903765,0.016884225432093003,-0.013696449184966042,0.0008566241622658096,netfc_DefaMod__Subc,0.15798210041983965,CentExe,0.273224043715847,7,0.2896174863387978,0.0009941072866562
3251,323,0.0006472945891783567,0.0014828441349239616,0.00017711926915383656,0.0012329685879024518,0.01536198157793953,-0.0031934334685705945,-0.014067319178596271,0.0,slope_DefaMod,-0.06353099272578097,Visual,0.33746130030959753,4,0.46439628482972134,0.0014828441349239616
3252,129,0.00025851703406813627,0.0011534068392578631,3.320488613337887e-05,0.0004704261746779822,0.02405958963289342,-0.002673123893878193,-0.01013824083308168,0.0,ac1_Sens,0.13025881018818417,CentExe,0.2713178294573643,3,0.4263565891472868,0.0011534068392578631
3255,53,0.0001062124248496994,0.0009539184988543176,2.3226919785546265e-05,5.8718513959473385e-05,0.016488031449304715,-0.015078995459668398,-0.01560568258581374,0.0,netfc_Visu__Sens,0.05803868111528311,Visual,0.2830188679245283,9,0.24528301886792453,0.0009539184988543176
3257,91,0.00018236472945891785,0.0013310801911816093,2.2215902664551348e-05,0.00029640513230618675,0.012499170714924334,-0.01422348251240324,-0.016968370265179944,0.0,netfc_Sens__DefaMod,0.07133388792496702,Visual,0.2087912087912088,0,0.4175824175824176,0.0013310801911816093
3260,68,0.00013627254509018035,0.000911243579819898,4.4185289408271976e-05,0.00011787490593466797,0.009868624964176032,-0.002406140933864931,-0.014534902634873559,0.0,fc_sd,-0.07543897501388605,VentSal,0.22058823529411764,5,0.3235294117647059,0.000911243579819898
3262,641,0.0012845691382765531,0.0022153927685732897,8.17848616183696e-05,0.00014487700795026156,0.030292907385218542,0.03221069575450697,-0.007377710942584992,0.0009757556233047316,fc_mean,0.21093254061762257,CentExe,0.2917316692667707,8,0.1435257410296412,0.0022153927685732897
3263,111,0.00022244488977955911,0.0011699397233723018,0.00011437573945378834,3.461889396978107e-05,0.014267584027217353,-0.011815772741426311,-0.017661351403066572,0.0,var_Visu,-0.06940065439328262,DefaultMode,0.34234234234234234,8,0.18018018018018017,0.0011699397233723018
3264,177634,0.35597995991983966,0.016116299215596475,0.0022519359574651,0.0006522568067762494,0.02876729535977489,0.22733302538515832,-0.020905513133828713,0.006539756286286052,ac1_Sens,-0.44567624480544643,CentExe,0.26142517761239403,8,0.10222705112759944,0.016116299215596475
3265,53,0.0001062124248496994,0.0008312656246370817,9.470158620816066e-06,0.0006138817205078328,0.0397656368361218,-0.010866027355045382,-0.01884950012782971,0.0,netfc_Sens__VentSal,0.0828278638707926,CentExe,0.2641509433962264,9,0.8679245283018868,0.0008312656246370817
3266,22957,0.046006012024048096,0.04469686469559483,0.006257276254310813,0.08816195009407822,0.017929077160496527,0.024732223522813124,-0.014329927111487839,0.00044342594389116375,falff_CentExe,-0.12448339857362696,CentExe,0.3095787777148582,0,0.3986583612841399,0.08816195009407822
3267,51,0.00010220440881763527,0.0011891628282809533,0.00010304168546932065,5.5871793235802965e-05,0.01581673442800401,-0.01665203429565687,-0.01871820125901924,0.0,falff_Subc,0.10079036357246487,Sensorimotor,0.5098039215686274,8,0.27450980392156865,0.0011891628282809533
3268,104,0.00020841683366733466,0.0008322999234698257,1.4519746195544915e-05,2.7659116412811778e-05,0.9343375090943181,-0.039432667051289894,-0.016169356064784424,0.0,var_Sens,0.07044332112098234,DefaultMode,0.3076923076923077,8,0.17307692307692307,0.0008322999234698257
3270,200,0.0004008016032064128,0.0011343843241170544,5.6659975592741555e-05,0.000149398677012833,0.01474598518678842,-0.0027320643505599485,-0.01608510953471587,0.0,ac1_DefaMod,0.10114611205351853,Visual,0.225,2,0.19,0.0011343843241170544
3271,58,0.00011623246492985972,0.0007656388179574776,2.4146297832490453e-05,9.191942428053343e-05,0.285014979050345,-0.013974000468262249,-0.011621567010037692,0.0,netfc_Visu__Subc,0.045032864068414065,DefaultMode,0.27586206896551724,0,0.22413793103448276,0.0007656388179574776
3272,155324,0.31127054108216434,0.008229187648608598,0.0019071566519063947,0.02072849382352266,0.28618996045802125,0.07872620806370989,-0.011583335822872298,0.022530650372763087,fc_mean,0.27182939236012243,CentExe,0.24555123483814478,2,0.11767016043882465,0.02072849382352266
3274,56,0.00011222444889779559,0.0010956890641520916,2.2083489043050473e-05,0.00012723355863140587,0.014542202777456653,-0.011134533129736113,-0.02392313494385223,0.0,fc_sd,0.042263271918340325,CentExe,0.35714285714285715,9,0.39285714285714285,0.0010956890641520916
3275,738,0.0014789579158316633,0.0033104555928689444,0.00012431594380293308,0.0006826090112453413,0.017215958808332304,0.10855650230715741,-0.014647126011900102,0.0018689042720966527,fc_sd,0.28217788661086135,DefaultMode,0.2953929539295393,5,0.2669376693766938,0.0033104555928689444
3276,131,0.0002625250501002004,0.0008804093660719766,3.9843099324811814e-05,0.0003150965358494816,0.05239083485063741,-0.003666911116164462,-0.014845452829248984,0.0,fc_mean,0.12045579223565142,Sensorimotor,0.2824427480916031,0,0.37404580152671757,0.0008804093660719766
3277,73,0.0001462925851703407,0.002037856687544877,3.10857109063065e-05,0.00011522061371384427,0.021626119728279977,-0.010902628560675698,-0.011330141060762466,0.0,netfc_CentExe__CentExe,0.07118685374498028,CentExe,0.3424657534246575,7,0.3150684931506849,0.002037856687544877
3279,62,0.00012424849699398796,0.0011831425280637874,2.626290857125332e-05,0.0005390570956089281,0.0588914484215952,-0.008370380146724754,-0.012685234311180293,0.0,netfc_DorsSal__DefaMod,0.0763292641970056,CentExe,0.27419354838709675,3,0.7419354838709677,0.0011831425280637874
3282,124,0.0002484969939879759,0.0011415494671892827,3.167234610673183e-05,0.00021828618048117316,0.011519615633197172,0.002042371316459568,-0.013944992769957087,2.352733254588113e-05,ac1_DorsSal,0.10673856718122576,CentExe,0.3548387096774194,9,0.2903225806451613,0.0011415494671892827
3283,87,0.00017434869739478957,0.0011320863856536276,3.571945230656188e-05,0.0006546640080808549,0.037340075805493644,-0.017630860036699225,-0.012667250689918141,0.0,netfc_Visu__DefaMod,0.024023442675442437,DefaultMode,0.3793103448275862,0,0.6551724137931034,0.0011320863856536276
3284,94,0.00018837675350701403,0.0033042035020780006,0.0002462604946485127,0.00022332953942537836,0.013087005693005171,-0.0077216560264972145,-0.017727110306148708,0.0,fc_mean,0.12009499865541952,DefaultMode,0.7021276595744681,5,0.3723404255319149,0.0033042035020780006
3286,103,0.00020641282565130262,0.0015437052785374575,0.00030292986970971946,0.00046857684227481885,0.013869220007967729,0.006285202150019709,-0.013227791165188574,8.717085141317513e-05,slope_Visu,-0.11664632744713907,Visual,0.5922330097087378,5,0.4563106796116505,0.0015437052785374575
3288,367,0.0007354709418837675,0.0012465687791543007,0.0001124817817977155,0.0032673838326485022,0.01600835891188969,0.00957842153950439,-0.01981886091320395,0.00015333480981376125,var_CentExe,-0.14306668578138326,CentExe,0.33787465940054495,0,0.7302452316076294,0.0032673838326485022
3289,6254,0.01253306613226453,0.031823242832473855,0.0034662346666807066,0.0004897160547448181,0.012711165819719152,0.04355660283201135,-0.01264547255518611,0.000553655201141345,var_DefaMod,0.21821536740818367,CentExe,0.353054045410937,5,0.13543332267348895,0.031823242832473855
3290,124,0.0002484969939879759,0.0009118864489268013,2.210280155466598e-05,0.00019340869739726152,0.03856847608750967,-0.01641481322826488,-0.016742459194659665,0.0,netfc_VentSal__DefaMod,0.09021379111461632,Visual,0.22580645161290322,0,0.25,0.0009118864489268013
3292,108,0.00021643286573146294,0.001895370629798821,0.0001666647931305679,0.00010776748673127067,0.01220385841842785,-0.013807439037551994,-0.019395922707401203,0.0,var_Sens,0.06769551737518834,Visual,0.4722222222222222,2,0.21296296296296297,0.001895370629798821
3293,18945,0.03796593186372745,0.2774624848196166,0.0194678215321688,0.00022011971336833607,0.01163007004121922,0.04397220445450323,-0.018906007240808265,0.0005113998176726843,var_CentExe,0.19893118091690912,CentExe,0.4304038004750594,4,0.10614937978358406,0.2774624848196166
3295,170,0.0003406813627254509,0.0009244902902064263,5.6178861558061e-05,0.00042954647676391155,0.12060879731792337,-0.01358171814191711,-0.013925794643585343,0.0,netfc_DorsSal__DefaMod,0.1141623211882804,Visual,0.2529411764705882,2,0.35294117647058826,0.0009244902902064263
3296,1269,0.0025430861723446893,0.0012206927803210309,1.6228503458458192e-05,0.0013874673835491316,0.011000039370177126,0.02984860141405854,-0.015791247739756153,0.0003283357906993686,ac1_Sens,-0.20457993959694615,CentExe,0.28211189913317575,2,0.2458628841607565,0.0013874673835491316
3297,523,0.0010480961923847695,0.0022488937519639005,0.00025248536848463787,0.0006074581555843287,0.015383852925828686,0.0777124102559883,-0.02133619242966245,0.0011955162898897847,fc_sd,0.26334198590106506,CentExe,0.367112810707457,8,0.24665391969407266,0.0022488937519639005
3299,162,0.0003246492985971944,0.0012108030778580842,4.454814265161368e-05,0.0001657505665870451,0.010277176924799685,-0.013896849201656902,-0.01527494614186442,0.0,netfc_Visu__DefaMod,-0.0355433011457483,CentExe,0.2654320987654321,2,0.22839506172839505,0.0012108030778580842
3300,550,0.0011022044088176352,0.0018758890395501396,0.00016459658364499034,0.001506579757165708,0.012169223884794203,0.026209384606786457,-0.016016605754583635,0.00031894786916266326,ac1_DorsSal,-0.17572840076992688,DefaultMode,0.37454545454545457,4,0.38545454545454544,0.0018758890395501396
3301,1671,0.0033486973947895794,0.003511255739666855,0.00042006838726967304,0.0007869879869589126,0.014320202409398816,-0.0001394324050099094,-0.01854228102353117,0.0,var_Visu,-0.09054458749349292,CentExe,0.3339317773788151,2,0.18850987432675045,0.003511255739666855
3303,197,0.0003947895791583166,0.0016114284103424064,4.0376169160974075e-05,0.00014069070078205303,0.016960055205299765,0.04415665561231685,-0.023732165782565984,0.0007488993168663035,ac1_VentSal,0.1848659577724077,DefaultMode,0.3553299492385787,6,0.20812182741116753,0.0016114284103424064
3304,2798,0.005607214428857715,0.5897372944030508,0.01511414286814412,2.200855399928833e-05,0.010234407961286477,-0.009075493914043609,-0.015185667933669711,0.0,var_Sens,-0.06544217833221273,Sensorimotor,0.687276626161544,4,0.10864903502501787,0.5897372944030508
3305,701,0.001404809619238477,0.001267904566814965,4.92795046114746e-05,0.0076254394836984644,0.016326365349593155,-0.00766350432409868,-0.012843519354348576,0.0,falff_DorsSal,0.06982513664161882,CentExe,0.29101283880171186,9,0.7931526390870185,0.0076254394836984644
3307,82,0.00016432865731462926,0.0013262164708459673,9.133992452245614e-05,0.0004192128415663762,0.0114079742818498,0.00014747053415309352,-0.016117844747738808,1.6823400609491434e-06,netfc_Visu__CentExe,0.10280099676679477,Visual,0.4268292682926829,5,0.5365853658536586,0.0013262164708459673
3308,94,0.00018837675350701403,0.0010161184320805496,4.3397078141577517e-05,5.009614859982139e-05,0.016575026431752574,-0.011175972362665876,-0.012863033314366001,0.0,var_Visu,0.04732341281129695,Sensorimotor,0.2872340425531915,0,0.22340425531914893,0.0010161184320805496
3309,1204,0.002412825651302605,0.0050852002721867165,0.0007102739977045459,0.00046837535304396997,0.011040457353229689,0.011214049554574057,-0.021231328972086683,0.00012380823586427927,falff_CentExe,-0.15114195646784967,CentExe,0.3596345514950166,2,0.17940199335548174,0.0050852002721867165
3310,1226,0.0024569138276553104,0.003292069968065092,0.00033228998451224656,0.011533000897204939,0.012733486116026366,0.030731524873048865,-0.015445316316417657,0.00039131944529528665,netfc_Visu__CentExe,-0.10051338304595236,CentExe,0.3189233278955954,0,0.7218597063621534,0.011533000897204939
3314,102,0.00020440881763527055,0.0010271906338609222,1.5662842080925657e-05,0.0003964049840076489,0.013104528250543458,-0.017802433266394635,-0.012239114074183544,0.0,var_Visu,-0.020891065257671954,DefaultMode,0.24509803921568626,4,0.46078431372549017,0.0010271906338609222
3315,499,0.001,0.0010889682656979721,2.3090904343704554e-05,0.00501981694262464,0.04547601880516436,-0.0016276172822993207,-0.014508604718922236,0.0,netfc_VentSal__CentExe,0.0896833470872561,CentExe,0.2725450901803607,0,0.7895791583166333,0.00501981694262464
3316,357,0.0007154308617234469,0.0010734451625796944,5.8997808829630636e-05,0.00012064222502321216,0.010832003113069137,-0.014673625954124914,-0.016960774735569784,0.0,var_Visu,0.059200073054783066,DefaultMode,0.22408963585434175,6,0.16526610644257703,0.0010734451625796944
3317,175,0.0003507014028056112,0.001541218639372916,9.439425740566993e-05,5.3971862701954344e-05,0.021045593285854983,-0.006873863559661464,-0.01467268309665215,0.0,falff_Visu,0.05083653345998745,Sensorimotor,0.3485714285714286,3,0.17142857142857143,0.001541218639372916
3318,320,0.0006412825651302605,0.001438532873633973,8.93636585403755e-05,0.0003654994120515312,0.011232907080419786,0.025969762848272793,-0.017346116097003206,0.00029171593297518616,slope_Visu,-0.1831586540941972,DefaultMode,0.325,5,0.23125,0.001438532873633973
3319,307,0.0006152304609218437,0.0016509501781463627,0.000218649583204594,0.00045101306261363194,0.014068302704334623,0.005531081395490078,-0.02055689191881216,7.781292735406799e-05,fc_mean,-0.09221894736894855,Sensorimotor,0.3289902280130293,1,0.2899022801302932,0.0016509501781463627
3320,67,0.0001342685370741483,0.0008940626791298368,1.0590247897214031e-05,0.00035867213013544564,0.0699890942979654,-0.012299671191833728,-0.012346137123758538,0.0,netfc_Visu__Sens,0.04077475170422682,CentExe,0.29850746268656714,5,0.5671641791044776,0.0008940626791298368
3323,70,0.00014028056112224449,0.0010374936557902407,2.2798678812199048e-05,9.898458143911514e-05,0.08919303803047603,-0.016914147152030434,-0.009829844679706268,0.0,netfc_VentSal__CentExe,0.08322951362344216,DefaultMode,0.3142857142857143,9,0.21428571428571427,0.0010374936557902407
3325,216,0.00043286573146292587,0.0010459372833592517,3.108583250975661e-05,0.0005836595211274773,0.011326021649400365,-0.0024038069028002873,-0.012940501429966611,0.0,netfc_Sens__Sens,-0.09258118010429309,DefaultMode,0.25,4,0.3425925925925926,0.0010459372833592517
3326,10372,0.02078557114228457,0.0017028027418584798,0.00018146326162724096,0.0017073560571380763,0.27092158441893127,0.1314618844017421,-0.015945448673186702,0.03561586201281836,fc_mean,0.33620707085760004,CentExe,0.24373312765136906,2,0.139895873505592,0.0017073560571380763
3329,267,0.0005350701402805612,0.0009488201461239758,6.119493651833774e-06,0.0017487730496886953,0.07835237562322457,-0.01794319787562393,-0.015825624023732,0.0,netfc_Sens__DefaMod,0.11597572806194392,CentExe,0.2846441947565543,0,0.6367041198501873,0.0017487730496886953
3332,219,0.000438877755511022,0.001151558825904409,7.213430562404599e-05,0.0003105435609870722,0.06434415857029459,-0.008789759763329963,-0.015915037273858346,0.0,netfc_Subc__Subc,0.09361071234222021,Sensorimotor,0.2557077625570776,9,0.2511415525114155,0.001151558825904409
3335,199,0.00039879759519038076,0.0013041779300795875,3.843219542476797e-05,5.896050342483348e-05,0.010341661376428304,-0.00902165104303898,-0.018397142505895303,0.0,falff_DorsSal,0.04823841018075596,CentExe,0.2914572864321608,8,0.16080402010050251,0.0013041779300795875
3337,426,0.0008537074148296593,0.0013811678318770301,3.766723450086502e-05,0.00022333333239390993,0.016636397125883433,0.005007181567525665,-0.02124770285961919,8.330146103876047e-05,netfc_Sens__DefaMod,0.08548933410445816,CentExe,0.3051643192488263,1,0.22300469483568075,0.0013811678318770301
3338,53,0.0001062124248496994,0.0017579954126267575,0.00020611738740951052,9.684305831362657e-05,0.012653080973396152,-0.013331875538434401,-0.012523400991491185,0.0,var_DorsSal,0.06095616968136733,DorsSal,0.3584905660377358,8,0.2641509433962264,0.0017579954126267575
3339,78,0.000156312625250501,0.0008798223905803487,1.4456244298665802e-05,8.654258969061952e-05,0.0125357055329173,0.00011487935168907892,-0.014110108912412267,1.440093724586739e-06,fc_mean,0.112318965590479,DefaultMode,0.3076923076923077,2,0.2564102564102564,0.0008798223905803487
3342,213265,0.42738476953907817,0.002582558772609234,0.00018779258776749347,0.004359437074192784,0.07219893014374108,0.010231260703365663,-0.016277620617969557,0.0007386860768047007,slope_CentExe,-0.08788677018134325,CentExe,0.25779663798560476,1,0.10572292687501465,0.004359437074192784
3343,151,0.0003026052104208417,0.0011969288085072795,3.457153794507529e-05,0.00013567068944815214,0.010640299087465437,-0.011676625453382439,-0.020084831502793943,0.0,var_Visu,0.049275873389050366,CentExe,0.304635761589404,3,0.2119205298013245,0.0011969288085072795
3344,314,0.0006292585170340682,0.0012039747488346386,3.5726064794255746e-05,0.0011115773977279587,0.011443063650294908,0.009798703642167284,-0.01700560763123793,0.00011212718946769676,fc_mean,-0.11683199794196099,CentExe,0.3089171974522293,8,0.37579617834394907,0.0012039747488346386
3345,412,0.0008256513026052105,0.000947229114915953,1.1830283849842213e-05,0.0013883198804063076,0.07550645645040803,0.003520700990472636,-0.014144986608857879,0.0002658356560120305,fc_mean,0.12172662275505998,CentExe,0.279126213592233,5,0.4053398058252427,0.0013883198804063076
3346,193795,0.38836673346693384,0.09140504009364081,0.007308041307492409,0.013486167987726063,0.07718513759504987,0.3098245703095732,-0.01654160853662745,0.023913852089671613,fc_mean,0.437324565151542,DefaultMode,0.2616321370520395,0,0.12800639851389356,0.09140504009364081
3347,78,0.000156312625250501,0.0010416512407591307,1.6178372288256917e-05,0.00010171122047359765,0.26742309973727174,-0.11438743278722785,-0.015034536239548979,0.0,var_DefaMod,-0.27169610059238175,DefaultMode,0.32051282051282054,0,0.3076923076923077,0.0010416512407591307
3348,799,0.0016012024048096193,0.0026867271912462236,0.00019099807208733459,0.0008013882914645565,0.016647062925214735,0.01241546130210891,-0.015655885430543304,0.00020668096554177549,netfc_Sens__DefaMod,0.13451205057727983,CentExe,0.32040050062578224,9,0.23654568210262827,0.0026867271912462236
3349,303,0.0006072144288577154,0.0014106768321131783,9.272044157363361e-05,0.0001958118332712129,0.010781601877958262,-0.007738854473809287,-0.012932005168289296,0.0,var_Sens,0.057784013666120945,CentExe,0.31683168316831684,7,0.2376237623762376,0.0014106768321131783
3350,698,0.0013987975951903807,0.002226545738348468,0.00017064546562917641,0.00013688438578573177,0.010892613068674182,-0.008836598474154966,-0.010813078290863087,0.0,var_Visu,0.06806723121198038,CentExe,0.3108882521489971,2,0.1518624641833811,0.002226545738348468
3351,13539,0.027132264529058116,0.0038701181879754053,0.0005924701857047472,0.0003544897384213425,0.018786037595774747,-0.0017556910657958724,-0.012860769753955337,0.0,var_Sens,0.10941859565815286,CentExe,0.2697392717335106,9,0.1169953467759805,0.0038701181879754053
3352,5598,0.011218436873747495,0.0064386409286563955,0.0013258976644175773,0.0010963104984483662,0.025940314234522102,0.10398974627632762,-0.010298861563787565,0.002697526695576163,var_Sens,0.27749216214838546,Visual,0.25794926759556985,7,0.13326187924258664,0.0064386409286563955
3354,745,0.0014929859719438878,0.0069793367576703675,0.0011262316710148154,2.0183801543750596e-05,0.013205376638671912,0.06665411475788963,-0.016297309393093595,0.0008801926898951924,var_Visu,0.2564101008139387,Visual,0.43355704697986575,2,0.11946308724832215,0.0069793367576703675
3355,395,0.0007915831663326653,0.001325346260847193,6.172604096464223e-05,0.0060267863214649355,0.02486950201826414,-0.0064534892929595244,-0.013878183996938187,0.0,var_Sens,-0.077807053807183,CentExe,0.23037974683544304,9,0.959493670886076,0.0060267863214649355
3356,78,0.000156312625250501,0.0025441835522237223,0.00011919837522512418,0.00023336070603424938,0.012052181080810848,-0.01385662191192405,-0.014572941299673348,0.0,var_DorsSal,0.06559082703854945,Visual,0.2564102564102564,5,0.3717948717948718,0.0025441835522237223
3358,359,0.000719438877755511,0.001688282400312991,0.00010771864194667252,0.0017870158354802974,0.01233705763150168,0.02611088715057075,-0.009858239773153477,0.000322131519586228,ac1_Visu,-0.18335594159293947,Visual,0.2841225626740947,7,0.42618384401114207,0.0017870158354802974
3359,77,0.00015430861723446894,0.0008683022686184534,2.5732722210386696e-05,0.0005721695672031368,0.010158964869523243,-0.014977869600268257,-0.012793172194398572,0.0,ac1_Visu,-0.04330972280973351,DefaultMode,0.38961038961038963,2,0.6363636363636364,0.0008683022686184534
3360,1708,0.0034228456913827656,0.003232288362203791,0.00032318867059409205,0.015608131061169962,0.01407212534602942,-0.008417445966157455,-0.01925085683461414,0.0,netfc_Visu__CentExe,-0.04457911751702521,Visual,0.2382903981264637,9,0.7236533957845434,0.015608131061169962
3361,106,0.0002124248496993988,0.0012754260677364361,0.00015089698851408664,7.957450605735307e-05,0.010140310803082624,-0.007751195783454845,-0.01784343851315251,0.0,slope_Sens,-0.10285925069221279,CentExe,0.24528301886792453,5,0.22641509433962265,0.0012754260677364361
3365,68,0.00013627254509018035,0.0007984809533487567,7.545014772300638e-06,0.0001382732603113632,0.5119185499522213,-0.01991085815452953,-0.015460244650486343,0.0,var_DefaMod,-0.05261309737095911,CentExe,0.29411764705882354,6,0.29411764705882354,0.0007984809533487567
3366,121,0.00024248496993987975,0.0013069696668399108,0.00015237349583338496,0.0002925645790916419,0.0325204094460958,-0.00010779575100539063,-0.041551326713648695,0.0,netfc_Sens__Sens,0.12328279739201065,Visual,0.45454545454545453,7,0.36363636363636365,0.0013069696668399108
3368,26699,0.05350501002004008,0.002659414305928891,0.0002591695114152246,0.1210890034565675,0.015516396332739567,0.0028969501517522867,-0.022215080029166723,4.495022671077851e-05,var_Sens,-0.08871453027035134,CentExe,0.2652159256901008,3,0.435971384696056,0.1210890034565675
3371,2015,0.004038076152304609,0.0014233354969714236,0.00015039281151274985,0.0006760708412310819,0.13677528257293037,0.03640498873576814,-0.015760487688088798,0.004979302621399034,netfc_Sens__DefaMod,0.18291742841577152,Sensorimotor,0.2109181141439206,6,0.14392059553349876,0.0014233354969714236
3372,113,0.00022645290581162325,0.0012804078101815845,6.179848007947736e-05,0.00023400906217118164,0.022545290773906154,0.00031763327837930344,-0.015550039377349778,7.1611346205304744e-06,netfc_CentExe__DefaMod,0.13599745039819583,Sensorimotor,0.336283185840708,4,0.30973451327433627,0.0012804078101815845
3373,232,0.00046492985971943886,0.0013150948404697016,2.4492891104289176e-05,0.00017647640710787653,0.03858401585830059,-0.0029686125370085303,-0.015201424856969403,0.0,fc_sd,0.1339110016141144,CentExe,0.2974137931034483,6,0.21982758620689655,0.0013150948404697016
3374,2252,0.004513026052104209,0.0019446082649198463,3.808357813303697e-05,0.014689230646086095,0.01523897294391788,0.002569347015085377,-0.01756628511813929,3.915420964642222e-05,ac1_Sens,-0.12549882919819821,CentExe,0.25932504440497334,9,0.5466252220248667,0.014689230646086095
3375,122,0.00024448897795591184,0.001028995311872153,1.8100823803308128e-05,0.0008236299226431674,0.029269758289846043,-0.00958789431158702,-0.027076495038492743,0.0,ac1_Sens,0.04338999674021764,CentExe,0.26229508196721313,9,0.639344262295082,0.001028995311872153
3376,59,0.00011823647294589178,0.00112352579084979,4.9914978898524364e-05,0.000607839603074731,0.020118966618454553,-0.011220568254737717,-0.011887145964663448,0.0,netfc_Visu__Sens,0.040382519062004844,Sensorimotor,0.3389830508474576,0,0.7966101694915254,0.00112352579084979
3377,14839,0.0297374749498998,0.6181801439385433,0.09651939731520365,8.359555452845362e-05,0.010645983413585665,0.030541656498868308,-0.017884465783863046,0.00032514596851038283,netfc_Sens__Sens,-0.19961933321710415,Sensorimotor,0.812184109441337,8,0.10398274816362288,0.6181801439385433
3378,100,0.0002004008016032064,0.001331045367634713,1.9051849814437917e-05,0.00037909401626283614,0.010468327033988678,-0.015858546740594504,-0.01363897578508988,0.0,var_Visu,-0.05486148151049743,CentExe,0.26,5,0.47,0.001331045367634713
3379,79,0.00015831663326653308,0.0008907597952342237,1.7650152417906853e-05,3.971065129558e-05,0.011372415412064603,-0.013277267891468103,-0.016697811463606715,0.0,var_Visu,0.05837220694768107,Visual,0.24050632911392406,6,0.16455696202531644,0.0008907597952342237
3382,198148,0.39709018036072147,0.019672587987340038,0.003249271064099087,0.0010654863958022912,0.02591657617903398,0.2401950840467415,-0.027507790582589564,0.0062250341935268455,ac1_Sens,-0.45240160336757557,CentExe,0.260310474998486,5,0.10399802168076387,0.019672587987340038
3383,319,0.0006392785571142284,0.0015127355555833268,5.0831338336121816e-05,0.00020445056682012332,0.011485488978922489,0.015281742685036903,-0.020984901846578197,0.0001755182871877207,falff_DorsSal,0.15186927561967803,CentExe,0.2946708463949843,6,0.23824451410658307,0.0015127355555833268
3384,450,0.0009018036072144289,0.001168334985865354,0.0001345823664140644,0.0003480335150933533,0.010978961614731464,-0.009391996842988304,-0.006169235953676244,0.0,slope_Sens,-0.10220376516663775,Visual,0.2688888888888889,6,0.21555555555555556,0.001168334985865354
3385,85,0.00017034068136272546,0.0011303785240525089,5.9735839802867916e-05,7.406076122678757e-05,0.010443751661104799,-0.002633626092040542,-0.013931721796651031,0.0,falff_DefaMod,0.09025675933591197,Visual,0.3411764705882353,2,0.18823529411764706,0.0011303785240525089
3387,63,0.00012625250501002003,0.0008827016545074371,8.478961067727443e-06,0.00018109693727594298,0.03405446538034088,-0.009239118687495607,-0.01640666912519473,0.0,var_DorsSal,-0.06419446409156306,CentExe,0.2698412698412698,1,0.36507936507936506,0.0008827016545074371
3389,155,0.00031062124248496995,0.0009701326347720027,1.1505788897964731e-05,0.0006229582539251019,0.01014631049057772,-0.006839300496302325,-0.010205417372722403,0.0,var_Visu,0.045270588263576744,CentExe,0.22580645161290322,9,0.432258064516129,0.0009701326347720027
3392,169,0.00033867735470941886,0.0009825434949443034,6.940061199477672e-05,0.00013232388517996326,0.09461119274557582,-0.011029395981870582,-0.015588754817700057,0.0,fc_mean,0.09818989403452917,Sensorimotor,0.2958579881656805,0,0.24260355029585798,0.0009825434949443034
3393,52,0.00010420841683366733,0.000926674462173555,1.4436738355050009e-05,0.0003334615181128484,0.04820665793729257,-0.015962921641615502,-0.014980543114578193,0.0,netfc_Sens__Subc,0.0657065369374461,Visual,0.2692307692307692,2,0.5769230769230769,0.000926674462173555
3394,95,0.0001903807615230461,0.0009752110313774107,5.7159772038621204e-05,0.0004297844352662642,0.026239582477643044,-0.022080224776683588,-0.01721177760650283,0.0,falff_DorsSal,0.03778894160739476,Sensorimotor,0.3157894736842105,3,0.4842105263157895,0.0009752110313774107
3395,252,0.0005050100200400801,0.0017413337891713143,0.00010103645815073556,0.0003105681284283619,0.014375044756733056,0.020515971258765253,-0.009242402581767672,0.00029491800507259954,ac1_VentSal,0.15112858801579673,DefaultMode,0.35714285714285715,6,0.24206349206349206,0.0017413337891713143
3396,279,0.0005591182364729459,0.0018969204969861984,0.00013692961862741055,0.0002065911330550142,0.010871646691620074,-0.006910169909745578,-0.02233110800971483,0.0,ac1_DorsSal,-0.0808154111848365,DefaultMode,0.3046594982078853,9,0.24014336917562723,0.0018969204969861984
3397,13075,0.02620240480961924,0.01109014447851429,0.0010667320951145292,0.00014781819079878647,0.04547460554985271,0.23294951766794103,-0.015110216575700663,0.010593287428978065,var_Visu,0.3971052354309332,CentExe,0.20535372848948374,1,0.11479923518164437,0.01109014447851429
3398,433,0.0008677354709418838,0.002734080186182352,0.000146060186047596,0.0001098833084087147,0.011058256786931956,0.02027649900558748,-0.010563913615043274,0.00022422273274375678,ac1_Sens,-0.14427726606436928,DefaultMode,0.2909930715935335,6,0.15935334872979215,0.002734080186182352
3399,753,0.0015090180360721444,0.001498033168733347,1.5073949124632545e-05,0.0003662135754521256,0.03385270845800569,0.023181709169653453,-0.014795342747774498,0.0007847636420785555,fc_mean,0.18496768523907453,DefaultMode,0.25763612217795484,6,0.21381142098273573,0.001498033168733347
3401,2431,0.004871743486973948,0.0018344959899013868,0.00011289537785588664,0.005538752058490971,0.011672384404870282,0.0076841098612212555,-0.015289042398811237,8.969188410942893e-05,netfc_Visu__Sens,-0.1284211286143054,CentExe,0.27478403948992186,8,0.3480049362402304,0.005538752058490971
3402,5535,0.011092184368737474,0.0020593117021812605,8.98281764755394e-05,0.02979498831481019,0.021140130504997866,0.14417167540036802,-0.012597203930344358,0.0030478080330879702,var_Sens,-0.3435138578434407,DefaultMode,0.26088527551942187,2,0.5286359530261969,0.02979498831481019
3405,2040,0.004088176352705411,0.0033743953509983763,0.00042416583785265146,0.00792381209015977,0.013060922166990651,0.07840848305332648,-0.011522309117065088,0.0010240870943913026,ac1_VentSal,-0.28021362746475614,CentExe,0.30196078431372547,1,0.3975490196078431,0.00792381209015977
3406,12584,0.025218436873747495,0.7262154566037659,0.027132764481388544,3.801742222969822e-05,0.010422221666573599,-0.00706081119965174,-0.014243046630828982,0.0,netfc_Sens__VentSal,-0.10518783027314357,CentExe,0.5247139224411952,3,0.1047361729179911,0.7262154566037659
3408,1460,0.0029258517034068134,0.0030381934072628864,0.00028327776318967966,0.0022658810925566047,0.011665345988747987,-0.009183723006343847,-0.01141002835801741,0.0,falff_DorsSal,0.04678496941331989,CentExe,0.29726027397260274,4,0.24794520547945206,0.0030381934072628864
3409,28576,0.05726653306613227,0.001927419632701815,7.166045678094635e-05,0.23185601841828157,0.013556407162578001,0.02272517280103792,-0.01472544417228372,0.0003080716953308132,var_Visu,-0.14839572702847043,CentExe,0.2611982082866741,9,0.6652085666293394,0.23185601841828157
3410,64,0.0001282565130260521,0.0010457641317048992,9.998267004007469e-06,0.00041164410370641435,0.015436257756213273,-0.013758039231383856,-0.020079713717867653,0.0,ac1_VentSal,0.09196307885688963,CentExe,0.328125,7,0.5625,0.0010457641317048992
3412,201,0.0004028056112224449,0.0008967178410992235,2.1124804302998863e-05,0.0001198385363602892,0.01053447583976908,0.00943119698583883,-0.011146573346524802,9.935271678742213e-05,ac1_DorsSal,-0.12679688293511626,CentExe,0.31840796019900497,5,0.21393034825870647,0.0008967178410992235
3413,188,0.00037675350701402805,0.0010814722908772582,3.0037755528676257e-05,0.0006062625382912862,0.015690137112999356,-0.008115481070796182,-0.013783604856568266,0.0,netfc_VentSal__DorsSal,0.06941073122688828,CentExe,0.2712765957446808,2,0.3882978723404255,0.0010814722908772582
3415,146,0.0002925851703406814,0.07217295203151078,0.0004865692024480805,0.00015906076604209514,0.011099023713446655,-0.010279267123812108,-0.012153594491006059,0.0,fc_mean,0.08484756675165385,CentExe,0.8493150684931506,4,0.23972602739726026,0.07217295203151078
3416,180,0.00036072144288577156,0.0011642951607567218,6.561064180867884e-05,0.0009757714431029953,0.0137532663497009,0.007011848913527352,-0.01921289236403556,9.643582571160255e-05,netfc_Visu__DefaMod,0.1002261403729267,DefaultMode,0.34444444444444444,9,0.5666666666666667,0.0011642951607567218
3417,64,0.0001282565130260521,0.0010147240964101497,6.627915133639297e-05,0.00036427172948244087,0.026227708619649785,-0.017310321966032438,-0.014378921040967496,0.0,var_Sens,-0.045719321839527746,Sensorimotor,0.25,2,0.5625,0.0010147240964101497
3418,86,0.0001723446893787575,0.001097307454705094,7.617910872981433e-05,7.961678735823051e-05,0.12034280653395102,-0.002626004878985011,-0.010727463765479506,0.0,netfc_VentSal__DefaMod,0.10560770021241418,Sensorimotor,0.3953488372093023,5,0.26744186046511625,0.001097307454705094
3419,121,0.00024248496993987975,0.0009688742946345478,1.3882505406905295e-05,0.0006672936170368039,0.014603082560001238,-0.020884768823070665,-0.010826462083216803,0.0,var_Sens,-0.06194221640672149,CentExe,0.2975206611570248,2,0.5619834710743802,0.0009688742946345478
3420,41710,0.08358717434869739,0.0017654128450943314,0.00011603616858469464,0.2066958236965577,0.01455169930319956,0.07672783861882337,-0.012499193999428782,0.0011165204357655404,var_Sens,-0.25465194842319816,CentExe,0.2654759050587389,6,0.46410932630064733,0.2066958236965577
3421,232,0.00046492985971943886,0.001308893282622772,7.285919557790217e-05,0.00012946494239830062,0.0370795844296203,0.011810669114099115,-0.014195033282101699,0.00043793470258654695,fc_mean,0.1714205475994452,Sensorimotor,0.2413793103448276,9,0.22844827586206898,0.001308893282622772
3424,7283,0.014595190380761522,0.0018919680650899056,0.00017154519458832814,0.051122639584689586,0.016391856801582998,0.10281131983268732,-0.020835143875828965,0.0016852684322791606,var_Sens,-0.25740361849787324,CentExe,0.24248249347796239,4,0.6134834546203488,0.051122639584689586
3427,4287,0.00859118236472946,0.6037811748770194,0.012163726352004883,5.9810035178418865e-05,0.01014588957659324,0.007803559723030484,-0.010364722121108505,7.917405525421782e-05,var_VentSal,-0.14208970898679302,CentExe,0.7478423139724749,6,0.1112666200139958,0.6037811748770194
3429,126,0.00025250501002004006,0.001017312941821328,3.0238182216196278e-05,0.00042545270984353534,0.01241294658789408,-0.003565510945633399,-0.02043272250244388,0.0,slope_CentExe,-0.08020471622616789,DefaultMode,0.2698412698412698,9,0.4603174603174603,0.001017312941821328
3433,198,0.0003967935871743487,0.0013263036896034026,6.269179322574514e-05,5.042521243075254e-05,0.012336303824383738,-0.005234218871905449,-0.014899695209433572,0.0,var_Visu,0.09006941518271604,Sensorimotor,0.2727272727272727,9,0.16666666666666666,0.0013263036896034026
3434,338,0.0006773547094188377,0.001571384624298168,0.00011334273812292063,0.00027110284318240547,0.031092311165557173,-0.01098609271990525,-0.01706309426974184,0.0,var_DefaMod,-0.09504422856641515,CentExe,0.23076923076923078,7,0.23964497041420119,0.001571384624298168
3435,238,0.0004769539078156313,0.0007783076260741876,3.163357243577321e-05,0.0010390222744652952,0.10115170988398875,-0.008368159687855536,-0.011141122412418936,0.0,netfc_VentSal__DefaMod,0.11085666758861898,CentExe,0.2773109243697479,1,0.41596638655462187,0.0010390222744652952
3436,362,0.0007254509018036073,0.0012546986063284964,7.924972697229715e-05,0.00017459757199562604,0.01140033635545856,0.02321095718972943,-0.01223010200032748,0.0002646127190950647,ac1_DorsSal,-0.1767537861200876,DefaultMode,0.31767955801104975,6,0.212707182320442,0.0012546986063284964
3437,31329,0.06278356713426854,0.0058250413218731275,0.0005775991113423317,0.0013574600799119792,0.16634405422537538,0.10135728599698324,-0.014581487613744226,0.01686018187801906,fc_mean,0.3122541364644076,DefaultMode,0.2571100258546395,2,0.13074148552459383,0.0058250413218731275
3439,104,0.00020841683366733466,0.004697936066179461,0.00021967359191089102,0.0003700361999019619,0.01129400863634126,0.005092421827140647,-0.014294958022040616,5.751385609561921e-05,var_Sens,-0.1224625345322787,Sensorimotor,0.5288461538461539,5,0.41346153846153844,0.004697936066179461
3440,793,0.001589178356713427,0.0014569661693585377,0.0003222948510529765,0.00043470765489684134,0.015832294405060753,0.0705242752338735,-0.01238538138610612,0.00111656108820622,netfc_CentExe__Subc,0.15796198904457026,Sensorimotor,0.287515762925599,4,0.2080706179066835,0.0014569661693585377
3441,73,0.0001462925851703407,0.0013005918288034781,4.095257141475439e-05,0.00023890571521075838,0.01068929096028218,-0.006830792959405585,-0.016931983382740157,0.0,var_Sens,-0.07550866708942727,DefaultMode,0.3287671232876712,6,0.4383561643835616,0.0013005918288034781
3442,52,0.00010420841683366733,0.0009949515148160986,2.0039151459876273e-05,0.00027569044342327654,0.04343711548031061,-0.02149478715642794,-0.0074886551521151645,0.0,netfc_VentSal__CentExe,0.0679647616692331,CentExe,0.36538461538461536,4,0.5576923076923077,0.0009949515148160986
3443,207185,0.4152004008016032,0.009044575376703941,0.0008597195842396419,0.003128537342622111,0.08473873388775964,-0.006813879197366868,-0.009269876136303257,0.0,netfc_VentSal__DefaMod,-0.04289125819378309,CentExe,0.2605256172020175,2,0.10679827207568116,0.009044575376703941
3445,148,0.00029659318637274547,0.0012732748393201342,4.456195465735096e-05,0.0012075537715718343,0.01501885371701963,-0.012784462209166847,-0.01278740960776914,0.0,var_Visu,0.06826611663422064,CentExe,0.2702702702702703,0,0.6824324324324325,0.0012732748393201342
3447,90045,0.1804509018036072,0.0031697824484141243,0.00038136698922925635,0.011545739556829923,0.19151172185104928,0.06724953455922622,-0.016137842618559883,0.012879074157119058,netfc_Sens__DefaMod,0.20869321960307632,CentExe,0.2520739630184908,3,0.13278916097506802,0.011545739556829923
3448,159,0.00031863727454909817,0.0016547965986807003,0.00010811269613368786,0.00010858772090438401,0.014424143408738403,-0.010377739452978485,-0.012815358949813005,0.0,falff_Visu,-0.06478662222626366,CentExe,0.24528301886792453,3,0.18867924528301888,0.0016547965986807003
3449,1084,0.0021723446893787573,0.0018090655250322283,8.210353778362283e-05,0.006419763915238068,0.014957421185245536,0.05788710676733211,-0.01029198394583708,0.0008658418371142635,var_Sens,-0.188037813372613,CentExe,0.257380073800738,5,0.544280442804428,0.006419763915238068
3451,173,0.0003466933867735471,0.0009757004335549502,6.054139237793902e-05,1.9946330101759212e-05,0.01071325370811636,-0.0038858674580870556,-0.01743214582816255,0.0,netfc_Visu__DefaMod,-0.07793163801638092,CentExe,0.2023121387283237,6,0.16184971098265896,0.0009757004335549502
3453,429,0.0008597194388777555,0.0023331747940855863,0.0002034495937923878,0.0006934037888698025,0.015199834333427331,0.06258026148991958,-0.01526448241733025,0.0009512096071893398,fc_mean,0.23406647096362804,CentExe,0.351981351981352,7,0.26573426573426573,0.0023331747940855863
3454,59,0.00011823647294589178,0.0012133119839551662,3.373091077054928e-05,0.00019695011224326515,0.010512425981667333,-0.0033476979988575906,-0.014970053785318793,0.0,ac1_Sens,0.09494444543469671,Visual,0.288135593220339,5,0.3898305084745763,0.0012133119839551662
3455,761,0.0015250501002004007,0.15627732587835155,0.0023904200505347486,3.282608745242535e-05,0.010562996377566011,0.009766503917659652,-0.015027572236513409,0.00010316354550372317,var_CentExe,-0.10946514579006127,CentExe,0.8068331143232589,4,0.14191852825229961,0.15627732587835155
3456,168,0.0003366733466933868,0.0014715888787920105,0.0002067565529266549,0.0005066047123731226,0.03256480919296206,0.007831526470701955,-0.020603215998956648,0.00025503216520804075,var_DefaMod,-0.10774580862557477,Sensorimotor,0.4226190476190476,4,0.39285714285714285,0.0014715888787920105
3460,84,0.0001683366733466934,0.001180512199141297,4.6694942625666715e-05,9.459284034210502e-05,0.015387996198704111,-0.0056506455853408966,-0.01788904757772114,0.0,ac1_Sens,0.11498548885114412,CentExe,0.4166666666666667,7,0.27380952380952384,0.001180512199141297
3463,177,0.00035470941883767535,0.0017612040376264887,9.9882744302869e-05,0.00046531933345560293,0.010502434820986447,0.005737013445472394,-0.019092591145293047,6.0252609778196705e-05,netfc_Visu__DefaMod,0.09938980047426385,CentExe,0.4406779661016949,4,0.2937853107344633,0.0017612040376264887
3464,140,0.00028056112224448897,0.0018368170844387222,6.78166147130882e-05,0.0002398657547052833,0.0117933630293321,-0.015286831622543184,-0.011215373006616236,0.0,var_DorsSal,-0.020128482853691187,CentExe,0.4357142857142857,5,0.29285714285714287,0.0018368170844387222
3465,249,0.0004989979959919839,0.0036061060128635453,0.000137983915967159,4.611504911720349e-05,0.022546119993667978,0.054102742500481193,-0.014517719432800114,0.0012198069244023692,var_Visu,0.23071125505960846,CentExe,0.46184738955823296,3,0.1566265060240964,0.0036061060128635453
3467,862,0.0017274549098196393,0.002035026130563247,0.00017426999835769557,0.00309745436797763,0.014863678964831161,-0.014724815685010162,-0.016261030780879926,0.0,netfc_VentSal__Subc,-0.017840646877909688,Visual,0.23201856148491878,5,0.4222737819025522,0.00309745436797763
3468,329,0.0006593186372745491,0.0012860510809715336,0.00011716274083005087,0.0006005860704202523,0.014972086269314788,0.07634774160950952,-0.018461612760454882,0.0011430849738449309,ac1_VentSal,0.23203418616540658,Visual,0.270516717325228,5,0.3495440729483283,0.0012860510809715336
3471,8883,0.017801603206412827,0.0037746028347305565,0.00038424415748355306,0.0016113144418501175,0.12737619063024774,0.1510047571030083,-0.01420159183243519,0.019234410726827043,fc_mean,0.333645390443689,CentExe,0.2915681639085894,9,0.14803557356748845,0.0037746028347305565
3473,327,0.000655310621242485,0.0012856293965456296,2.994798495687223e-05,0.0013370386587478445,0.012319393603623347,-0.017326817176695153,-0.01399838553736954,0.0,ac1_Subc,0.07090446129763701,CentExe,0.2599388379204893,0,0.382262996941896,0.0013370386587478445
3474,318,0.0006372745490981963,0.00101469388262313,4.058225240251978e-05,0.0042327577328227775,0.024827460151414692,-0.011995747530688439,-0.014989360801524576,0.0,var_Sens,-0.060760772763470736,CentExe,0.24213836477987422,9,0.8962264150943396,0.0042327577328227775
3475,50,0.0001002004008016032,0.0008548980850642213,1.1353628514597319e-05,0.00045408988151689954,0.08020096533695323,-0.008109150866207893,-0.014729696128340297,0.0,netfc_Visu__Sens,0.05205934632037928,CentExe,0.3,0,0.72,0.0008548980850642213
3476,84,0.0001683366733466934,0.0017306840624787074,5.6793098001908776e-05,0.00010470552982238443,0.010849073832154514,-0.01729154949615941,-0.013330554299775255,0.0,var_Visu,-0.044840264275170176,DefaultMode,0.40476190476190477,0,0.32142857142857145,0.0017306840624787074
3477,302,0.0006052104208416833,0.004283591206054956,0.0003663302869465368,0.0004961805106174968,0.012213524529823452,-0.010929070447466716,-0.015624284953118295,0.0,slope_CentExe,-0.03702064841505907,Sensorimotor,0.4205298013245033,2,0.2847682119205298,0.004283591206054956
3479,1891,0.003789579158316633,0.0018969252021118438,0.00013476565335543623,0.006030208321286919,0.013530800501807605,0.05994337789788384,-0.013777614085614731,0.0008110818877407296,var_Visu,0.22993777244230948,CentExe,0.25594923320994184,5,0.39925965097831834,0.006030208321286919
3481,107,0.00021442885771543087,0.0016386434469070346,0.00010498113682158682,0.0001834780009352901,0.019371921703771732,-0.0211619095950335,-0.01194936269545166,0.0,ac1_CentExe,0.09179376135772299,CentExe,0.27102803738317754,8,0.3364485981308411,0.0016386434469070346
3483,1227,0.0024589178356713426,0.0014391672283258499,0.00024284671535312522,0.001159086512703191,0.04754966984019691,0.03794670465138572,-0.017865293582260522,0.0018043532776968554,fc_mean,0.19974384958255662,Visual,0.25835370823145887,0,0.28117359413202936,0.0014391672283258499
3484,97,0.00019438877755511023,0.0013457610288643378,4.530346087234434e-05,0.0007051748120421073,0.010775036474276817,-0.0007067779744782676,-0.02002222546165533,0.0,fc_sd,-0.10922221125039663,DefaultMode,0.4020618556701031,0,0.6494845360824743,0.0013457610288643378
3485,52892,0.10599599198396793,0.004001681529406587,0.00034639886643879597,0.1966344114821151,0.01873702180798023,0.042101167505876,-0.015095331956071378,0.0007888504936990273,ac1_DorsSal,0.14437004195906664,CentExe,0.25391363533237543,3,0.3638357407547455,0.1966344114821151
3492,771,0.0015450901803607214,0.001297756682478236,4.553092896680823e-05,0.0007985401998073557,0.018648709411584866,0.004128846980449685,-0.015387252811088326,7.69976675433058e-05,fc_mean,0.147507099691394,DefaultMode,0.27626459143968873,1,0.27496757457846954,0.001297756682478236
3493,80,0.00016032064128256512,0.0008058375518127821,1.6335033079009315e-05,0.00022584419404072097,0.3586326412938236,-0.014290294381848812,-0.017988307730348874,0.0,var_Sens,-0.05756336818092947,Visual,0.2625,7,0.3,0.0008058375518127821
3494,51,0.00010220440881763527,0.0008077064835024357,2.1774479817849862e-05,0.00024806879637935043,0.1854645608685046,-0.019596324434184798,-0.013837498843235485,0.0,netfc_CentExe__DefaMod,0.08236501964081512,DefaultMode,0.35294117647058826,9,0.47058823529411764,0.0008077064835024357
3496,116,0.00023246492985971943,0.0008870543479807551,9.428229641280945e-06,0.0002459095113575677,0.32459537102673697,-0.031063001340180696,-0.021737197052152046,0.0,netfc_VentSal__DefaMod,0.04098355947369935,CentExe,0.22413793103448276,3,0.3017241379310345,0.0008870543479807551
3499,355,0.0007114228456913828,0.0012812051992589011,6.668619837633343e-05,0.0001488088035726555,0.011342391134013018,0.003622011498449318,-0.014387272094034786,4.108227110730475e-05,ac1_Sens,-0.10276466557209579,CentExe,0.24225352112676057,7,0.17464788732394365,0.0012812051992589011
3500,1121,0.002246492985971944,0.0027141816112912767,0.00031912182753806787,0.0001817665867808549,0.014618056091669527,0.08756547657488545,-0.017301419952248542,0.0012800370482654495,falff_DefaMod,0.28383332448938203,CentExe,0.247992863514719,6,0.13648528099910795,0.0027141816112912767
3501,404,0.0008096192384769539,0.001246043085859863,3.3142062822084735e-05,0.0002862069781902535,0.01171963377608697,-0.0059568267017144905,-0.018289054449726505,0.0,netfc_Sens__DefaMod,-0.07926555188529463,DefaultMode,0.2400990099009901,5,0.22772277227722773,0.001246043085859863
3502,6723,0.013472945891783567,0.5007866977575002,0.06089807673351419,3.072821896124211e-05,0.010995248761295715,0.07312281261342746,-0.010560193562656917,0.0008040035148102469,var_Visu,-0.2702105232418028,Visual,0.9657890822549458,4,0.10873122118102038,0.5007866977575002
3503,65,0.00013026052104208417,0.0021506596581687726,0.00014149142748771067,0.0001677146123572265,0.011866410909176384,-0.009746832376926973,-0.017432675527359942,0.0,var_Visu,-0.037636052905453715,CentExe,0.5538461538461539,5,0.4153846153846154,0.0021506596581687726
3504,308,0.0006172344689378758,0.21597854957292056,0.0015456924534164229,0.0013893694358970748,0.009760536897662129,-0.016324449768033933,-0.012135026240726043,0.0,netfc_Visu__VentSal,-0.047244511090489355,CentExe,0.9902597402597403,4,0.38311688311688313,0.21597854957292056
3505,87,0.00017434869739478957,0.0009105062800894623,2.4902536148676362e-05,0.0005503736569181727,0.09162689642148321,-0.03396324747817081,-0.013053903910139608,0.0,netfc_DefaMod__DefaMod,0.06758210112901361,Visual,0.25287356321839083,3,0.5977011494252874,0.0009105062800894623
3506,469,0.0009398797595190381,0.002522123077533024,0.0001534135268646719,0.00017454977349980048,0.014840712779623604,0.017539682121661127,-0.007388402322923371,0.00026030138461347193,netfc_Visu__Visu,0.12964056986057562,DefaultMode,0.3859275053304904,6,0.15991471215351813,0.002522123077533024
3507,586,0.0011743486973947897,0.001435635116306747,0.00010206447814052463,0.0013521462589098055,0.036360374701441836,0.03211059372546288,-0.01307561668878976,0.0011675532197435974,fc_mean,0.21564283068350815,CentExe,0.20648464163822525,2,0.36689419795221845,0.001435635116306747
3510,31453,0.06303206412825652,0.043202200590080536,0.01154396111470981,0.0864220316252927,0.020085302404468937,0.11957325961414311,-0.01331768389971777,0.0024016650788381373,ac1_DefaMod,0.18746805414051254,CentExe,0.2929450290910247,0,0.3385686579976473,0.0864220316252927
3511,203,0.00040681362725450903,0.0011437838251617026,6.997824492243323e-05,0.0014213765024621218,0.021179451945085845,0.0017026962327799655,-0.011051139803272214,3.606217303924198e-05,slope_Sens,-0.11784922129162927,DefaultMode,0.28078817733990147,0,0.5911330049261084,0.0014213765024621218
3512,4558,0.009134268537074148,0.002611628842953091,0.00029164745309759397,0.021047043805056592,0.01691950585610439,0.06326441685995832,-0.015124894399069388,0.001070402671545094,ac1_Visu,0.2127928645666094,CentExe,0.2288284335234752,5,0.4811320754716981,0.021047043805056592
3513,313,0.0006272545090180361,0.0015784038428940728,0.00018214401752176775,0.001535211849089928,0.012052064649755195,-0.012267343475105053,-0.009271027335717275,0.0,netfc_DefaMod__Subc,-0.06009003299649835,Visual,0.329073482428115,2,0.46006389776357826,0.0015784038428940728
3514,388,0.0007775551102204409,0.0017000961470302564,0.00032509473312673445,0.0011254802324371861,0.01438494129265143,0.012133349565011553,-0.016877351762689896,0.00017453752117590893,fc_sd,0.12508145438139492,Visual,0.36597938144329895,9,0.422680412371134,0.0017000961470302564
3517,4672,0.009362725450901804,0.26727959472869595,0.008732310927959936,7.393590781127907e-05,0.010944516768759138,0.011860010368913376,-0.013131445515438767,0.00012980208236022968,netfc_CentExe__Subc,-0.11577523570075766,DefaultMode,0.589041095890411,6,0.1151541095890411,0.26727959472869595
3518,3507,0.007028056112224449,0.0037277738090673086,0.0006377176341650792,0.054983300398260535,0.017372934684245625,0.038807670923578064,-0.013410426263465558,0.0006742031322030198,fc_mean,-0.1914319243362776,Visual,0.2506415739948674,0,0.9766181921870545,0.054983300398260535
3519,50,0.0001002004008016032,0.0010267471051589971,5.6373082735245694e-05,0.00023157743760377443,0.02346003284939387,-0.022875964418687778,-0.020288831898692683,0.0,netfc_Sens__Subc,0.07837797411330105,DefaultMode,0.48,4,0.5,0.0010267471051589971
3521,5825,0.011673346693386773,0.002844165380675458,0.00019231347969517486,0.03836374759129104,0.01498175521119036,0.0005802635699456715,-0.016748246752513074,8.693366762897486e-06,netfc_VentSal__DefaMod,-0.060920520380789545,CentExe,0.2501287553648069,7,0.5642918454935623,0.03836374759129104
3522,24483,0.049064128256513025,0.023614064743727764,0.0017634279462819546,0.07776156668182124,0.021857587258845644,0.1327816173936518,-0.018278003861241787,0.0029022857885524006,var_DefaMod,-0.21226657721274308,CentExe,0.3012294244986317,9,0.3584936486541682,0.07776156668182124
3523,486,0.0009739478957915831,0.0014923200732147566,6.499207788968838e-05,0.0021629791460472,0.01391076843822393,0.03787746204614062,-0.0214223972610188,0.0005269046035514777,netfc_Sens__DorsSal,0.2166486196713784,DefaultMode,0.2654320987654321,5,0.48559670781893005,0.0021629791460472
3524,287,0.0005751503006012024,0.0026795616401273418,0.000545352419211924,0.0013857659864836924,0.017055235262839953,0.023879233817230117,-0.013394855625803226,0.0004072659506492234,netfc_Sens__DefaMod,0.1438427332895098,Visual,0.46689895470383275,4,0.5400696864111498,0.0026795616401273418
3526,109,0.00021843687374749498,0.0007555739877151416,7.098466390603859e-06,8.972884184826176e-05,0.6815683681891328,-0.014988204319685616,-0.008031620403446071,0.0,netfc_Sens__DefaMod,0.027138482012126135,CentExe,0.23853211009174313,8,0.23853211009174313,0.0007555739877151416
3528,106,0.0002124248496993988,0.0012338818771381738,0.00013946585429693546,0.0002869299695048269,0.018401423301501282,0.0009480178105736314,-0.014174005813331059,1.744487702972785e-05,netfc_CentExe__DefaMod,0.12525978889470898,Visual,0.4339622641509434,7,0.33962264150943394,0.0012338818771381738
3530,239,0.00047895791583166334,0.0016626064756932648,8.88648313623558e-05,0.00024080043619945345,0.011405911143245927,0.0014933107576552418,-0.010074370215449546,1.703256981106894e-05,var_Sens,0.059846080019894894,Sensorimotor,0.2510460251046025,2,0.25523012552301255,0.0016626064756932648
3531,98,0.00019639278557114228,0.0009536241827855097,2.1391042675232738e-05,0.0001008777088225603,0.024612904585056484,-0.01633520331659777,-0.009137566461117963,0.0,var_Sens,-0.03897519229948766,Visual,0.23469387755102042,2,0.22448979591836735,0.0009536241827855097
3532,81,0.0001623246492985972,0.0010673653544084653,3.744142140007759e-05,4.071911307673884e-05,0.010650035658125388,-0.012998546087561458,-0.017642398001882054,0.0,netfc_Visu__DorsSal,0.04393110677033829,Visual,0.2716049382716049,2,0.20987654320987653,0.0010673653544084653
3533,3657,0.007328657314629258,0.005607056431300075,0.001915965874515484,0.001624840353041196,0.026714948053234794,0.04029084082886003,-0.01064645692792654,0.0010763677197641473,slope_Sens,-0.19582031915106338,Visual,0.31036368608148757,7,0.1804757998359311,0.005607056431300075
3534,150,0.0003006012024048096,0.0013421309168690724,2.8329020498015336e-05,0.0010431407947493468,0.011830695941160286,-0.011395824539677468,-0.0074034359409331785,0.0,var_Visu,-0.04685720694377925,CentExe,0.29333333333333333,5,0.62,0.0013421309168690724
3535,2406,0.004821643286573146,0.004486813372580328,0.0006958129890481066,0.00045571146553353395,0.018330681614770965,0.044738234305853,-0.011161223360279582,0.0008200823290676151,slope_CentExe,-0.19192521013645142,Visual,0.25602660016625106,2,0.15336658354114713,0.004486813372580328
3536,451,0.0009038076152304609,0.003917770262674598,0.00042380570766047376,0.00035655166069747967,0.011384293261374207,-0.011853920525056738,-0.016543930543038377,0.0,var_Visu,0.043689641837712866,Visual,0.2638580931263858,9,0.19955654101995565,0.003917770262674598
3538,247,0.0004949899799599199,0.0012499758390194882,3.458449465005707e-05,0.0004995464326185183,0.012840585041698322,-0.005827777568187642,-0.0117255830388181,0.0,var_Visu,0.0817293040706379,CentExe,0.2145748987854251,2,0.3157894736842105,0.0012499758390194882
3541,1526,0.0030581162324649297,0.001664873659106632,0.00016314536412781152,0.006405057420367681,0.01253740399462834,0.01979996462917355,-0.01523447666583122,0.0002482401556353003,slope_Sens,0.15837485825815004,CentExe,0.31520314547837486,3,0.436435124508519,0.006405057420367681
3542,362,0.0007254509018036073,0.00227876114685194,6.943699799244504e-05,0.00017943795052029643,0.011409443987179654,0.0154562065455639,-0.009949312967327595,0.00017634672283589086,ac1_Visu,-0.146702191465473,DefaultMode,0.287292817679558,5,0.1850828729281768,0.00227876114685194
3543,218566,0.43800801603206413,0.024129966165386367,0.004043658372516789,0.0002627941898340484,0.029267930672632447,0.22729330328965536,-0.019917576307244556,0.006652404643035253,ac1_Sens,0.4484922124448651,CentExe,0.24950815771894988,8,0.10217508670149977,0.024129966165386367
3546,195,0.0003907815631262525,0.0008833475856142705,1.0640492299088842e-05,0.00027906514846348505,0.3271045051052635,-0.015999479107470682,-0.015045990935171893,0.0,netfc_Sens__CentExe,0.08345232646782325,CentExe,0.27692307692307694,5,0.24615384615384617,0.0008833475856142705
3547,548,0.001098196392785571,0.001174645553723272,9.665188828269543e-05,0.0006324268139424553,0.012710312125072577,-0.0004212102113800853,-0.015045665134008734,0.0,ac1_Sens,-0.12256868770418364,CentExe,0.2354014598540146,7,0.2591240875912409,0.001174645553723272
3548,186,0.0003727454909819639,0.0015224180509182705,3.13891567531636e-05,0.0021182888734376936,0.022354352931849376,0.0015799429093632522,-0.01523037450037834,3.531860140807905e-05,netfc_Sens__VentSal,0.11559796339079775,DefaultMode,0.26881720430107525,0,0.8333333333333334,0.0021182888734376936
3550,56,0.00011222444889779559,0.0009057955043571942,7.496481981870106e-06,0.00010265112997880414,0.3658017719530057,-0.019072090708086797,-0.008440537644023749,0.0,var_Visu,-0.03893334734510158,DefaultMode,0.30357142857142855,8,0.23214285714285715,0.0009057955043571942
3552,92,0.0001843687374749499,0.0014904758989292327,0.00015927613614813654,7.724164427349901e-05,0.011175097103228705,-0.006609768892011925,-0.01664086640923146,0.0,ac1_VentSal,0.10689747263053877,CentExe,0.22826086956521738,3,0.21739130434782608,0.0014904758989292327
3553,1484,0.002973947895791583,0.0015739399062436655,2.9750028038507105e-05,0.019604459069271774,0.01334331863119716,0.0064449638720252,-0.018204402460188174,8.599720651098645e-05,netfc_DorsSal__DefaMod,-0.10169780849328716,CentExe,0.27358490566037735,9,0.8814016172506739,0.019604459069271774
3554,129,0.00025851703406813627,0.0016563629485755146,4.887934534575422e-05,4.5678921334804875e-05,0.011141821359460425,0.005065206836111669,-0.018949444142386973,5.643562971667395e-05,slope_Sens,-0.11570058112094675,DefaultMode,0.3953488372093023,5,0.18604651162790697,0.0016563629485755146
3556,54,0.00010821643286573147,0.0009687184695884273,6.630546620291609e-06,0.00012363974923921138,0.011872850281011815,-0.01291574105303761,-0.01893819209248071,0.0,netfc_DefaMod__DefaMod,-0.037207132109532935,DefaultMode,0.3148148148148148,8,0.3333333333333333,0.0009687184695884273
3557,171,0.00034268537074148294,0.0012577793277584422,3.860641910747835e-05,0.00020903121431480195,0.01506453280789794,-0.011068702374181782,-0.01660384111819302,0.0,ac1_DefaMod,-0.06943944137882552,CentExe,0.38011695906432746,9,0.22807017543859648,0.0012577793277584422
3558,120829,0.24214228456913828,0.013998691299342643,0.0009628999964190941,0.002547836947368383,0.030704442284711007,0.054309918238656385,-0.011898777107022918,0.0016675557500461986,netfc_DorsSal__DefaMod,-0.22332625640439177,CentExe,0.25194282829453196,4,0.1132509579653891,0.013998691299342643
3562,417,0.0008356713426853707,0.0016403541653127736,5.580273385824746e-05,0.0009718365703984372,0.012116821918758458,-0.016428192932439023,-0.020298580343838468,0.0,netfc_VentSal__Subc,0.05129786922930652,CentExe,0.2422062350119904,8,0.34772182254196643,0.0016403541653127736
3564,506,0.0010140280561122244,0.3531796972478486,0.002461871355696661,0.0004666678494770975,0.009802297078238027,-0.0031640582171210685,-0.01599559789218241,0.0,ac1_Sens,-0.11449726706161818,CentExe,0.9881422924901185,2,0.18774703557312253,0.3531796972478486
3568,302,0.0006052104208416833,0.001531664890227431,8.898733860904009e-05,0.0003145644109556645,0.012964014676732541,-0.0024720046715740462,-0.015443203750528989,0.0,var_Visu,0.06739621451437364,Visual,0.271523178807947,6,0.2119205298013245,0.001531664890227431
3570,50,0.0001002004008016032,0.0009708540999900218,1.9101508453048737e-05,0.00025661449134253676,0.013572430481731299,-0.013360670577506006,-0.017383505163690582,0.0,ac1_VentSal,0.07534750803711783,DefaultMode,0.28,9,0.52,0.0009708540999900218
3571,188,0.00037675350701402805,0.001534323510683048,2.335308667014272e-05,0.0009804546501058363,0.012466885576678202,-0.00043178994692660844,-0.015095502812306982,0.0,ac1_DorsSal,0.06474165545683129,CentExe,0.22872340425531915,2,0.5372340425531915,0.001534323510683048
3574,151,0.0003026052104208417,0.001358553204491687,9.724602442657632e-05,0.00044034480650298664,0.011387318885892691,-0.012708678235130888,-0.019903773130988345,0.0,netfc_DorsSal__DefaMod,-0.03707702177778819,CentExe,0.31125827814569534,4,0.3841059602649007,0.001358553204491687
3575,93,0.00018637274549098196,0.0011007989134504631,5.0322549933350143e-05,8.735417126571846e-05,0.01053759750245636,-0.008920692304482891,-0.010384426328568397,0.0,slope_CentExe,0.052545422276348876,CentExe,0.3763440860215054,1,0.23655913978494625,0.0011007989134504631
3577,100,0.0002004008016032064,0.001016929918545382,3.098612997848163e-05,9.663183420325314e-05,0.027011862925272644,-0.029893210631497524,-0.013138887045875514,0.0,falff_Subc,0.12196752719670073,CentExe,0.43,4,0.2,0.001016929918545382
3578,199,0.00039879759519038076,0.001208697997605049,6.775795395482768e-05,0.00018571804534900333,0.027440033659542746,0.00036228084139955374,-0.01693226192689745,9.940998482211222e-06,netfc_Visu__Visu,0.13013533703182745,Sensorimotor,0.2613065326633166,8,0.22110552763819097,0.001208697997605049
3579,176,0.0003527054108216433,0.0010631221358448585,1.7402211046110245e-05,0.00014906574406340197,0.05530036223657913,0.0024543547132280796,-0.013412649691512124,0.0001357267046985681,netfc_Sens__DorsSal,0.12520865466281403,DefaultMode,0.2556818181818182,1,0.22727272727272727,0.0010631221358448585
3580,72,0.00014428857715430862,0.0009401104079851624,5.644954259982595e-05,2.2673791725861975e-05,0.0104886641900767,-0.016149323347788958,-0.011795023855053044,0.0,falff_CentExe,0.026223270249502717,Sensorimotor,0.2916666666666667,0,0.18055555555555555,0.0009401104079851624
3581,15782,0.03162725450901804,0.020772008524665396,0.004360490935044219,0.07297582377506691,0.016701271502629327,0.019736001180269525,-0.013027065312371855,0.00032961631408789417,var_DefaMod,-0.13673217397193632,CentExe,0.2684070460017742,9,0.45013306298314537,0.07297582377506691
3582,376,0.0007535070140280561,0.0014468736051896328,4.789726555704372e-05,0.00024887272025747554,0.226777111551197,-0.012042343563635649,-0.012855904681427832,0.0,netfc_Visu__CentExe,0.10121648580126005,CentExe,0.28191489361702127,4,0.19680851063829788,0.0014468736051896328
3583,11737,0.023521042084168338,0.49718105276103974,0.015598042640135125,0.00011384677919212214,0.010654791939799554,0.01597626521719331,-0.01630254050453739,0.00017022378186425124,netfc_Sens__DefaMod,-0.1701092012275619,DefaultMode,0.41637556445428986,3,0.1069268126437761,0.49718105276103974
3584,163,0.00032665330661322644,0.0010424058286987615,7.959195399807061e-05,9.118505113679214e-05,0.010018876049178558,-0.01378383892013435,-0.015641667061211395,0.0,falff_Visu,-0.055045303395499665,CentExe,0.26380368098159507,9,0.22085889570552147,0.0010424058286987615
3588,336,0.0006733466933867736,0.0012938790259544052,7.589254055799445e-05,4.059020958607378e-05,0.011126998546658218,0.0037564571989475715,-0.02260687948726936,4.179809379327343e-05,ac1_VentSal,-0.1214968431810918,CentExe,0.35119047619047616,7,0.13988095238095238,0.0012938790259544052
3590,1303,0.0026112224448897794,0.0025681732668706232,0.0004589428375167648,0.0031092234591927463,0.015529038199033843,0.021613593569072664,-0.012857225400831673,0.00033563832015252165,var_Sens,-0.11945650996983424,CentExe,0.3553338449731389,9,0.37989255564082886,0.0031092234591927463
3593,4649,0.009316633266533066,0.3460658997283406,0.023728839872009872,2.1038797514900718e-05,0.010756850427178315,0.0004243797889376122,-0.015057995950542136,4.564989913919397e-06,var_Subc,0.10227437893904055,CentExe,0.5979780597978059,3,0.10690471069047107,0.3460658997283406
3594,142,0.0002845691382765531,0.0010114328747708964,3.860290817161672e-05,0.0004341720120649518,0.017564168623873843,-0.010564149436564696,-0.02311935929746345,0.0,netfc_Sens__DorsSal,0.0767959281783423,Sensorimotor,0.2605633802816901,0,0.4225352112676056,0.0010114328747708964
3595,725,0.0014529058116232465,0.001585557338941038,7.775716345359678e-05,0.00010801524617915321,0.017996488291276366,0.07739715645125433,-0.018620727986587537,0.0013928770198530836,slope_Sens,-0.23478756450242258,CentExe,0.25517241379310346,7,0.13655172413793104,0.001585557338941038
3597,64,0.0001282565130260521,0.0014682760868015882,3.935823175144467e-05,0.00013902725008582958,0.010036025047256576,-0.011695535829290282,-0.018274676597189288,0.0,netfc_DorsSal__CentExe,0.07036170244268447,CentExe,0.328125,4,0.3125,0.0014682760868015882
3599,8626,0.017286573146292585,0.00311466312281383,0.00030851095065055335,0.05255686863564156,0.014486401678991047,0.01173056187339827,-0.010112204656308021,0.00016993363121830507,slope_VentSal,0.11090446143371344,CentExe,0.24101553443079063,6,0.4641780663111523,0.05255686863564156
3600,820,0.0016432865731462927,0.005453054032082496,0.0005595413973175994,0.00025760512817215073,0.012902695214051983,0.0427519116133418,-0.019722065394263355,0.0005516148853650386,slope_CentExe,0.19777610007476487,CentExe,0.39878048780487807,9,0.19634146341463415,0.005453054032082496
3601,87,0.00017434869739478957,0.0008409702933021223,9.363224838290262e-06,0.00018321327805374262,0.026026165918789108,-0.013965537015240503,-0.012015299257256862,0.0,netfc_CentExe__CentExe,0.08435200940302418,CentExe,0.2413793103448276,1,0.28735632183908044,0.0008409702933021223
3602,26491,0.05308817635270541,0.0009334081788435122,2.028652821217176e-05,0.34292421121991945,0.015199017063390136,0.03973887448376434,-0.017075154906461387,0.000603991831358653,var_Sens,-0.17249709299373583,CentExe,0.2562379676116417,9,0.8768260918802612,0.34292421121991945
3603,1880,0.0037675350701402805,0.0016197007616149631,1.8216179239503376e-05,0.005174857005323182,0.011438754128073195,-0.004394897279854204,-0.012161068786420204,0.0,netfc_DefaMod__DefaMod,-0.10628746847547779,CentExe,0.26648936170212767,5,0.3478723404255319,0.005174857005323182
3604,108,0.00021643286573146294,0.0007654198691155915,1.0493913403004277e-05,0.0001727922433919189,0.39288804279476996,-0.010696798673394348,-0.02560480063694337,0.0,netfc_Visu__DefaMod,0.0414861389599514,CentExe,0.25925925925925924,0,0.2962962962962963,0.0007654198691155915
3605,184,0.0003687374749498998,0.0010155596075307023,1.1096810713919037e-05,0.00044666833458490183,0.012236285066099138,-0.00447664734303399,-0.014444593361701008,0.0,slope_VentSal,0.07747034741512854,CentExe,0.30978260869565216,3,0.29891304347826086,0.0010155596075307023
3606,11278,0.02260120240480962,0.0034868404841981995,0.00019101967452468457,0.07680846516054157,0.016462008223155012,0.06930111079242052,-0.018969907267378128,0.001140835455738603,fc_mean,-0.24716345986681634,CentExe,0.2597091682922504,8,0.5050540876041851,0.07680846516054157
3607,723,0.0014488977955911823,0.0033304890982511224,0.0002132258846440533,0.0032989220039019527,0.012148854208149403,0.042199699761246046,-0.012568747535545821,0.0005126780000270554,slope_Visu,0.2007991204270453,DefaultMode,0.31258644536652835,5,0.46196403872752423,0.0033304890982511224
3608,100,0.0002004008016032064,0.0008831055096456935,1.8636396679648e-05,0.00026345016540931703,0.27741085329918985,-0.027004480908065398,-0.011302804787029164,0.0,netfc_CentExe__DefaMod,0.08751451943184399,DefaultMode,0.31,0,0.36,0.0008831055096456935
3609,56,0.00011222444889779559,0.0009018226322042188,1.9519442800454148e-05,0.000242795614631883,0.10742415147431514,-0.01657194928373773,-0.010275470424945699,0.0,netfc_VentSal__VentSal,0.04727358803724555,CentExe,0.2857142857142857,9,0.42857142857142855,0.0009018226322042188
3610,2515,0.005040080160320641,0.0022843393416504087,0.0003853474809495484,0.003641723788028396,0.05247824222194833,0.049541414108918436,-0.01576336368426734,0.00259984632962567,fc_mean,0.14644874012153372,CentExe,0.3256461232604374,5,0.2755467196819085,0.003641723788028396
3611,9339,0.018715430861723448,0.5714301961486811,0.025208187833777127,0.00011525703984555834,0.010298933812092893,0.013114359505361883,-0.01706594347157675,0.00013506392053371332,var_DorsSal,-0.12626789897179466,Visual,0.42135132241139306,4,0.10932648035121534,0.5714301961486811
3612,41982,0.08413226452905812,0.004565724863959769,0.0005432403919944667,0.005935940484382418,0.1836273510295776,0.009378068985905652,-0.010649180481222098,0.001722069965654492,ac1_DefaMod,-0.11151810603113609,CentExe,0.24350912295745797,6,0.12929350674098422,0.005935940484382418
3613,271,0.0005430861723446893,0.0017556692460461514,6.77356531041638e-05,0.0006793223669572461,0.012581608915672981,0.011139545922292715,-0.019606739484439917,0.00014015341029246663,var_VentSal,0.15615636388637055,DefaultMode,0.2952029520295203,7,0.3505535055350554,0.0017556692460461514
3614,8125,0.01628256513026052,0.7122107818543483,0.048394116974802164,9.896725790096233e-05,0.01027515884925222,0.002437233841121267,-0.014868382683691062,2.5042964870294165e-05,netfc_Sens__Sens,-0.13623071664377967,VentSal,0.4718769230769231,4,0.10744615384615384,0.7122107818543483
3615,108,0.00021643286573146294,0.0011847927499500234,3.4596143037655605e-05,4.807435652007121e-05,0.01666043833919715,0.00022603220291583792,-0.0114164078845298,3.765795579352216e-06,netfc_VentSal__DefaMod,0.15099924441735876,CentExe,0.37962962962962965,7,0.23148148148148148,0.0011847927499500234
3617,225,0.00045090180360721443,0.0013665207772499736,5.026645866143418e-05,0.0009268976668010243,0.014050884611188754,0.005168701772994555,-0.014861748393679264,7.262483220199322e-05,fc_mean,0.11288347412636938,CentExe,0.24444444444444444,0,0.49333333333333335,0.0013665207772499736
3618,203,0.00040681362725450903,0.0013536312948194268,6.513924846579372e-05,0.000709465485564429,0.011408215402559287,-0.009240415060071783,-0.015992705713212096,0.0,fc_sd,0.06508161512000608,DefaultMode,0.35960591133004927,4,0.37438423645320196,0.0013536312948194268
3619,70,0.00014028056112224449,0.0014965103009088616,0.00010568863020457019,6.508954505019188e-05,0.022719463664151337,-0.002246967424141655,-0.01651394815788687,0.0,fc_mean,0.11916286830567684,Visual,0.4142857142857143,6,0.21428571428571427,0.0014965103009088616
3621,387,0.0007755511022044089,0.0029539467988315277,0.00015548793764085534,0.0004643813521528246,0.012724385337109788,0.019780610572900925,-0.01649319928945303,0.00025169611113289936,var_Visu,0.1544495365039058,DefaultMode,0.28165374677002586,6,0.27648578811369506,0.0029539467988315277
3623,235,0.00047094188376753507,0.0011278599294547041,4.8171443141690664e-05,0.00032530721624422163,0.10066466416823147,-0.013594121591707253,-0.015798015522748177,0.0,netfc_CentExe__Subc,0.07956987315613198,CentExe,0.24680851063829787,9,0.2680851063829787,0.0011278599294547041
3624,159,0.00031863727454909817,0.001220088547366893,3.922450054511274e-05,0.0003204467765082132,0.010546701017049319,-0.013395758108762479,-0.012278127348786416,0.0,var_DefaMod,0.042978955704366655,DefaultMode,0.2578616352201258,4,0.3018867924528302,0.001220088547366893
3625,92,0.0001843687374749499,0.0013121028480736893,4.565961217769266e-05,6.140611997554423e-05,0.03419688370148512,-0.015197649874231445,-0.014478953816705609,0.0,netfc_Subc__Subc,0.04660108032470797,DefaultMode,0.3804347826086957,0,0.20652173913043478,0.0013121028480736893
3627,555,0.0011122244488977957,0.0060441362174605134,0.0004905138084286722,0.001169966782491137,0.01221970378753508,0.04437958580113921,-0.01271529349957623,0.0005423053927034189,fc_sd,-0.2091146771848757,Visual,0.3279279279279279,5,0.3333333333333333,0.0060441362174605134
3629,37799,0.07574949899799599,0.037249132693827194,0.0036192757632746747,0.10188922121721641,0.028879371356068766,0.3056428386664277,-0.01681622411872441,0.00882677304017078,var_Visu,-0.43327217997430956,CentExe,0.2218577211037329,0,0.3131299769835181,0.10188922121721641
3634,4632,0.00928256513026052,0.7056398612927387,0.005812868435618831,0.00011192229688713886,0.010263652251669397,-0.005779849902188605,-0.019032415807838543,0.0,netfc_Sens__Sens,-0.09263511424743187,CentExe,0.606433506044905,6,0.11636442141623489,0.7056398612927387
3638,11109,0.0222625250501002,0.8541700060598459,0.04714918048640741,1.79747148801587e-05,0.010198783611921659,-0.00309998821317925,-0.014728565893418422,0.0,fc_mean,-0.062333056836680056,CentExe,0.564947339994599,8,0.10378972004680889,0.8541700060598459
3640,58,0.00011623246492985972,0.0010759908332628918,2.855341077576819e-05,2.2341253958458614e-05,0.010539758542111788,-0.009849641328370407,-0.01850600013100223,0.0,falff_DorsSal,0.08174514144486998,CentExe,0.3275862068965517,8,0.1896551724137931,0.0010759908332628918
3642,75,0.0001503006012024048,0.008133646198966865,0.0004263126577781704,0.00022034121400110152,0.010174318619101518,-0.01705469007115301,-0.012828461481239062,0.0,netfc_Visu__CentExe,-0.03862331569810176,Visual,0.7733333333333333,5,0.36,0.008133646198966865
3643,168,0.0003366733466933868,0.0011212007398886902,2.4495710897202614e-05,0.0001285980375673915,0.012583266432301817,-0.015380359607590322,-0.0073445085533012655,0.0,falff_DefaMod,-0.03628022713185518,CentExe,0.2916666666666667,7,0.22023809523809523,0.0011212007398886902
3646,711,0.0014248496993987975,0.0034051517353089382,0.000461377842107713,0.00021363273229958485,0.014792082691863703,0.02012733087429286,-0.01433227713918872,0.00029772514265904136,netfc_Visu__DefaMod,-0.07686004733917169,CentExe,0.31926863572433195,4,0.1659634317862166,0.0034051517353089382
3649,4517,0.009052104208416834,0.004933133658988058,0.0005675069418587343,0.0011395224408282886,0.03133329351530082,0.25318559742442015,-0.023200147147337535,0.007933138637946148,ac1_Sens,0.42709908480372505,CentExe,0.22603497896834182,6,0.1565198140358645,0.004933133658988058
3652,418,0.0008376753507014028,0.0019154343921922038,5.0138579293231514e-05,0.0009719737110681354,0.011604963765574116,-0.011485946906362177,-0.013706873714583123,0.0,var_CentExe,0.07175180941534627,CentExe,0.2894736842105263,6,0.34210526315789475,0.0019154343921922038
3653,51,0.00010220440881763527,0.0009521797217691999,3.5373136157695024e-05,2.402402514926341e-05,0.009903189308945378,-0.013070468255738321,-0.013448497206865806,0.0,var_Subc,0.03327121150960897,DefaultMode,0.35294117647058826,5,0.17647058823529413,0.0009521797217691999
3656,29096,0.05830861723446894,0.001185914959273231,7.187165853992103e-05,0.16744667429695587,0.01730373494147621,0.007588809173096012,-0.013763623488284527,0.00013131474245269665,netfc_VentSal__DefaMod,-0.112364683407188,CentExe,0.2593827330217212,0,0.49319494088534505,0.16744667429695587
3657,988,0.0019799599198396796,0.0030929103430693623,0.00017173652185386733,0.0003022467301838339,0.022097689547144594,0.03209636837877783,-0.012061316185546511,0.000709255584025021,var_Visu,0.17805195357384695,Sensorimotor,0.24595141700404857,5,0.15688259109311742,0.0030929103430693623
3658,25720,0.05154308617234469,0.003051738132838537,0.0003678470081007094,0.19462599767927893,0.01853598570031918,0.10825126726137468,-0.013294099312175733,0.002006543941998271,var_Sens,-0.3065334730423406,CentExe,0.24933903576982894,7,0.5506220839813375,0.19462599767927893
3660,196,0.00039278557114228455,0.0009988830392366108,3.139127117268973e-05,4.258640176139472e-05,0.009987640931431944,-0.006793071349205704,-0.010025500513118235,0.0,netfc_DefaMod__DefaMod,-0.08230124671213865,DefaultMode,0.29081632653061223,7,0.14285714285714285,0.0009988830392366108
3663,736,0.0014749498997995991,0.0020071058941067456,0.00025976800226248123,0.00010866200887043158,0.010819167998415537,0.014604811640871351,-0.018157158484159996,0.00015801191072780204,slope_Sens,0.1579061835971191,CentExe,0.2703804347826087,5,0.125,0.0020071058941067456
3664,776,0.0015551102204408819,0.0023109411022817767,0.00019672854794725204,0.0004693081406561242,0.01915487941523524,0.026087522491534454,-0.01380114236946195,0.0004997033475675797,netfc_Visu__Sens,0.1380782811665522,Sensorimotor,0.24871134020618557,1,0.20489690721649484,0.0023109411022817767
3666,1229,0.002462925851703407,0.0037748628371658526,0.00018787797152472073,0.0013962942148307421,0.01271075999957486,-0.010873098389693858,-0.014660197325951252,0.0,fc_mean,-0.09191107234227049,DefaultMode,0.28315703824247357,9,0.22945484133441824,0.0037748628371658526
3668,64,0.0001282565130260521,0.0009088645087715093,3.2631180793685912e-06,5.331867535082707e-05,0.010099366217945008,-0.016338176477529665,-0.016156826237119226,0.0,var_DorsSal,0.03161861968226585,CentExe,0.28125,3,0.234375,0.0009088645087715093
3669,66,0.00013226452905811624,0.0009064959844309798,2.475063291633567e-05,9.33861325044264e-05,0.4945958125716535,-0.019245291269406994,-0.011768147900926396,0.0,slope_DorsSal,0.030924781849342418,CentExe,0.4090909090909091,7,0.22727272727272727,0.0009064959844309798
3670,402,0.0008056112224448898,0.002042154728180808,0.00021056442408429174,0.0012639834874693726,0.012766047946759595,-0.004580402168662623,-0.022114387593008766,0.0,var_Subc,0.08614667995111765,DefaultMode,0.4427860696517413,4,0.39054726368159204,0.002042154728180808
3671,128,0.0002565130260521042,0.0011017325935880065,4.3911023655824526e-05,0.00024120231859410733,0.014231511308018713,-0.010841558928456951,-0.01656274560237936,0.0,netfc_CentExe__CentExe,0.07842309365209718,Visual,0.2890625,4,0.3359375,0.0011017325935880065
3675,231,0.0004629258517034068,0.001354757316991383,0.00013787857506893772,0.001331466655605484,0.034503394090350865,-5.186729956196956e-05,-0.012259926087956785,0.0,netfc_CentExe__Subc,0.10627234018507287,Visual,0.3333333333333333,9,0.5974025974025974,0.001354757316991383
3678,195,0.0003907815631262525,0.0009236795486920757,7.782181438112959e-05,0.0008238000961885994,0.15551127175244614,-0.026059891789967704,-0.007935695004881227,0.0,netfc_VentSal__DefaMod,0.07643817438450778,Sensorimotor,0.24615384615384617,2,0.4666666666666667,0.0009236795486920757
3679,304,0.0006092184368737475,0.0012514249153906943,6.439206183963922e-05,0.001078940628449983,0.015516027268630854,-0.012778370114362891,-0.01701690346635365,0.0,ac1_Subc,0.10742967271992981,DefaultMode,0.32894736842105265,0,0.4605263157894737,0.0012514249153906943
3680,160,0.00032064128256513024,0.0011320028926552243,2.7970225231341815e-05,6.010023372209349e-05,0.012493861869849025,0.0030611726724052435,-0.018062295016441743,3.824586852878771e-05,fc_sd,0.1193873472245439,DefaultMode,0.25625,3,0.18125,0.0011320028926552243
3681,2049,0.004106212424849699,0.002693589510586653,0.00026175818540427435,0.0007782562584359047,0.012874030068121598,0.0007128462340243447,-0.014499059809560011,9.177203850776659e-06,falff_DefaMod,-0.08324211737773432,CentExe,0.2913616398243045,7,0.20497803806734993,0.002693589510586653
3683,82,0.00016432865731462926,0.0248713819059809,0.0004472861874871848,8.382292437696733e-05,0.009852854863939867,-0.015368179004750404,-0.011562633017742296,0.0,netfc_Visu__Visu,0.055104707711279295,Visual,0.7317073170731707,8,0.24390243902439024,0.0248713819059809
3684,1050,0.002104208416833667,0.4830522698763593,0.00496759519235157,4.556834767911147e-05,0.00982021085495803,-0.014691741416127613,-0.01443124151688746,0.0,var_CentExe,-0.033084935316181285,CentExe,0.96,7,0.12095238095238095,0.4830522698763593
3685,150,0.0003006012024048096,0.0010091047309489837,2.609915268814859e-05,4.875319441843668e-05,0.01196642073073765,0.004360231924063207,-0.02264944308493755,5.217636968693407e-05,ac1_VentSal,0.13557386778749542,DefaultMode,0.26666666666666666,5,0.16,0.0010091047309489837
3686,67,0.0001342685370741483,0.0011815475163804768,4.427283873038966e-05,3.491810596597773e-05,0.015698454777285934,-0.015178144825945816,-0.007775361400092828,0.0,fc_sd,0.0668073252260093,CentExe,0.3880597014925373,2,0.19402985074626866,0.0011815475163804768
3689,181,0.00036272545090180363,0.001227972227347786,6.673190565030846e-05,0.0011275036766715226,0.012171065843179856,-0.004559577016516103,-0.013576101959551279,0.0,var_Visu,-0.10911312842101138,Visual,0.2596685082872928,4,0.5193370165745856,0.001227972227347786
3690,274,0.0005490981963927855,0.0017849231269217879,6.233849969714758e-05,0.0003202399597314212,0.01105753966355958,-0.004515600834160027,-0.014219962912612072,0.0,slope_DorsSal,-0.10321387819655248,CentExe,0.3613138686131387,7,0.28102189781021897,0.0017849231269217879
3691,196,0.00039278557114228455,0.0009848825895226814,5.705121732570389e-05,0.00011160097945366833,0.010549293883506686,-0.010011420070088262,-0.015280903173320981,0.0,var_Visu,0.05163206414905968,Sensorimotor,0.27040816326530615,0,0.20918367346938777,0.0009848825895226814
3693,1208,0.0024208416833667334,0.0015115650215642073,6.268107345708115e-05,0.0006628091255678483,0.03759814128116808,0.0571381403089094,-0.011535589014045833,0.0021482878718775806,netfc_Visu__CentExe,0.16287544340006277,CentExe,0.28228476821192056,2,0.21357615894039736,0.0015115650215642073
3694,220,0.0004408817635270541,0.0011217528141687968,0.00010124181035414802,0.0003315125642131983,0.029646726773927965,-0.013878742062963578,-0.012992703659671312,0.0,netfc_Subc__Subc,0.07702009162805572,Visual,0.31363636363636366,4,0.2409090909090909,0.0011217528141687968
3695,294,0.0005891783567134269,0.0018486712333507013,7.213327611648217e-05,0.00047551515563598904,0.013352176967488182,0.011713794906440422,-0.016105907542733222,0.00015640466255165418,var_Sens,-0.13104453083891468,Visual,0.2585034013605442,2,0.30272108843537415,0.0018486712333507013
3698,205,0.00041082164328657317,0.001487218906111868,0.00017407456040390224,0.00033363055071490674,0.01818288682617394,0.017197851150630106,-0.010946820617087516,0.00031270658112529247,netfc_DefaMod__DefaMod,0.116512694412223,Visual,0.375609756097561,2,0.25365853658536586,0.001487218906111868
3699,236,0.00047294589178356714,0.0015125370418788424,1.3242581562484091e-05,8.070087084561972e-05,0.01410715691406939,-0.00867759987473904,-0.017657361763866675,0.0,slope_VentSal,-0.06282806827409967,CentExe,0.2669491525423729,5,0.18220338983050846,0.0015125370418788424
3700,237,0.0004749498997995992,0.0011763734002363873,3.466864555438349e-05,0.0003454298965418879,0.018439142802148648,0.04412269456988649,-0.014412871588011411,0.0008135846659897257,var_Sens,-0.17950761592215497,CentExe,0.32489451476793246,3,0.2320675105485232,0.0011763734002363873
3701,519,0.0010400801603206412,0.004756768999261668,0.000605435532187211,0.0001392084327240233,0.012054760313986775,0.0153780971256533,-0.014059968846358961,0.0001853792749349595,netfc_Sens__Sens,0.17272232018396091,Sensorimotor,0.4026974951830443,3,0.15221579961464354,0.004756768999261668
3702,218,0.00043687374749498995,0.0016666679519065412,7.112509933367674e-05,0.00018727379463429154,0.012842652823456448,-0.004480618134608205,-0.01675122461755163,0.0,falff_VentSal,0.09620856453474269,CentExe,0.3394495412844037,3,0.22935779816513763,0.0016666679519065412
3703,209,0.0004188376753507014,0.0011480386239580464,5.19984342641789e-05,0.00011526212391459157,0.012618176880561747,-0.00425256791702644,-0.01054353214182946,0.0,ac1_DefaMod,0.0856132020636626,DefaultMode,0.3349282296650718,5,0.18660287081339713,0.0011480386239580464
3704,61,0.00012224448897795592,0.0015517340311933282,6.58712286856956e-05,9.44750493667903e-05,0.055800875817988656,-0.016475404083454936,-0.02099628665654607,0.0,netfc_Visu__VentSal,0.050794181619037815,Sensorimotor,0.2786885245901639,7,0.2459016393442623,0.0015517340311933282
3705,5581,0.01118436873747495,0.0021950187259711985,0.00011392959108218987,0.035471265481138124,0.023560245871879174,0.18011367429812053,-0.009683319078264807,0.004243522451351284,var_Sens,-0.33110936962040877,CentExe,0.282028310338649,4,0.577674251926178,0.035471265481138124
3706,401,0.0008036072144288577,0.007845741873944767,0.0005940318492706868,0.00033067838645636603,0.014278821913552234,0.06529783533355871,-0.018871119303395023,0.0009323761620683434,fc_sd,0.22533338116996302,Visual,0.39650872817955113,6,0.2144638403990025,0.007845741873944767
3709,155,0.00031062124248496995,0.0012806904692351895,9.933489667451648e-05,0.00014423741282683632,0.038383579762716044,-0.01151854063293678,-0.017649873181005082,0.0,netfc_Visu__Visu,0.06455681037805137,Sensorimotor,0.3032258064516129,9,0.25806451612903225,0.0012806904692351895
3711,62,0.00012424849699398796,0.0011639750365391246,1.781087600914269e-05,0.00021125514287558626,0.011595096505003163,-0.008374883353789109,-0.017838148445215696,0.0,ac1_DefaMod,-0.0378755351447058,CentExe,0.4032258064516129,4,0.3870967741935484,0.0011639750365391246
3713,201,0.0004028056112224449,0.001028983868594515,5.2226318548738024e-05,0.00015634804714442275,0.04273299061422708,0.010919961495137076,-0.014904536008412572,0.00046664261207941376,netfc_DefaMod__DefaMod,0.15284603444340447,CentExe,0.35323383084577115,2,0.20398009950248755,0.001028983868594515
3714,169,0.00033867735470941886,0.001086088951963081,2.75131123112087e-05,0.0006358522918973932,0.01086571387754459,-0.016284819534182038,-0.01834305303555195,0.0,netfc_Visu__Sens,0.025233838560234638,CentExe,0.3431952662721893,5,0.46153846153846156,0.001086088951963081
3715,3507,0.007028056112224449,0.031089917670734487,0.003826834472768218,0.0009048848019123759,0.012357210208440562,0.07633090803635612,-0.014102557402793314,0.0009432370760063976,fc_mean,-0.25585246695456454,CentExe,0.45052751639577987,6,0.15483319076133448,0.031089917670734487
3716,452,0.000905811623246493,0.0012182076383324416,5.038913003354e-05,0.004777441909975716,0.013166480983570532,-0.010576255347551689,-0.016033602941673886,0.0,netfc_DefaMod__DefaMod,-0.048001439164263415,CentExe,0.2610619469026549,9,0.7743362831858407,0.004777441909975716
3717,103,0.00020641282565130262,0.0008511559346061537,3.599868847166563e-05,0.00015945072449243978,0.3297731493401803,-0.01634615547662044,-0.021276376724328472,0.0,netfc_VentSal__DefaMod,0.06056707269934664,Sensorimotor,0.2815533980582524,2,0.2524271844660194,0.0008511559346061537
3721,285,0.0005711422845691383,0.0018346311790962094,0.00023533946710251307,0.0012151265234082447,0.011005355394373887,0.0030621534999206723,-0.018336105568135252,3.370008753875285e-05,slope_VentSal,0.1263794536367139,CentExe,0.37543859649122807,5,0.44912280701754387,0.0018346311790962094
3722,1222,0.0024488977955911826,0.32885950078193815,0.004579574810362394,7.919221501167803e-05,0.010183209767888574,0.001539993770266923,-0.018259694731027398,1.5682079603869683e-05,var_DefaMod,-0.09183794525837705,DefaultMode,0.8183306055646481,5,0.13338788870703763,0.32885950078193815
3725,62,0.00012424849699398796,0.0009318446875403535,7.312618759972846e-06,0.0006545500017676543,0.08063467896793149,-0.02548290267453912,-0.020341679499189302,0.0,netfc_DefaMod__Subc,0.08238348253857945,CentExe,0.25806451612903225,0,0.8548387096774194,0.0009318446875403535
3726,206,0.00041282565130260524,0.0019778887089693317,7.59595408440175e-05,0.0007745963039243077,0.010286500040148774,-0.011433162667059404,-0.01460429126326046,0.0,var_Visu,0.048209739078672875,DefaultMode,0.3058252427184466,0,0.36893203883495146,0.0019778887089693317
3727,989,0.0019819639278557113,0.0014393570408832092,0.00012942129979851233,0.0034979924263218187,0.011339535907843474,-0.009348423144935225,-0.014054288994277186,0.0,slope_DefaMod,0.045055878741653815,CentExe,0.24469160768452983,5,0.3852376137512639,0.0034979924263218187
3728,674,0.0013507014028056113,0.0021926928091688213,0.0003611621486788229,0.004281963256135321,0.015154192790952837,-0.00919088870286422,-0.00940777759783984,0.0,slope_CentExe,-0.06509167968538106,Visual,0.29821958456973297,2,0.5949554896142433,0.004281963256135321
3731,321,0.0006432865731462925,0.001892525891808315,0.00013341329055150097,7.443481554958526e-05,0.011274664609962709,-0.011650239441692856,-0.01592105450735648,0.0,var_Sens,0.06829028974850758,CentExe,0.3956386292834891,2,0.1557632398753894,0.001892525891808315
3732,269,0.0005390781563126253,0.0012004368308911003,7.192666623557608e-05,4.254303795745595e-05,0.012790768483329992,0.004554276035652061,-0.017418910503776974,5.8252690381203435e-05,var_Sens,0.09345906067544761,Sensorimotor,0.24535315985130113,6,0.13011152416356878,0.0012004368308911003
3733,876,0.001755511022044088,0.003247002188716052,0.0003606935922032853,5.5861134151515444e-05,0.010557862299402069,0.0057025857359134235,-0.01778994569182757,6.0207114950308334e-05,fc_mean,-0.11710439963156999,CentExe,0.3424657534246575,8,0.1415525114155251,0.003247002188716052
3734,416,0.0008336673346693386,0.001858471304712592,0.00021783130674268584,0.0011258852043728564,0.011083337302924457,-0.010400242321442432,-0.012070411873562836,0.0,var_Visu,0.07422040428215097,Visual,0.32211538461538464,6,0.3701923076923077,0.001858471304712592
3735,416,0.0008336673346693386,0.001411204940724461,0.00016350944504539422,0.000513676436757967,0.05877055643398181,0.03516831610602744,-0.018610008483335383,0.0020668615063973972,var_DefaMod,-0.13965118787736833,Visual,0.2644230769230769,3,0.24759615384615385,0.001411204940724461
3736,392,0.0007855711422845691,0.03244224038993604,0.0004732048894801918,0.0006293753891911997,0.012052200712842248,0.004645411904751762,-0.015483679671716155,5.5987436669895045e-05,var_Sens,0.05251230931567724,CentExe,0.5510204081632653,4,0.26785714285714285,0.03244224038993604
3737,433,0.0008677354709418838,0.001407475941004745,8.051358427411769e-05,0.002616748393492989,0.012902939053731825,-0.01779234863288437,-0.01820351676702292,0.0,var_CentExe,0.055964376994934076,Sensorimotor,0.26558891454965355,3,0.5612009237875288,0.002616748393492989
3738,1217,0.002438877755511022,0.002299979762168148,0.0003335270341603758,0.0007124367752157124,0.01154193443007812,0.06074491785131331,-0.01553680675509872,0.00070111385880034,ac1_CentExe,-0.2429074135753955,DefaultMode,0.3286770747740345,4,0.21035332785538208,0.002299979762168148
3740,1167,0.002338677354709419,0.0022365065954749455,4.298533106091292e-05,8.947071300511566e-05,0.014578306482666642,0.03751909320284719,-0.011932016596450268,0.000546964839662841,ac1_DorsSal,-0.1770959520711918,CentExe,0.2527849185946872,8,0.1293916023993145,0.0022365065954749455
3741,404,0.0008096192384769539,0.0018863918456502135,0.0002004409993446721,0.00042497633954959404,0.013932226000503119,0.03170972321238008,-0.013821393521841419,0.00044178703020827904,var_Sens,0.19682842679850238,DefaultMode,0.24752475247524752,0,0.2698019801980198,0.0018863918456502135
3743,98,0.00019639278557114228,0.0008466787465085777,1.648592605774062e-05,0.00021271858748181898,0.195977670590319,-0.011622040945414192,-0.01673854602636693,0.0,netfc_DorsSal__DefaMod,0.045487705348620934,CentExe,0.3163265306122449,3,0.3163265306122449,0.0008466787465085777
3744,151,0.0003026052104208417,0.0017510851194335285,6.030880752539304e-05,8.344895935919997e-05,0.011584426527121463,0.00449601150747625,-0.022981075543522245,5.208371497345122e-05,falff_Sens,0.11641779800847546,CentExe,0.3576158940397351,0,0.19205298013245034,0.0017510851194335285
3745,341,0.0006833667334669339,0.0014316370174146038,6.664741072507271e-05,0.0028714805193602072,0.012152035487050504,0.0006208213726093259,-0.01232037045634038,7.544243351067932e-06,netfc_Sens__DorsSal,-0.10412697320105596,CentExe,0.25219941348973607,9,0.6862170087976539,0.0028714805193602072
3746,144,0.00028857715430861725,0.0011795144442648758,4.959808131591858e-05,0.0007482717742242752,0.014814452944260646,-0.011245468471111186,-0.01592020169689512,0.0,slope_Sens,-0.05268454888302645,Sensorimotor,0.24305555555555555,0,0.5625,0.0011795144442648758
3747,107,0.00021442885771543087,0.0012910487873888815,4.039831667160574e-05,0.0006937348006462446,0.04846900934428346,-0.006820603948585413,-0.011168033770295516,0.0,netfc_Visu__CentExe,0.07215144062782355,Visual,0.29906542056074764,4,0.616822429906542,0.0012910487873888815
3748,165,0.0003306613226452906,0.0013458527976285045,7.040170212105816e-05,7.75276011501113e-05,0.010874601971069672,-0.0004386382936822919,-0.012709289196827234,0.0,netfc_Visu__Visu,-0.10179205330131068,DefaultMode,0.3575757575757576,6,0.18787878787878787,0.0013458527976285045
3750,496,0.0009939879759519037,0.0012313023760654762,9.136207700927864e-05,0.00036286023883369057,0.06829270363311142,0.026859337254409144,-0.01162060147633781,0.0018342967588971522,fc_mean,0.21260330309768052,Visual,0.2217741935483871,0,0.2620967741935484,0.0012313023760654762
3755,179,0.0003587174348697395,0.00121591513753371,2.5565475240626003e-05,0.0004305204864701879,0.01720985700974029,0.00163699601348255,-0.015448903729561314,2.8172467317549577e-05,slope_DefaMod,-0.07663202052242934,CentExe,0.27932960893854747,9,0.329608938547486,0.00121591513753371
3756,62,0.00012424849699398796,0.0007791112179789272,1.1179522703513552e-05,0.0003056409766365057,0.23867278480180457,-0.02536910039042839,-0.012128904501143678,0.0,fc_sd,0.06250633395019939,DefaultMode,0.27419354838709675,9,0.532258064516129,0.0007791112179789272
3757,214,0.00042885771543086173,0.0013015871845240088,4.4113203840087485e-05,0.00027916967697136537,0.011851449396672693,0.004474476343851341,-0.015793332692976003,5.302902996576322e-05,var_Sens,-0.11966128073793646,DefaultMode,0.32242990654205606,5,0.2897196261682243,0.0013015871845240088
3758,87,0.00017434869739478957,0.0010482175071419564,2.399262328819986e-05,0.00014304623750004692,0.17538031457879585,-0.0204597571744205,-0.013455609998437534,0.0,netfc_DefaMod__DefaMod,0.058094034552562165,Visual,0.21839080459770116,9,0.21839080459770116,0.0010482175071419564
3761,939,0.0018817635270541083,0.002401530924259648,8.348619728359433e-05,0.00010075822345449186,0.010805362905440532,0.016170036598939785,-0.013059408086777857,0.00017472311364579975,fc_mean,-0.14240594837197793,DefaultMode,0.2630457933972311,7,0.1395101171458999,0.002401530924259648
3762,188332,0.3774188376753507,0.008215671706016316,0.0009374003477296081,0.0006590221362214976,0.030991868737143165,0.08604745511933776,-0.010499536204856774,0.0026667714342237334,ac1_Sens,-0.3076892589399346,CentExe,0.25478410466622775,4,0.10221311301318947,0.008215671706016316
3763,61,0.00012224448897795592,0.0008699593626234175,9.946612372851376e-06,0.00023432708263373012,0.10428599860801233,-0.00866197099053978,-0.01905126126164358,0.0,netfc_DefaMod__Subc,0.04751205081460923,CentExe,0.22950819672131148,8,0.39344262295081966,0.0008699593626234175
3764,2032,0.004072144288577154,0.003993112509459518,0.00027794357261625504,0.0016218506313194015,0.0312908640206083,0.018253267889255964,-0.017365020642392315,0.0005711605234544443,netfc_DorsSal__CentExe,0.15946379274029476,CentExe,0.25196850393700787,9,0.2106299212598425,0.003993112509459518
3766,90,0.00018036072144288578,0.0018445726499331228,3.382700240976093e-05,0.00010378844569081747,0.017393002993428525,-0.014075072093999275,-0.016573945944210244,0.0,netfc_Visu__VentSal,0.09524671463769649,CentExe,0.34444444444444444,3,0.24444444444444444,0.0018445726499331228
3767,643,0.0012885771543086173,0.035822987602333385,0.0014592010544995696,3.1779759398136654e-05,0.011718003763005046,0.04642308334535061,-0.011602656884249107,0.0005439858653311153,falff_Sens,0.20801739581937653,CentExe,0.7356143079315708,3,0.11975116640746501,0.035822987602333385
3768,93,0.00018637274549098196,0.0009234511085583311,3.6473634932465065e-05,0.00012370281630612011,0.24649871492655379,-0.011366637709806948,-0.010652595134880372,0.0,var_CentExe,0.032724466953885985,DefaultMode,0.3333333333333333,7,0.25806451612903225,0.0009234511085583311
3769,51,0.00010220440881763527,0.0011103613853425769,2.9173677763595576e-05,8.414933449236248e-05,0.011570459790166488,-0.016604487408298896,-0.00731021843523294,0.0,ac1_Sens,0.0568240898707684,Sensorimotor,0.29411764705882354,0,0.3333333333333333,0.0011103613853425769
3771,66,0.00013226452905811624,0.00082296013389009,2.8324944972585024e-06,0.00021886865747893864,0.05221457012792017,-0.0163654560038462,-0.019963527412782955,0.0,netfc_CentExe__CentExe,0.0804462660272107,CentExe,0.2878787878787879,3,0.36363636363636365,0.00082296013389009
3772,129,0.00025851703406813627,0.002502614313545567,0.00017198761070493524,0.00041472233107513884,0.01988763867403212,-0.01062970627531934,-0.013392644903655881,0.0,var_DorsSal,-0.02376006352528505,CentExe,0.32558139534883723,5,0.37209302325581395,0.002502614313545567
3775,150,0.0003006012024048096,0.001479178465969738,4.287826842841087e-05,0.0005063416593615135,0.019768290908661994,-0.003197048206219799,-0.01781058881267983,0.0,var_Visu,0.09607299158589495,DefaultMode,0.3333333333333333,6,0.44,0.001479178465969738
3776,70,0.00014028056112224449,0.0059916549487897324,0.00021134561566879534,0.00010690185035791002,0.011694885764965487,-0.02413994491636018,-0.010711482522489879,0.0,var_DefaMod,-0.10160471628269031,CentExe,0.8142857142857143,1,0.24285714285714285,0.0059916549487897324
3777,1973,0.003953907815631263,0.17523865129171454,0.04978666855679383,2.2664132474948175e-05,0.010227966957312337,-0.007250732101949264,-0.012942628615121743,0.0,var_Subc,-0.08979018361967002,Subcortical,0.8210846426761277,6,0.11454637607704005,0.17523865129171454
3779,146,0.0002925851703406814,0.0010992419062172626,4.8410089503037176e-05,0.0002566183194748832,0.010872254967151284,0.0023605539121703822,-0.01728142225352558,2.5664543996822835e-05,slope_DorsSal,-0.1208965712940106,CentExe,0.2465753424657534,5,0.3219178082191781,0.0010992419062172626
3780,194699,0.3901783567134269,0.021725787985923437,0.0037836021533400083,0.0006095609987469726,0.027873841655446416,0.2290411227989928,-0.021970777946927145,0.006384255989484783,ac1_Sens,-0.44512444396523715,CentExe,0.26360690090858196,6,0.10354958166194998,0.021725787985923437
3781,378,0.0007575150300601202,0.0015844579012369358,7.473360016907532e-05,0.004173396443557177,0.011447334285284499,-0.0033252943443422556,-0.010995866843601654,0.0,netfc_DorsSal__DefaMod,-0.058169674882558677,CentExe,0.3412698412698413,9,0.8042328042328042,0.004173396443557177
3782,162,0.0003246492985971944,0.0010473071672415085,3.0527232887225286e-05,0.00042219234604575374,0.13940768729696013,-0.018428578068591328,-0.011412207764885052,0.0,netfc_VentSal__DefaMod,0.07583823933649578,Visual,0.2345679012345679,2,0.3765432098765432,0.0010473071672415085
3783,1479,0.002963927855711423,0.001463281229974331,7.99597679669949e-05,0.0019066608079496936,0.014621379248228742,0.003635864377373843,-0.016305876654008955,5.316135195670802e-05,falff_VentSal,-0.06214586210044817,CentExe,0.24002704530087898,7,0.26774847870182555,0.0019066608079496936
3785,358,0.000717434869739479,0.0017240327672280917,0.00020833556128697738,0.0003767086000506088,0.014165405742532937,0.02108157796644672,-0.015677519262401907,0.0002986291055875602,falff_Sens,0.17276760081992965,Visual,0.31843575418994413,5,0.2541899441340782,0.0017240327672280917
3786,853,0.0017094188376753506,0.002362829285318312,0.00017541722008353143,0.002904452589592268,0.014089149781708115,0.057345209601852964,-0.018136777011010352,0.0008079452473439528,fc_sd,-0.231624939644679,CentExe,0.2672919109026964,6,0.4208675263774912,0.002904452589592268
3787,136,0.0002725450901803607,0.001197682710198195,4.917686088543438e-05,0.00021948499308171545,0.014501905085825342,0.0020821496558869335,-0.01716345110687767,3.0195136684156206e-05,fc_mean,0.14008817744289767,Sensorimotor,0.22794117647058823,0,0.3014705882352941,0.001197682710198195
3790,606,0.0012144288577154308,0.0012349927991516334,9.455216607497762e-05,0.003848669076807837,0.012043557094950487,0.02316407511758045,-0.01647963929593299,0.00027897786123030205,slope_VentSal,-0.13263419987337227,Visual,0.24257425742574257,9,0.5445544554455446,0.003848669076807837
3791,142,0.0002845691382765531,0.0016784104341314335,0.00016953214861752116,0.000565686737221844,0.015116729229613832,0.003517678153915904,-0.015789411640665163,5.317578816967457e-05,netfc_Subc__Subc,0.12123148003033267,Visual,0.2676056338028169,2,0.49295774647887325,0.0016784104341314335
3792,87,0.00017434869739478957,0.0014299172506039726,6.353052580459342e-05,0.00022668255995285914,0.010275309724847111,-0.010503881359880785,-0.014091191606916187,0.0,falff_Sens,-0.05268026573292386,Sensorimotor,0.3793103448275862,2,0.39080459770114945,0.0014299172506039726
3793,93,0.00018637274549098196,0.0016577994018400477,7.18484721489617e-05,6.14603427314821e-05,0.010940085889671759,-0.00476485668088622,-0.012769516957491067,0.0,var_Sens,0.0908744831302791,DefaultMode,0.27956989247311825,5,0.1935483870967742,0.0016577994018400477
3794,69,0.00013827655310621242,0.0008048334985583371,6.79362930887999e-06,0.00023018690888903387,0.010720470851516414,-0.009278465295061045,-0.014831217060098156,0.0,ac1_DorsSal,-0.061610140171657196,DefaultMode,0.2898550724637681,4,0.36231884057971014,0.0008048334985583371
3795,101,0.00020240480961923848,0.0026905541738223154,0.00024252392748584563,0.0007939917910751951,0.012082652173862835,-0.010371181279387631,-0.010240741517684393,0.0,var_Visu,-0.04227042978426179,Visual,0.46534653465346537,5,0.6732673267326733,0.0026905541738223154
3796,668,0.0013386773547094189,0.4678902743608522,0.0032652788622754584,0.00014658694045129804,0.009847223401252356,-0.005335747729181772,-0.010983506337822302,0.0,fc_sd,-0.09996972940799402,CentExe,0.9955089820359282,0,0.14221556886227546,0.4678902743608522
3797,110,0.00022044088176352705,0.0008389089131796803,1.3585575290782285e-05,0.0003327499231617198,0.20753786245554254,-0.024980544068479604,-0.018534715089890685,0.0,netfc_Sens__CentExe,0.06056811019063384,Sensorimotor,0.3,0,0.39090909090909093,0.0008389089131796803
3798,51,0.00010220440881763527,0.0013050457951727242,3.144465732505113e-05,0.00016392997137650562,0.017306036204398786,0.0029526846307597054,-0.011300649069717394,5.109926712009933e-05,var_DorsSal,-0.0875711132318169,CentExe,0.4117647058823529,0,0.43137254901960786,0.0013050457951727242
3799,422,0.000845691382765531,0.0011753425135403238,2.6561827246958e-05,0.000427533779657563,0.01057238615934994,-0.006416940636901014,-0.007762671707908675,0.0,netfc_Sens__CentExe,-0.04536577052707928,DefaultMode,0.2772511848341232,4,0.22274881516587677,0.0011753425135403238
3800,70,0.00014028056112224449,0.0010309483206802142,1.2782663458411837e-05,0.00048761532023275313,0.16417871747483534,-0.018578073426724906,-0.01153463832827617,0.0,var_DorsSal,-0.027507794670102476,CentExe,0.2,4,0.6714285714285714,0.0010309483206802142
3802,3477,0.006967935871743487,0.005189147890467664,0.00037550591560125957,0.00019735383675011323,0.016225167127435526,0.1253477477744731,-0.011467501669903513,0.0020337881566884607,var_Sens,-0.29206033083251226,CentExe,0.24302559677883231,8,0.1371872303710095,0.005189147890467664
3804,139,0.0002785571142284569,0.0009285387142425564,4.6195470835031e-05,7.077037807798538e-05,0.011483591639421422,-0.004830825027972718,-0.019025737239057205,0.0,netfc_Visu__DorsSal,0.0923225724992519,DefaultMode,0.28776978417266186,5,0.17985611510791366,0.0009285387142425564
3805,971,0.0019458917835671343,0.0023070975185724516,0.00016802433254217087,0.0007444770884551903,0.02144415200088812,0.1141825143577545,-0.01665894323055217,0.0024485471937312777,ac1_Sens,0.2907965117141959,CentExe,0.2996910401647786,7,0.25746652935118436,0.0023070975185724516
3806,167,0.0003346693386773547,0.0011089183578709603,4.553950742936063e-05,8.048198865188939e-05,0.01075423429205264,0.003945194528507168,-0.01453143991451733,4.242754628729023e-05,var_VentSal,0.0983462078258816,Sensorimotor,0.24550898203592814,0,0.17964071856287425,0.0011089183578709603
3807,195,0.0003907815631262525,0.002008956760304089,0.0001603492394011924,0.0009600737251204802,0.014049258102162673,0.02241310909160865,-0.009716577723737574,0.0003148875544999387,var_DefaMod,-0.13365687404725887,Visual,0.3230769230769231,7,0.5025641025641026,0.002008956760304089
3808,256,0.0005130260521042084,0.0013186665829547485,5.7272081562310965e-05,0.00025451038585222653,0.01054119319885664,-0.004583297397791952,-0.011282573645815308,0.0,var_VentSal,0.0909426255319596,CentExe,0.30859375,4,0.26171875,0.0013186665829547485
3809,98,0.00019639278557114228,0.0010596030855398527,3.966400349059593e-05,0.0002692802064557569,0.012525873977078208,-0.01290336193904551,-0.018717183084431932,0.0,netfc_DorsSal__Subc,0.047658619869338816,DefaultMode,0.23469387755102042,0,0.3979591836734694,0.0010596030855398527
3810,1278,0.002561122244488978,0.0019182745665228145,8.833312294459069e-05,0.0003687394712697498,0.01420979594531409,0.040280016784644546,-0.018646096875946094,0.0005723708191836256,var_Sens,0.16814722884598496,CentExe,0.24256651017214398,8,0.14788732394366197,0.0019182745665228145
3811,75,0.0001503006012024048,0.0010127304799324307,2.731051038469508e-05,5.1130517341388634e-05,0.010792199673489246,-0.018276582155583698,-0.015507877297326722,0.0,var_Visu,0.05510049285485053,CentExe,0.25333333333333335,6,0.17333333333333334,0.0010127304799324307
3812,62,0.00012424849699398796,0.0012857980252273886,2.7031373302319547e-05,7.875201294137053e-05,0.025544094922888557,-0.017130391923513955,-0.012657081423670613,0.0,netfc_Visu__VentSal,0.07156911526903091,CentExe,0.41935483870967744,0,0.24193548387096775,0.0012857980252273886
3813,291,0.0005831663326653307,0.002159552496112682,8.611288567791143e-05,6.61032332296971e-05,0.011094741588673586,-0.0062380949707041555,-0.014933425042302773,0.0,ac1_CentExe,-0.09098599577462307,CentExe,0.3642611683848797,6,0.13058419243986255,0.002159552496112682
3815,1942,0.0038917835671342686,0.003065621039605823,0.00027126975465200753,0.0002870700829970955,0.01227373376544104,0.031082601429422874,-0.01325060275221257,0.0003814995746820535,slope_CentExe,-0.13745629830694736,CentExe,0.29711637487126674,6,0.14675592173017507,0.003065621039605823
3816,2227,0.004462925851703407,0.002700220552684846,0.0002695135966328146,0.0005727650849436737,0.01219597193468891,0.04210666452652678,-0.011888567710824027,0.0005135316988288817,ac1_VentSal,-0.21429807245017246,DefaultMode,0.27391109115401885,2,0.14458913336326898,0.002700220552684846
3817,374,0.000749498997995992,0.0013715924907614716,5.433103827752181e-05,0.0018281696974800474,0.013790838147950341,-0.004739422443687635,-0.013226203741762088,0.0,netfc_Visu__CentExe,0.10312159203323563,CentExe,0.2807486631016043,0,0.5401069518716578,0.0018281696974800474
3818,73,0.0001462925851703407,0.0009352691495342179,1.9253067489682788e-05,0.00028146974506943373,0.011320369632987501,-0.008676752801747067,-0.016119153511815476,0.0,slope_DorsSal,0.04760833914411828,CentExe,0.2876712328767123,4,0.3835616438356164,0.0009352691495342179
3819,470,0.0009418837675350701,0.0014024452729552918,4.284868723778206e-05,0.002666065263045788,0.010789566673051264,0.026047044863903746,-0.011024554726376312,0.00028103632719504696,ac1_Sens,-0.170052932578673,CentExe,0.32127659574468087,5,0.5425531914893617,0.002666065263045788
3820,859,0.001721442885771543,0.0028191124219769837,0.00041822191463048613,0.0019919653638617433,0.014380568949135213,0.014470635634369455,-0.01729514773381946,0.00020809597347786293,var_Visu,0.13910762519533595,Visual,0.3224679860302678,1,0.38649592549476136,0.0028191124219769837
3822,152,0.00030460921843687374,0.0013893452084599548,3.8644592004977685e-05,0.0002960213216951721,0.011709360362074001,-0.007977894880936587,-0.018727227613938302,0.0,ac1_Visu,0.07676920182209669,CentExe,0.3157894736842105,6,0.29605263157894735,0.0013893452084599548
3823,176,0.0003527054108216433,0.0008579152840697486,2.31563726400337e-05,0.0004352453057828091,0.1481949288066377,-0.018253589045555962,-0.01154780527074184,0.0,netfc_Sens__VentSal,0.07188228637990984,CentExe,0.22727272727272727,9,0.3465909090909091,0.0008579152840697486
3824,118,0.00023647294589178357,0.0013208274801365587,9.75064521461712e-05,2.9418442528424456e-05,0.011580022168668,-0.0062771197437341275,-0.020613426617524855,0.0,var_Sens,0.08186372879628369,DefaultMode,0.4661016949152542,6,0.13559322033898305,0.0013208274801365587
3825,112624,0.22569939879759518,0.008564599088319963,0.0016833590098141269,0.0025355734458065676,0.08217368040506176,0.1280049767222209,-0.01961338820559444,0.01051864004742915,fc_sd,0.33221269135809717,CentExe,0.24838400340957523,6,0.10793436567694274,0.008564599088319963
3826,417,0.0008356713426853707,0.002802386096803792,0.0001453726815743464,0.00011213568034054126,0.012532776949541028,0.02368058402608597,-0.015910846537609435,0.00029678347763379976,var_Sens,0.15418889610369255,CentExe,0.2709832134292566,1,0.16546762589928057,0.002802386096803792
3827,91,0.00018236472945891785,0.0033409750548743177,0.00019573339849708016,4.679458992163582e-05,0.011066740893679577,-0.00029706263265505406,-0.01734071965771755,0.0,ac1_Sens,0.12001188609130414,DefaultMode,0.6703296703296703,0,0.16483516483516483,0.0033409750548743177
3828,159,0.00031863727454909817,0.002699826820702713,0.000814568874944578,9.95662345645001e-05,0.02325586547767071,0.01028935211344717,-0.025742579508021723,0.0002392877886027142,fc_mean,0.129634310755738,Visual,0.7232704402515723,8,0.2389937106918239,0.002699826820702713
3830,99,0.00019839679358717434,0.007507394640425998,8.071955735948726e-05,0.0004542189634939143,0.011839543729395259,-0.0048699893923511706,-0.014661722074430505,0.0,netfc_DorsSal__DefaMod,-0.052891393449319486,CentExe,0.494949494949495,2,0.5454545454545454,0.007507394640425998
3832,136,0.0002725450901803607,0.0011822051640210686,8.619108362024601e-05,0.00020492551196739072,0.010698638944550488,-0.012024428422673594,-0.013684043787238531,0.0,falff_CentExe,-0.024422095055557782,Sensorimotor,0.3235294117647059,4,0.3014705882352941,0.0011822051640210686
3833,9086,0.018208416833667335,0.7733299761213084,0.021889112115442654,6.254920788291607e-05,0.009905888118147268,-0.012469931707731474,-0.01629816377340987,0.0,slope_Sens,0.07818371409808621,CentExe,0.5633942328857583,5,0.1064274708342505,0.7733299761213084
3834,73,0.0001462925851703407,0.00082745092133856,7.3812822018334e-06,0.0002467079083707725,0.10923290196486783,-0.01476261706499904,-0.011680170943682455,0.0,var_DefaMod,-0.04651188170687158,CentExe,0.273972602739726,0,0.410958904109589,0.00082745092133856
3836,211,0.0004228456913827655,0.001191282806984748,0.00010827209204184602,0.0001237404868768317,0.011426087012029842,-0.012417228072220343,-0.019460995596108477,0.0,ac1_DorsSal,0.10220488098646578,Sensorimotor,0.3033175355450237,4,0.17535545023696683,0.001191282806984748
3839,118,0.00023647294589178357,0.0019749901704056968,0.00013697069773517583,7.863480504591823e-05,0.011049076927029184,-0.004400799348785345,-0.012055068417632153,0.0,falff_DorsSal,-0.06966466317919134,CentExe,0.576271186440678,7,0.2288135593220339,0.0019749901704056968
3840,714,0.0014308617234468938,0.0014025490426107122,0.0001491046111375278,0.003085291411599459,0.03339708753216627,0.06359217333599454,-0.011695133147684889,0.0021237933792628994,fc_mean,0.2503777848563517,Visual,0.2338935574229692,6,0.4215686274509804,0.003085291411599459
3842,86,0.0001723446893787575,0.0010689940121313714,1.4080118990428453e-05,0.00036148300597551767,0.016216561700776014,-0.0050377965982506545,-0.012201795854868358,0.0,falff_Sens,0.0877569273196948,CentExe,0.22093023255813954,6,0.45348837209302323,0.0010689940121313714
3844,89801,0.17996192384769538,0.005864362202500452,0.001036273038350201,0.007754921247282671,0.2163044205309853,0.1096884336156787,-0.012979493989872859,0.023726093072190833,netfc_Sens__Sens,0.30508090479518346,CentExe,0.2442177704034476,1,0.1234730125499716,0.007754921247282671
3846,118,0.00023647294589178357,0.0010511266764555523,6.019908527776695e-06,0.0010319236646509015,0.01067475935409323,-0.01166388078914582,-0.011261328971711837,0.0,netfc_Sens__DefaMod,-0.04913303455699835,CentExe,0.2711864406779661,9,0.711864406779661,0.0010511266764555523
3848,188,0.00037675350701402805,0.0009038006154387852,1.5882208081924258e-05,0.00031819664339210373,0.0107970557111077,-0.006478814089815543,-0.015430607536176089,0.0,netfc_Visu__DefaMod,-0.0677231577125422,DefaultMode,0.26595744680851063,5,0.2872340425531915,0.0009038006154387852
3852,1875,0.00375751503006012,0.0017527741106406203,0.0001637558434069314,0.006363212264569383,0.010898370050341909,0.012978542188794018,-0.009201732414541475,0.00014144495548745165,slope_Visu,0.12800757164064785,CentExe,0.30666666666666664,5,0.39093333333333335,0.006363212264569383
3853,5728,0.011478957915831664,0.4033904973735092,0.00908426410693851,0.00013409660776996912,0.01059606873650209,0.009523537124702441,-0.015541294714956688,0.00010091205398797655,var_DefaMod,-0.11629560126981603,CentExe,0.5357891061452514,6,0.11452513966480447,0.4033904973735092
3854,3681,0.007376753507014028,0.003969847570761596,0.0005199321547479356,0.029438655601025567,0.018469138740299228,0.07295291789214808,-0.015800504919421865,0.0013473775620597408,var_DefaMod,-0.18893015903315508,CentExe,0.24286878565607173,7,0.6462917685411573,0.029438655601025567
3857,334,0.0006693386773547094,0.0026384913712403915,0.00013163325404674765,0.00042334203270971,0.016111749600954947,0.0042728914374345894,-0.011264009847918866,6.884375691201056e-05,falff_DefaMod,0.13599085872862346,CentExe,0.24550898203592814,4,0.24550898203592814,0.0026384913712403915
3859,324,0.0006492985971943888,0.0025511167154398675,0.00010384257376539315,0.0015372409994948485,0.011777673337893013,0.003439447588903355,-0.015134255823296971,4.050869016490745e-05,ac1_Sens,0.12587527188845177,CentExe,0.33641975308641975,5,0.5216049382716049,0.0025511167154398675
3860,135434,0.27141082164328656,0.00911077563267366,0.0015560103712557636,0.006686768916712092,0.34692410815383784,0.06582539941209253,-0.016452222290169516,0.022836417984910363,fc_mean,0.2662806242840295,CentExe,0.2550688896436641,9,0.12166073511821256,0.00911077563267366
3861,100,0.0002004008016032064,0.0010321273389268877,1.2294367640613292e-05,0.00013304800639418965,0.050553565399186984,0.003465021892025022,-0.014473336135787385,0.00017516921082810156,var_DefaMod,-0.1271385798078999,Sensorimotor,0.25,9,0.22,0.0010321273389268877
3862,596,0.0011943887775551101,0.41523468897260807,0.002885517125336114,0.00023909425362242653,0.010445336409125178,0.006987233890779265,-0.010803188241761852,7.298400855843004e-05,falff_DorsSal,-0.11393575782052728,CentExe,0.9815436241610739,6,0.1610738255033557,0.41523468897260807
3863,1178,0.0023607214428857715,0.0019115652701218262,0.00028282153081685504,0.005276434644013915,0.04411725666422797,0.004151794767437766,-0.006286672899765033,0.00018316579537225062,slope_Sens,-0.10558801431493707,CentExe,0.2164685908319185,2,0.45840407470288624,0.005276434644013915
3865,81,0.0001623246492985972,0.0009741263095360862,3.1049688240369894e-05,0.00013130757207112874,0.013576507712909138,0.00114983245105027,-0.015606033378787076,1.5610709140237208e-05,netfc_DefaMod__DefaMod,0.14448552037312168,DefaultMode,0.37037037037037035,6,0.2716049382716049,0.0009741263095360862
3866,57,0.00011422845691382766,0.002055285477310931,9.261920697632532e-05,8.061184829453405e-05,0.019289517929097038,-0.013141738550035198,-0.015537107077336687,0.0,var_Visu,-0.06124506304700949,Visual,0.3333333333333333,6,0.2631578947368421,0.002055285477310931
3867,2701,0.005412825651302605,0.006140093406113642,0.0005983304919713287,5.392869434603974e-05,0.011355975226841607,0.05088646591927026,-0.012336917893493338,0.0005778654463607528,ac1_Sens,-0.21028262752160568,CentExe,0.3002591632728619,2,0.11181044057756387,0.006140093406113642
3868,67,0.0001342685370741483,0.0009390846494440264,2.926026470590584e-05,2.4199390771129386e-05,0.011030882366402973,-0.01754393927485487,-0.01602071038252606,0.0,var_CentExe,0.054309446022378235,CentExe,0.373134328358209,4,0.1791044776119403,0.0009390846494440264
3869,53,0.0001062124248496994,0.0008956205209155736,1.2770173255335358e-05,0.0003922978256437999,0.01232176289394268,-0.009577070596597181,-0.01339542093553181,0.0,netfc_VentSal__Subc,0.05960649043047752,CentExe,0.2830188679245283,7,0.6415094339622641,0.0008956205209155736
3871,327,0.000655310621242485,0.002041119512995608,8.851487529710803e-05,0.00016523452065683175,0.013411920724892768,0.006722413600154797,-0.014184366588035235,9.016047828521713e-05,netfc_Subc__Subc,0.1202324932113134,CentExe,0.27217125382262997,7,0.1651376146788991,0.002041119512995608
3874,5228,0.01047695390781563,0.7619426309519486,0.03749978759101527,4.3602481614939804e-05,0.010191463691136314,0.0013020368288715334,-0.01992200966025859,1.32696610659665e-05,fc_sd,-0.10579754360317516,Visual,0.8439173680183627,7,0.11266258607498088,0.7619426309519486
3875,80,0.00016032064128256512,0.0008862381771460372,3.4048147686847625e-05,0.00040233549755460307,0.05256230408285417,-0.01477480810430909,-0.012455059865923435,0.0,netfc_CentExe__DefaMod,0.05199371229177566,Visual,0.225,9,0.55,0.0008862381771460372
3877,21525,0.04313627254509018,0.023770506594722553,0.005035179464711009,0.0004795894516522498,0.026165494948278717,0.34434850017106233,-0.023968349045230708,0.009010048941673284,ac1_DorsSal,0.5089749377284769,Visual,0.23465737514518004,1,0.11767711962833914,0.023770506594722553
3878,1232,0.002468937875751503,0.0015606484316725649,3.964226654914997e-05,0.0011218330701505033,0.06146630969686387,0.06038099442416922,-0.014572534470173704,0.0037113969030805956,fc_mean,0.23193781905533323,DefaultMode,0.26866883116883117,0,0.22564935064935066,0.0015606484316725649
3880,400,0.0008016032064128256,0.2640706986700995,0.0018396290566928856,9.163275971531048e-05,0.010086507021215685,-0.00869666104175626,-0.014359084093755303,0.0,falff_CentExe,-0.04875258461881815,CentExe,0.9675,3,0.145,0.2640706986700995
3882,1108,0.002220440881763527,0.0019030822976998949,0.0001984811305073395,0.001632800397718891,0.013276269419989746,-0.010073370090317946,-0.010247246442218305,0.0,slope_DorsSal,0.04403011893833196,Visual,0.2490974729241877,8,0.2292418772563177,0.0019030822976998949
3883,577,0.001156312625250501,0.0014882137016235112,2.843949858488959e-05,0.007946611458584314,0.011965598373139567,-0.0018845460349867782,-0.015270196782454004,0.0,netfc_Sens__DefaMod,-0.07528806728738431,CentExe,0.2824956672443674,0,0.8942807625649913,0.007946611458584314
3885,2799,0.005609218436873747,0.0035712298144155016,0.0003717074998689471,0.0077697186228838245,0.012610766282495384,0.002569506885637951,-0.016103598111660178,3.2403450796042796e-05,var_Sens,-0.12011427832048939,CentExe,0.3333333333333333,8,0.2808145766345123,0.0077697186228838245
3888,409,0.0008196392785571143,0.001380925118098152,0.0001876042402392423,0.0002722196522302658,0.021882900449865628,0.004839666450380031,-0.01659494809416251,0.00010590593914422077,slope_Visu,-0.11785000346722677,Visual,0.31295843520782396,4,0.17603911980440098,0.001380925118098152
3889,33185,0.06650300601202405,0.030308092238880032,0.010887049589090302,0.06555585664635688,0.02634190018260538,0.2959712374831881,-0.013337744690310904,0.007796444794704333,var_Visu,-0.377154110028391,Visual,0.23766762091306312,8,0.23676359801114963,0.06555585664635688
3892,586,0.0011743486973947897,0.0025676583747792866,0.00027573934060928887,3.694471994018688e-05,0.011521188869423818,0.009790628491109454,-0.014318270135932787,0.00011279967999643395,slope_Sens,0.13473957742866863,CentExe,0.2508532423208191,4,0.12798634812286688,0.0025676583747792866
3893,329,0.0006593186372745491,0.0011956744888668978,0.00018825882228169744,0.0006442003752815353,0.020684135520460334,0.0056681583776919675,-0.01988626057276832,0.00011724095603561325,ac1_Sens,0.14982667495806154,Sensorimotor,0.3069908814589666,0,0.2887537993920973,0.0011956744888668978
3896,236,0.00047294589178356714,0.0015902151342398955,7.886816984134667e-05,0.0012785165335545453,0.01901155353731454,0.014473090880778305,-0.01571036893183786,0.0002751559421303356,netfc_Visu__Visu,0.105172535994895,Sensorimotor,0.2245762711864407,5,0.5338983050847458,0.0015902151342398955
3898,88,0.00017635270541082164,0.0030077183392633387,0.00035952804351180073,0.00013256584096281204,0.010097570749159917,-0.01171092516546235,-0.013672218649139367,0.0,falff_DorsSal,-0.05790809210549763,Visual,0.625,5,0.32954545454545453,0.0030077183392633387
3900,67,0.0001342685370741483,0.0010542293180763641,6.352604560935928e-05,0.00022218724747511963,0.011311966399671145,-0.010669469560196099,-0.016745133626900444,0.0,slope_CentExe,0.05355757193810635,Sensorimotor,0.23880597014925373,0,0.4925373134328358,0.0010542293180763641
3901,2933,0.005877755511022044,0.005862117574242185,0.0008187615607059889,0.006164259169433334,0.0194387362913414,0.04219156436235871,-0.019820588514040782,0.0008201506933590488,falff_Visu,0.15266849563253038,DefaultMode,0.359018070235254,4,0.29457892942379815,0.006164259169433334
3902,622,0.001246492985971944,0.0013949313550324072,5.9755540687468207e-05,0.007738708616803232,0.011705050741377782,-0.01677585460425335,-0.01788059521551455,0.0,ac1_DorsSal,0.06003443738468831,CentExe,0.3086816720257235,9,0.860128617363344,0.007738708616803232
3904,93,0.00018637274549098196,0.001288941936040569,1.5257883725137925e-05,0.0011001914002851678,0.01383566559902679,-0.0118474597121776,-0.015829712446745248,0.0,var_Visu,-0.0698773526935676,CentExe,0.2903225806451613,9,0.8602150537634409,0.001288941936040569
3905,260,0.0005210420841683367,0.0022494424933282944,0.0001537447945953041,0.0001914628205086645,0.012933225132941388,0.011222374777313249,-0.01404866122431181,0.00014514149952123522,var_Visu,-0.13421875177152157,CentExe,0.40384615384615385,2,0.21923076923076923,0.0022494424933282944
3908,25303,0.05070741482965932,0.004487635289100129,0.00019125004174422807,0.001481275109539944,0.15587153118125352,0.026257872822559536,-0.015070683406695817,0.004092854842414978,var_DefaMod,-0.10885282065376446,CentExe,0.26087815674030745,2,0.12389835197407421,0.004487635289100129
3909,60,0.00012024048096192385,0.001235409493726888,3.977150221297245e-05,0.00017952071849575794,0.01249946239781655,-0.010405808914119907,-0.017977573502025557,0.0,ac1_Sens,0.09977761833467777,DefaultMode,0.3333333333333333,7,0.35,0.001235409493726888
3910,313,0.0006272545090180361,0.0011654443432229896,5.6306431363584534e-05,9.741075131741798e-05,0.010815501145248348,0.0020791807265942985,-0.01128838470563176,2.2487381529658927e-05,var_Sens,0.09600060690270357,DefaultMode,0.3354632587859425,0,0.14376996805111822,0.0011654443432229896
3915,90,0.00018036072144288578,0.0009984371596371531,6.433963665046364e-06,8.836101348184531e-05,0.1609199786352705,-0.020070997253977207,-0.014330877806560727,0.0,var_VentSal,-0.03180994094539462,DefaultMode,0.2777777777777778,8,0.2,0.0009984371596371531
3917,73,0.0001462925851703407,0.0010286925950372084,7.377087095312672e-05,0.00015108935539341834,0.010321887685561658,-0.006834957173550205,-0.016116283228315265,0.0,netfc_CentExe__CentExe,0.08135442714109664,CentExe,0.3150684931506849,8,0.3287671232876712,0.0010286925950372084
3919,1292,0.0025891783567134267,0.0018120765235865993,0.00014302744615282798,2.8188561602611138e-05,0.013901385984184637,0.03556703391601046,-0.013231152830400106,0.0004944310667790474,ac1_DefaMod,-0.15109768112007677,Visual,0.23606811145510836,5,0.11842105263157894,0.0018120765235865993
3920,1009,0.0020220440881763527,0.0017442143336227494,0.00013238687231031653,0.0010931666651349502,0.048465175506862336,0.0423724646088387,-0.0195224176253741,0.0020535889339256806,netfc_Sens__DefaMod,0.14798581057219573,CentExe,0.2566897918731417,9,0.22993062438057482,0.0017442143336227494
3922,125,0.000250501002004008,0.002588667917952531,4.4455569839611736e-05,0.0005441147146905082,0.013145716867618838,-0.013872232711222843,-0.011775163202538463,0.0,var_Sens,-0.04702914156595568,CentExe,0.36,5,0.504,0.002588667917952531
3924,300,0.0006012024048096192,0.0012892474829533063,4.908250514527332e-05,0.0016380670624107326,0.013871325896918668,0.006361070521561096,-0.014434243536451508,8.823648225785637e-05,ac1_CentExe,0.1374124084628629,CentExe,0.2833333333333333,4,0.49,0.0016380670624107326
3925,398,0.0007975951903807615,0.0010510326526062238,1.2795841507734902e-05,0.0005192208124831995,0.020189554930395183,0.013326488489235011,-0.013353785925335426,0.00026905587138268934,fc_mean,0.17724001432803121,CentExe,0.2613065326633166,3,0.27889447236180903,0.0010510326526062238
3926,519,0.0010400801603206412,0.0011588896621216919,4.841516712076413e-05,0.0007086187580983025,0.08042673507333462,0.01817637942642114,-0.009969186526265217,0.001461866852721183,netfc_Sens__DefaMod,0.1592606014344245,CentExe,0.2504816955684008,5,0.3159922928709056,0.0011588896621216919
3929,103,0.00020641282565130262,0.0008591085677098984,1.4596374487168628e-05,0.0007880789035730079,0.10605650981578792,-0.01455501668052439,-0.012616183424743577,0.0,var_VentSal,-0.06523674711268153,Sensorimotor,0.2524271844660194,4,0.6796116504854369,0.0008591085677098984
3930,1080,0.0021643286573146295,0.004334703840191875,0.00025433397730874406,0.0005103249007496033,0.013331186755170988,0.032815804643820834,-0.020040669644834974,0.0004374736202279829,ac1_CentExe,0.14796753478121347,CentExe,0.2916666666666667,4,0.18981481481481483,0.004334703840191875
3935,119,0.00023847695390781564,0.0013442570470072546,5.491096218337935e-05,0.00015913633756405143,0.01391353478375307,-0.006236063382783152,-0.020397939873822324,0.0,falff_Subc,0.04854024825787258,CentExe,0.31932773109243695,3,0.2773109243697479,0.0013442570470072546
3936,451,0.0009038076152304609,0.0010569328141114196,1.1731043980132226e-05,0.00013265235241949192,0.011194410270202673,0.00017927443972931556,-0.009884878960147114,2.0068716292906802e-06,netfc_VentSal__DefaMod,-0.07750675767682184,CentExe,0.25942350332594233,7,0.16186252771618626,0.0010569328141114196
3937,212,0.0004248496993987976,0.0014631066227184708,0.0001906386682339217,0.0006257743003303738,0.01865663241810483,-0.01125601299147383,-0.011454022532533914,0.0,netfc_Sens__CentExe,0.03926908746927173,Visual,0.36792452830188677,0,0.4339622641509434,0.0014631066227184708
3938,1063,0.002130260521042084,0.0025097206388827644,0.0006165972833688856,0.0010735820442329851,0.013908741067396835,0.00939789440121963,-0.012124099139227296,0.00013071287980530227,var_Sens,0.13730957537994956,Visual,0.3367826904985889,5,0.22107243650047037,0.0025097206388827644
3939,77,0.00015430861723446894,0.0010192970238860565,3.2791758188278394e-05,2.545460175088485e-05,0.015342284903104571,-0.015225683986920036,-0.01296443328989727,0.0,var_Visu,0.0918437933686818,CentExe,0.37662337662337664,8,0.19480519480519481,0.0010192970238860565
3942,72,0.00014428857715430862,0.0013991441343588719,8.82354477215154e-05,6.229583496282884e-05,0.01005921529163833,-0.008995109356930264,-0.011774523834326311,0.0,falff_DefaMod,-0.062475700713140854,CentExe,0.3194444444444444,4,0.19444444444444445,0.0013991441343588719
3943,2828,0.005667334669338677,0.28482388741027476,0.023503258844772966,7.751523025641785e-05,0.012329511062450978,0.15748854601485507,-0.013618392627586795,0.0019417567702994755,var_Sens,-0.33169611155213446,Sensorimotor,0.945898161244696,5,0.12022630834512023,0.28482388741027476
3944,1222,0.0024488977955911826,0.9520557902346379,0.006635048901355472,1.8196566491936012e-05,0.009554549357558747,-0.02123533640164288,-0.014062073648835938,0.0,fc_sd,-0.05602682950099786,CentExe,0.9844517184942717,0,0.10638297872340426,0.9520557902346379
3945,57,0.00011422845691382766,0.0009050057296723213,2.193238141844341e-05,0.0002539612889620287,0.038276316232905706,-0.017693728141383813,-0.020434202002959312,0.0,netfc_Visu__DefaMod,-0.03895766414118105,CentExe,0.19298245614035087,7,0.49122807017543857,0.0009050057296723213
3946,60,0.00012024048096192385,0.0008227493817543793,2.8182034303771804e-05,0.0002001494836534047,0.1474710388221125,-0.021327982311536653,-0.007910835416016004,0.0,netfc_Sens__VentSal,0.04576256349605089,Sensorimotor,0.31666666666666665,1,0.36666666666666664,0.0008227493817543793
3947,65,0.00013026052104208417,0.0013017713473613276,5.714247783567234e-05,8.924480096518357e-05,0.014156742836974975,0.0016033969642451629,-0.0284624104546638,2.269887848840513e-05,var_VentSal,0.10814900784109488,CentExe,0.46153846153846156,4,0.26153846153846155,0.0013017713473613276
3949,78,0.000156312625250501,0.0012441358258503134,4.123405040664295e-05,0.00025145209476329264,0.011723171383385382,-0.008851205148778574,-0.016085015839091277,0.0,ac1_DefaMod,0.0903356228659435,CentExe,0.358974358974359,9,0.41025641025641024,0.0012441358258503134
3951,141,0.00028256513026052104,0.001512173568923449,9.669448047591435e-05,5.039388398525235e-05,0.012102362780528264,-0.0015579229733169164,-0.021732229632310585,0.0,var_Visu,0.11168858579836072,Sensorimotor,0.3333333333333333,3,0.15602836879432624,0.001512173568923449
3952,199292,0.3993827655310621,0.03163182205322305,0.0028299063358197237,0.0040378078847135785,0.028585012272932152,0.11311253190496384,-0.02014411196296595,0.003233323112725821,falff_DefaMod,0.2545024092604349,CentExe,0.2566936956827168,5,0.10760090721152882,0.03163182205322305
3954,71,0.00014228456913827655,0.0021872499585486476,1.2198268340862628e-05,0.0003394009271564867,0.012390367495076297,0.005089614925100738,-0.012362101199816067,6.306219933042337e-05,var_Sens,-0.1150596247127854,CentExe,0.323943661971831,0,0.5492957746478874,0.0021872499585486476
3955,9201,0.01843887775551102,0.010302434102095628,0.0014978588393798917,0.0007776182789870865,0.050683005597322965,0.20381791964045792,-0.01565540853627123,0.010330104761972051,netfc_Visu__CentExe,0.2527616310983466,CentExe,0.3302901858493642,9,0.1494402782306271,0.010302434102095628
3956,348,0.0006973947895791583,0.0012168774794072512,5.716345065425492e-05,0.00019949105199440766,0.010575770789972431,0.008500321238543718,-0.015111128906906357,8.989744905997293e-05,fc_mean,-0.1071992557525346,CentExe,0.28160919540229884,7,0.1724137931034483,0.0012168774794072512
3957,99,0.00019839679358717434,0.001168155306707481,5.1469388962271745e-05,0.00018890242202020192,0.013308884598320423,-0.017206037179728906,-0.02082278397660442,0.0,var_Visu,0.06837106035602622,Sensorimotor,0.25252525252525254,0,0.2828282828282828,0.001168155306707481
3961,419,0.0008396793587174348,0.0011150268994690518,3.561901775472867e-05,0.00011787040030377724,0.014936094350888952,-0.004875165219437205,-0.01594787209200943,0.0,netfc_Sens__DorsSal,0.11869040006595298,CentExe,0.2649164677804296,9,0.16945107398568018,0.0011150268994690518
3962,2525,0.005060120240480962,0.0017831492577237104,0.00011748768401373322,0.0002758544443962704,0.016614588792002113,0.04401843575788167,-0.012365072066022442,0.0007313482093843658,slope_Visu,-0.11395721027757653,CentExe,0.24514851485148514,6,0.14455445544554454,0.0017831492577237104
3963,708,0.0014188376753507014,0.0012769962585410888,0.0001179114631399508,0.0010193377256119903,0.01157041144445694,0.010829374899366306,-0.012797351180529493,0.00012530032327194262,var_CentExe,0.09091377555441854,CentExe,0.307909604519774,5,0.3093220338983051,0.0012769962585410888
3965,83,0.00016633266533066133,0.0011446311056117827,3.7679462099166016e-05,0.00020958348049712023,0.010589856432714873,-0.012028035499944023,-0.020680548331710735,0.0,var_Sens,0.043977230853049616,CentExe,0.3855421686746988,8,0.37349397590361444,0.0011446311056117827
3968,296,0.0005931863727454909,0.030616998124232485,0.0025696248233764334,0.00030332338389780133,0.011752600902947384,0.012127051914587295,-0.014128607199191734,0.00014252440128146844,var_Sens,-0.12208488255579407,Sensorimotor,0.9797297297297297,5,0.27364864864864863,0.030616998124232485
3969,1234,0.002472945891783567,0.0025560817004986833,0.00033892500150124125,0.0004116465152621548,0.014017442083964785,0.03822464761924749,-0.018234056781366137,0.000535811784182764,ac1_DefaMod,0.18053035433733705,CentExe,0.33144246353322526,7,0.16369529983792544,0.0025560817004986833
3970,91,0.00018236472945891785,0.0028979593010739655,0.00039998673948123505,5.521461250466976e-05,0.010988369249909334,-0.011895632729161498,-0.009587686995649936,0.0,ac1_Sens,-0.05616406171761869,Visual,0.6703296703296703,2,0.1978021978021978,0.0028979593010739655
3971,75,0.0001503006012024048,0.0009573072409206069,4.607876768167213e-05,3.382330131993271e-05,0.053837330429344236,-0.0015337304506528593,-0.011434903986389244,0.0,netfc_CentExe__DefaMod,0.1497809147673197,CentExe,0.36,2,0.17333333333333334,0.0009573072409206069
3973,266,0.0005330661322645291,0.0029602447066037945,0.0001801692288663052,0.0009326372992029223,0.011090063218218923,-0.007613541731882334,-0.020503547732925176,0.0,netfc_Visu__DefaMod,-0.07737308387660398,Visual,0.33458646616541354,5,0.44360902255639095,0.0029602447066037945
3974,300,0.0006012024048096192,0.0009736401753729787,2.142837094307164e-05,0.00014172886569527646,0.10039060398681621,-0.0051056564502156565,-0.013094106395573846,0.0,netfc_DefaMod__DefaMod,0.07072453929617654,DefaultMode,0.32666666666666666,4,0.2,0.0009736401753729787
3976,3220,0.006452905811623246,0.003267404852944112,0.00044279381895751484,0.001152578596944133,0.012290823959441111,0.02450175095964302,-0.018594840144978697,0.00030114670774303965,netfc_Sens__Sens,-0.193223836191056,Sensorimotor,0.23509316770186336,7,0.19472049689440993,0.003267404852944112
3977,758,0.0015190380761523046,0.004263039056015713,0.00029218517780785365,0.00021080100380025077,0.01262108438189926,-0.009280539108736718,-0.01490397643014263,0.0,var_Visu,-0.091360216296407,CentExe,0.35224274406332456,5,0.158311345646438,0.004263039056015713
3979,491,0.0009839679358717435,0.0017031926471699384,5.606780121699838e-05,0.0004131533654724771,0.012559443912996708,-0.014747996585612322,-0.016469157988343586,0.0,netfc_Visu__CentExe,-0.040416243337585964,CentExe,0.23625254582484725,0,0.26476578411405294,0.0017031926471699384
3981,21279,0.04264328657314629,0.04069058335840238,0.0054134392394988105,0.0487429171436029,0.024566326215329018,0.2630013160306973,-0.018020626079016333,0.006460976124670952,var_Sens,-0.4050709213983788,DefaultMode,0.26791672541002864,9,0.3002020771652803,0.0487429171436029
3982,773,0.0015490981963927856,0.0015716962077840103,2.4205217118533723e-05,0.0001698650215699063,0.011550339705294323,0.031918873628841604,-0.018146424503643788,0.0003686738334234811,falff_DefaMod,-0.161183158905892,CentExe,0.2729624838292367,6,0.14877102199223805,0.0015716962077840103
3985,5075,0.010170340681362725,0.597201500984454,0.005307406069821461,4.2491022543036153e-05,0.010716930423762493,0.02931120186267755,-0.013518790800634894,0.0003141261109991729,var_VentSal,-0.13516003369227925,CentExe,0.4366502463054187,6,0.10916256157635468,0.597201500984454
3986,107,0.00021442885771543087,0.0012509391875540727,6.680824987452744e-05,7.473411528025457e-05,0.027660096399180593,-0.007460184550487581,-0.021426812329191858,0.0,var_Visu,0.07431212646857041,CentExe,0.2897196261682243,3,0.19626168224299065,0.0012509391875540727
3987,378,0.0007575150300601202,0.0015386136334489863,0.00011812122087204754,0.0002998587742623651,0.01354945232805821,0.03129715784634224,-0.013533121704673912,0.00042405934824272715,falff_Sens,0.19413430848829474,Sensorimotor,0.2275132275132275,5,0.24338624338624337,0.0015386136334489863
3989,31208,0.06254108216432866,0.0022811055408434627,0.00021067776780910077,0.16759493545066537,0.01337390082218349,0.012021079385378775,-0.018507766003108106,0.0001607687234756502,fc_mean,-0.1535377563540479,CentExe,0.2731671366316329,7,0.4508779800051269,0.16759493545066537
3990,211,0.0004228456913827655,0.0013544823969144082,3.2150845452768947e-05,8.250340163026779e-05,0.01045784376077595,-0.006997489874924767,-0.015393931283558482,0.0,var_Sens,0.0931193391826161,CentExe,0.2890995260663507,6,0.21800947867298578,0.0013544823969144082
3992,312,0.000625250501002004,0.0014568474274309503,0.00015761270165553804,0.0007553276309711352,0.012813169137031425,0.02062133817808165,-0.017246664498359765,0.0002642246939076836,falff_DefaMod,-0.12141151688457792,Visual,0.3108974358974359,4,0.3814102564102564,0.0014568474274309503
3993,165,0.0003306613226452906,0.0009990628156339241,4.648443962828236e-05,0.0002731311866427664,0.014809973893029666,-0.005336092851043528,-0.0123000733098928,0.0,ac1_DorsSal,0.09906860452234742,CentExe,0.34545454545454546,6,0.3090909090909091,0.0009990628156339241
3994,30718,0.06155911823647295,0.0023613090769446688,0.00028525741975858403,0.1816811526935646,0.018706643660868928,0.208892760707294,-0.017596065183698384,0.003907682437886511,ac1_Sens,-0.41144691182591575,CentExe,0.2601731883586171,1,0.4545543329643857,0.1816811526935646
3995,579,0.001160320641282565,0.2141885897101696,0.002351141456117481,5.7274264850843074e-05,0.010273231238968793,-0.010315712610865724,-0.01754698821330769,0.0,netfc_CentExe__DefaMod,-0.04348668979085065,CentExe,0.8618307426597582,1,0.13298791018998274,0.2141885897101696
3996,80,0.00016032064128256512,0.0008523859877939909,2.019746177052422e-06,0.00035941713656407434,0.011605284834734254,-0.018331606015750568,-0.017646353543979032,0.0,var_CentExe,0.032146212516062964,CentExe,0.2625,6,0.5125,0.0008523859877939909
3997,171,0.00034268537074148294,0.0012050180392914856,3.066096693475282e-05,0.0004105073995956381,0.012637435572615527,-0.0025400918706408593,-0.011699337176604319,0.0,var_Sens,0.08094456573414058,CentExe,0.2807017543859649,9,0.38596491228070173,0.0012050180392914856
3998,1453,0.002911823647294589,0.33067435563511965,0.006761750581053188,0.00011626009508252698,0.010581261424419654,8.030035699391203e-05,-0.017167578145372175,8.496790698268082e-07,var_DefaMod,-0.04534554419399775,DefaultMode,0.8905712319339298,7,0.11768754301445286,0.33067435563511965
4000,237,0.0004749498997995992,0.0014313232676529436,0.00012085717590140969,0.00037469619791516174,0.01049288958050064,-0.015387586312540336,-0.01745572102129933,0.0,netfc_Sens__CentExe,-0.05127658491619579,DefaultMode,0.21518987341772153,9,0.3206751054852321,0.0014313232676529436
4001,69,0.00013827655310621242,0.0012701695434143808,4.34618674280278e-05,0.00016331975706283393,0.010383966006471894,-0.005943401891358224,-0.015050145045611973,0.0,var_Visu,0.08879210318638049,Sensorimotor,0.3188405797101449,0,0.34782608695652173,0.0012701695434143808
4002,51,0.00010220440881763527,0.0012171330864823614,6.297828907339228e-05,0.0002943663339984611,0.09659214130487231,-0.028005669749805007,-0.00844041565546294,0.0,slope_CentExe,-0.07320872891179511,VentSal,0.3333333333333333,6,0.5686274509803921,0.0012171330864823614
4003,75,0.0001503006012024048,0.0009971347558224658,3.2988939775688506e-05,7.168414482586757e-05,0.015919137282500398,0.009212330431967009,-0.019278867185354986,0.000146652352838239,netfc_Sens__DefaMod,0.1430529243317549,Sensorimotor,0.21333333333333335,3,0.22666666666666666,0.0009971347558224658
4004,269,0.0005390781563126253,0.0008821019121131206,5.95504651597679e-05,0.0004540827893762635,0.12937895153560092,-0.005675477356919645,-0.013389094775236421,0.0,netfc_Sens__VentSal,0.08367718279382136,Visual,0.26765799256505574,2,0.3308550185873606,0.0008821019121131206
4006,3394,0.006801603206412826,0.0016084089034118303,0.00011437292810951271,0.02733550791986405,0.013456465847756303,0.0652263222955699,-0.010665989047756064,0.000877715778345082,var_Sens,-0.23080881911174195,CentExe,0.24071891573364762,5,0.6517383618149676,0.02733550791986405
4007,5863,0.011749498997995992,0.4528133573378791,0.04340953159030867,9.983745644311864e-05,0.01118537353236596,0.07634816508675413,-0.010762437966385763,0.0008539827450060865,var_Visu,-0.26235121910703674,Visual,0.8574108818011257,5,0.1123997953266246,0.4528133573378791
4008,150,0.0003006012024048096,0.001286509188241387,3.5841318125598284e-05,5.855232514526083e-05,0.010234616570120059,-0.012061812600838051,-0.020620989806142687,0.0,netfc_DefaMod__DefaMod,-0.07336563590257002,CentExe,0.28,3,0.15333333333333332,0.001286509188241387
4012,5666,0.011354709418837676,0.7089239461706994,0.041030978904861154,4.4058945654821286e-05,0.010740316825585215,0.004157594097848771,-0.010895430015386065,4.4653877843078936e-05,var_Sens,-0.13417118561844585,Sensorimotor,0.8510412989763502,5,0.10589481115425343,0.7089239461706994
4013,569,0.0011402805611222444,0.0018132950761993569,0.00020438040936257467,0.00045736081327169383,0.023370202252575478,0.10550943357083598,-0.02216264161566972,0.0024657768021051135,var_Visu,0.2731002376295332,Visual,0.28822495606326887,7,0.21968365553602812,0.0018132950761993569
4014,58,0.00011623246492985972,0.0009383264652132935,1.9352332071278428e-05,4.303063840986887e-05,0.010169085086305367,-0.008738355172416279,-0.01765420111116356,0.0,netfc_VentSal__DefaMod,-0.023969279526141498,CentExe,0.3103448275862069,9,0.2413793103448276,0.0009383264652132935
4015,2393,0.004795591182364729,0.5838159563302285,0.020094150005171115,3.284795337562862e-05,0.010425893385121836,0.014954499239596464,-0.018920864646654545,0.00015591401469991828,var_Sens,-0.1643372971460476,Sensorimotor,0.9841203510238195,3,0.11909736732135395,0.5838159563302285
4019,1540,0.003086172344689379,0.001429710589526188,0.00018913182330067721,0.010720088758487796,0.014333211719522235,0.014587188511403393,-0.019552014728815514,0.00020908126132652722,fc_sd,-0.16057885644260936,CentExe,0.3155844155844156,9,0.6376623376623377,0.010720088758487796
4020,513,0.001028056112224449,0.0021963727438530675,0.00014165483818852394,0.00032163424893582633,0.012269126367468056,-0.009178700037709042,-0.013560751154448214,0.0,slope_DorsSal,0.06529204667895486,CentExe,0.35477582846003897,4,0.1968810916179337,0.0021963727438530675
4022,2407,0.004823647294589178,0.6806333540972422,0.018969061457997417,2.2338252748244275e-05,0.009521444885938611,-0.002452386679864027,-0.008535008265103894,0.0,netfc_Visu__Visu,-0.07983660099216126,Visual,0.8973826339842127,8,0.11715828832571666,0.6806333540972422
4024,296,0.0005931863727454909,0.0012831681644935385,6.334786692267085e-05,0.0013536279571611663,0.014210688257405792,-0.0020865065427451146,-0.0156649599893115,0.0,var_Visu,0.09112177555074383,CentExe,0.2702702702702703,2,0.4527027027027027,0.0013536279571611663
4029,1141,0.0022865731462925853,0.005188474388982245,0.000641561633258451,0.0009740652338991708,0.0447905550506636,0.11395087474907473,-0.018251006657571844,0.005103922928519704,fc_mean,0.3387297547455062,CentExe,0.2988606485539001,0,0.2567922874671341,0.005188474388982245
4030,405,0.000811623246492986,0.001535136153205145,3.5718416096513296e-05,0.0003491833078860859,0.0193706636964032,0.023919820551410287,-0.01394107504265829,0.0004633427995796824,netfc_Sens__VentSal,0.19570991010024436,CentExe,0.25679012345679014,4,0.21975308641975308,0.001535136153205145
4033,130,0.00026052104208416834,0.0009520469045873045,3.8433109203012745e-05,0.0005343483945622863,0.03093603452750201,-0.01568106270014935,-0.011442537630648841,0.0,netfc_VentSal__DefaMod,0.0959074153878295,Sensorimotor,0.23846153846153847,9,0.47692307692307695,0.0009520469045873045
4034,87,0.00017434869739478957,0.0012402886783344322,0.00010124019765788106,0.0005709352949888501,0.038610165346770794,-0.0049987366060444405,-0.0174048835854137,0.0,netfc_Sens__DefaMod,0.08149957321151216,Sensorimotor,0.42528735632183906,5,0.6206896551724138,0.0012402886783344322
4035,13143,0.02633867735470942,0.8485647402603536,0.018545617040547673,2.8028164845522446e-05,0.009776197432874023,-0.006422158848669479,-0.018186927921103102,0.0,netfc_Subc__Subc,-0.09181559920762178,Sensorimotor,0.3353876588297953,1,0.10507494483755611,0.8485647402603536
4036,90,0.00018036072144288578,0.0009346987040522489,1.464997563630328e-05,2.688538947656494e-05,0.01044720329812813,-0.008286497165346685,-0.015951161911743172,0.0,netfc_Visu__CentExe,-0.060333291389950215,CentExe,0.26666666666666666,0,0.18888888888888888,0.0009346987040522489
4037,179,0.0003587174348697395,0.0013761152433229727,4.968228825427564e-05,0.00033870514039019406,0.014735506653053725,0.001507708595614221,-0.013655220006253632,2.221685004153964e-05,var_Subc,-0.09081335892109166,DefaultMode,0.31843575418994413,9,0.2681564245810056,0.0013761152433229727
4039,168,0.0003366733466933868,0.0009510918050326958,2.9236876467027882e-06,0.00028991781924824693,0.09732317064989948,-0.018765801909905955,-0.014989792603498087,0.0,var_DorsSal,-0.08730931064797608,CentExe,0.2619047619047619,0,0.25595238095238093,0.0009510918050326958
4040,1233,0.0024709418837675352,0.001976400335852909,6.567459875979134e-05,0.0004808061372642476,0.020917968080617553,0.03717883451527493,-0.017957841149427,0.0007777056736650831,fc_sd,0.18766490673901204,CentExe,0.2871046228710462,7,0.17518248175182483,0.001976400335852909
4042,245,0.0004909819639278558,0.001324059825806868,6.693733028016316e-05,0.00043498259510374524,0.012088415416367817,0.012780703232806778,-0.01981755479124203,0.00015449844999148346,fc_mean,0.14503124772900342,DefaultMode,0.3551020408163265,6,0.33877551020408164,0.001324059825806868
4043,72,0.00014428857715430862,0.002361765872696936,5.48524873024353e-05,6.488574098760043e-05,0.018110185348838424,-0.012260788182115068,-0.013842624198139752,0.0,netfc_Visu__DefaMod,-0.0189020589607681,CentExe,0.3611111111111111,7,0.20833333333333334,0.002361765872696936
4045,61,0.00012224448897795592,0.000883591234729237,2.3235167779891167e-05,0.0002258434673697854,0.22233632229316344,-0.01957779078299282,-0.016748209193028663,0.0,var_VentSal,-0.04607423626243966,DefaultMode,0.22950819672131148,0,0.5245901639344263,0.000883591234729237
4046,126,0.00025250501002004006,0.001090546631392075,7.67677633733673e-05,0.00025529742277712795,0.016931633760041833,-0.0030063596315206276,-0.013379731099224967,0.0,netfc_Visu__CentExe,0.08173366833475898,CentExe,0.3333333333333333,9,0.3333333333333333,0.001090546631392075
4048,184,0.0003687374749498998,0.0014889274849046274,2.621100878820881e-05,0.0008009195436224536,0.013877294804996573,-0.012643171136676346,-0.013931981439755381,0.0,netfc_DefaMod__DefaMod,-0.04250409284264665,DefaultMode,0.2826086956521739,4,0.4891304347826087,0.0014889274849046274
4049,407,0.0008156312625250501,0.0018634203398602165,0.00016652069870719816,0.0018798055785100541,0.012850326839424105,-0.010893379823276428,-0.011658979280201098,0.0,falff_CentExe,0.05747716040256784,Visual,0.29238329238329236,8,0.4594594594594595,0.0018798055785100541
4050,170,0.0003406813627254509,0.0016571254721806817,3.743569964287221e-05,2.4910573899831202e-05,0.010330706222026394,0.0028386249580164558,-0.017364371096596054,2.932500051578001e-05,ac1_CentExe,-0.13847670379492433,CentExe,0.2529411764705882,4,0.12941176470588237,0.0016571254721806817
4053,980,0.001963927855711423,0.004187730908132263,0.0003986945250444642,0.0037637035802210532,0.011621318447697739,0.0013146847050717891,-0.01568331409287227,1.5278369615956845e-05,netfc_Visu__CentExe,-0.08677274654088794,CentExe,0.40408163265306124,6,0.39285714285714285,0.004187730908132263
4055,259,0.0005190380761523046,0.0014422737553902764,0.00013253017507442916,0.0002031176469765453,0.010944248678693643,-0.015439498137883145,-0.0232663250652565,0.0,netfc_CentExe__Subc,0.059668968883878765,Sensorimotor,0.2857142857142857,8,0.20077220077220076,0.0014422737553902764
4056,527,0.0010561122244488977,0.00142900695900306,1.8281267299114293e-05,3.5529926711597825e-05,0.0236600968553675,0.07415523053566553,-0.018107093932595575,0.001754519936805952,var_Sens,0.2422004244121503,CentExe,0.2675521821631879,3,0.12903225806451613,0.00142900695900306
4057,89,0.0001783567134268537,0.0010630425005803143,1.893809129167964e-05,0.0002699957726815197,0.013143832325557655,-0.015750513723325144,-0.01487429291065645,0.0,var_Sens,0.07297337587727054,Visual,0.23595505617977527,1,0.3595505617977528,0.0010630425005803143
4058,128,0.0002565130260521042,0.0014543662280892987,7.876808974070296e-05,0.0005035599827764966,0.011284186816657483,-0.013070682087403807,-0.014604402610525646,0.0,netfc_DefaMod__DefaMod,0.0168257118088203,Visual,0.328125,6,0.4765625,0.0014543662280892987
4059,95,0.0001903807615230461,0.0016745804935750445,0.0001580113192805364,0.0008256227122479627,0.011930700039840774,-0.005333248515820621,-0.01511284207617769,0.0,var_CentExe,0.07881929491422714,Sensorimotor,0.49473684210526314,0,0.7473684210526316,0.0016745804935750445
4060,197,0.0003947895791583166,0.002262510025877447,0.00038554399320032625,0.0006096454492247573,0.012619757731448399,-0.011615421836000284,-0.01327513827841309,0.0,var_Visu,-0.05318604647324872,Visual,0.28426395939086296,7,0.38071065989847713,0.002262510025877447
4063,141,0.00028256513026052104,0.0009156963195496915,2.6787145557107284e-05,0.001075802265748551,0.010281112026353347,-0.011198769882716064,-0.016654735930798914,0.0,var_Sens,-0.0803137847991387,CentExe,0.3120567375886525,5,0.624113475177305,0.001075802265748551
4065,638,0.0012785571142284568,0.002047449698650927,3.110761594910386e-05,0.00034814832709550883,0.01762583315148922,0.044174109216887913,-0.013640993778971211,0.0007786054786725285,slope_Visu,-0.216364089143879,DefaultMode,0.2884012539184953,6,0.22100313479623823,0.002047449698650927
4066,835,0.0016733466933867736,0.001494913203507544,2.4306089885119886e-05,0.0003476595799422355,0.011610447659243768,0.0012340446913345904,-0.017736980209427378,1.4327811297907893e-05,netfc_Sens__DefaMod,-0.10280061731612061,CentExe,0.24431137724550897,8,0.1784431137724551,0.001494913203507544
4067,12380,0.024809619238476955,0.06688376393803472,0.03671721651123435,0.0052297476612841,0.02354229317772056,0.3458894563780903,-0.018498038610216705,0.008143030989135389,var_Visu,0.5168749591611884,Visual,0.5672051696284329,6,0.15468497576736673,0.06688376393803472
4068,687,0.001376753507014028,0.002451125540909396,0.0001661181590487145,0.0002494162561144885,0.012433347578157969,-0.017144307648073953,-0.011338976268110867,0.0,var_CentExe,0.02270170337899947,DefaultMode,0.31877729257641924,6,0.16302765647743814,0.002451125540909396
4069,493,0.0009879759519038076,0.002281541369498166,0.00013094091476822072,0.0003152703536128649,0.010114654690731788,0.007361635847180081,-0.011358175922791425,7.44604045531393e-05,ac1_Sens,-0.12349496198276878,CentExe,0.3286004056795132,2,0.21906693711967545,0.002281541369498166
4071,1981,0.003969939879759519,0.001147439341075993,3.47945043571977e-05,0.02087848916617204,0.012748749732180787,0.0542710186159826,-0.012988998371923577,0.0006918876340456867,slope_DorsSal,0.2162288436278919,CentExe,0.28975265017667845,6,0.7753659767794043,0.02087848916617204
4072,267,0.0005350701402805612,0.001265175975230383,8.879907740062577e-05,0.0009608240109251474,0.012494183500208322,-0.009530694061791634,-0.018807531230367935,0.0,slope_DorsSal,-0.032988878778730434,CentExe,0.30337078651685395,0,0.4157303370786517,0.001265175975230383
4073,267,0.0005350701402805612,0.0009025675490641529,3.0146665872401013e-05,0.00055311590876988,0.18581997719477114,-0.014828957139291221,-0.013981582742086163,0.0,netfc_DefaMod__DefaMod,0.08816622078648319,Sensorimotor,0.22846441947565543,2,0.3408239700374532,0.0009025675490641529
4075,69,0.00013827655310621242,0.0008961097869823682,1.0146455777737131e-05,0.00013031739764854437,0.3686844581027378,-0.0125969403421764,-0.02361449639954305,0.0,netfc_DefaMod__DefaMod,0.045797103833461285,CentExe,0.30434782608695654,1,0.2463768115942029,0.0008961097869823682
4076,133,0.00026653306613226455,0.0011446286801213353,2.725893567133441e-05,0.000748667530260869,0.012123778946976492,-0.003692669983943242,-0.013511900241659491,0.0,var_Visu,0.07462948596203675,CentExe,0.2781954887218045,7,0.5639097744360902,0.0011446286801213353
4077,52,0.00010420841683366733,0.0012163389457813566,5.133608737004723e-05,6.705052121862127e-05,0.02359378388637534,-0.012824752675114848,-0.012826379143380917,0.0,netfc_Sens__VentSal,0.07050472933130524,Sensorimotor,0.34615384615384615,0,0.21153846153846154,0.0012163389457813566
4078,97,0.00019438877755511023,0.0010322269539920455,3.5847499178745374e-05,0.00025837402765039826,0.1058447642301613,-0.02343484213516578,-0.01470965845953276,0.0,netfc_Sens__DefaMod,0.07515056485170853,Visual,0.23711340206185566,3,0.3402061855670103,0.0010322269539920455
4079,5079,0.010178356713426854,0.0018672136624562866,0.00011583486134989754,0.02787541957025253,0.012542372052531085,0.0020357683124894166,-0.015798299446623476,2.5533363587995626e-05,fc_mean,-0.11357928349893937,CentExe,0.24768655247095886,3,0.5154557983855089,0.02787541957025253
4081,3433,0.0068797595190380765,0.0024346656333450725,0.0003172695546063447,0.00405605165714661,0.011896942777867988,0.03368044036678086,-0.011394420232398561,0.00040069427177698703,fc_mean,-0.19824160573838037,CentExe,0.3204194581998252,7,0.23740168948441595,0.00405605165714661
4083,77,0.00015430861723446894,0.012007222465324903,0.00026947586209288555,0.0001089380019482847,0.009860081085455424,-0.006252061049809354,-0.011670985961910407,0.0,var_DefaMod,-0.037243533711922634,DefaultMode,0.8311688311688312,9,0.2987012987012987,0.012007222465324903
4084,133,0.00026653306613226455,0.0008070074930488874,1.1554360751753057e-05,0.00012308190405311789,0.42545687295338525,-0.010892240065890624,-0.015565765267946396,0.0,netfc_Visu__DorsSal,0.04350755111141641,CentExe,0.2706766917293233,2,0.21052631578947367,0.0008070074930488874
4085,547,0.001096192384769539,0.001828053519378088,0.000472033103698584,0.0009194675236311417,0.04276596626785328,0.024614455120812062,-0.018267380737911454,0.001052660957398237,fc_mean,0.15985295811094455,Visual,0.3692870201096892,0,0.3382084095063985,0.001828053519378088
4086,4448,0.008913827655310621,0.005894967356277908,0.0007233336183180135,0.004656422671470982,0.014164219878313736,0.06420559964647865,-0.01615582751536304,0.0009094222308117063,var_Visu,-0.238183057834513,CentExe,0.3113758992805755,4,0.23516187050359713,0.005894967356277908
4087,7299,0.014627254509018035,0.007548358241775218,0.00023707554402763005,0.0008233685937450117,0.02054777647498139,0.1887360006032841,-0.017007192949488825,0.0038781051531782346,ac1_DefaMod,-0.34711511044545007,DefaultMode,0.2455130839841074,7,0.13837511987943554,0.007548358241775218
4089,1010,0.002024048096192385,0.007908117073187438,0.0007489133549507009,0.00019237712894020547,0.02311321477396662,0.1881767061500793,-0.023634758747793416,0.004349368624704388,var_Sens,0.3710664597259359,CentExe,0.3574257425742574,7,0.15247524752475247,0.007908117073187438
4090,107,0.00021442885771543087,0.0010184893968532397,2.7772475724643944e-05,0.00024283947987945262,0.010975852098078198,-0.0052051551063314605,-0.012308768197243136,0.0,netfc_Visu__DorsSal,-0.0650304877372795,CentExe,0.29906542056074764,4,0.3364485981308411,0.0010184893968532397
4091,77,0.00015430861723446894,0.0011613527950285836,3.162438612382247e-05,0.0002539718150613316,0.02223397828813547,-0.006060722964379206,-0.015912377015838253,0.0,slope_Sens,-0.09395378983816255,CentExe,0.3246753246753247,1,0.36363636363636365,0.0011613527950285836
4095,641,0.0012845691382765531,0.001303698870688302,1.6075536571903477e-05,0.0012425193364478703,0.011315025121953669,0.025271284007434613,-0.015162166066048144,0.00028594521340814864,var_Visu,0.16151161449749538,CentExe,0.27613104524180965,5,0.28549141965678626,0.001303698870688302
