feature,w_dot_decoder,sd_contribution,mean_abs_contribution,mean_activation,frac_windows_nonzero,alive,rank
3382,0.06855353891941694,0.010825292138395486,0.09861116532081568,0.07462200196388849,1.0,True,1.0
3346,0.03798534752332654,0.010638404857061669,0.049905261095373535,0.0681555006409918,1.0,True,2.0
1513,-0.03373709933002979,0.008958955086375488,0.0573354323771424,0.08816293433540213,1.0,True,3.0
2570,0.06552416078840377,0.008147135943429456,0.07777506875687425,0.06157573728637554,1.0,True,4.0
2030,0.058471480339254464,0.007895088699868482,0.08482584556909524,0.07525836737071681,1.0,True,5.0
248,0.06649215081207027,0.007812771023360896,0.08535619425378653,0.06659403747072497,1.0,True,6.0
1656,-0.06420673158538896,0.006897974976066182,0.09347392634717275,0.0755232388910877,1.0,True,7.0
1738,0.018395600023102907,0.005937381951983132,0.02755081124715025,0.07769465052608819,1.0,True,8.0
1868,0.05110271541084015,0.005843418829525945,0.015138327364573902,0.015367548742327717,0.9977097779756982,True,9.0
2401,-0.04473933188756976,0.005587228811732621,0.06149547237278937,0.07130571382042604,1.0,True,10.0
3241,0.029536351056984184,0.005419829614857103,0.04217728625245369,0.07407855055584721,1.0,True,11.0
1024,-0.14751131014302019,0.0053062169010312694,0.01753127925156669,0.006165367539835858,1.0,True,12.0
1535,0.07468170928776005,0.005064612229296484,0.010606678997862225,0.007367766613661571,0.9923659265856607,True,13.0
1746,0.036037651314315494,0.004686905520378191,0.012102369341436566,0.01742146240272415,0.9983459507602265,True,14.0
2644,-0.03538331556247222,0.0046466541737222545,0.048413017866769575,0.0709797252943554,1.0,True,15.0
3543,-0.03115052497118957,0.004610680726475419,0.04926991771705851,0.08205161832093513,1.0,True,16.0
3952,0.03896650794381664,0.004092787906280892,0.059323746548536546,0.07897829750216502,1.0,True,17.0
840,0.04154435087710484,0.004021054823396819,0.011136692841805088,0.013906407402794002,0.998918506266302,True,18.0
1125,0.033466956582442725,0.0038975623040097816,0.04155850318471904,0.0644190567087478,1.0,True,19.0
3447,-0.04059533305269126,0.003785015849015635,0.011797606548562984,0.015076081751162745,0.9993638272154717,True,20.0
1075,-0.04565236136553885,0.003688974386971503,0.011796708769997909,0.013405045607749667,0.9949742350022266,True,21.0
2674,-0.032743013310259764,0.003652216941493968,0.04239476517619568,0.06716828716999436,1.0,True,22.0
769,-0.034077478127980704,0.0035719665887704514,0.007268879228482767,0.011065491010909817,0.9905846427889815,True,23.0
1424,-0.024272269793414316,0.003290732503336933,0.0033161789453854066,0.007087584522861695,0.9838412112729817,True,24.0
3844,0.028987499421178804,0.0032574341712896643,0.008196342980749042,0.014668309153866356,0.9962465805712831,True,25.0
1832,0.02990109669912018,0.00319730651502064,0.008656319845923712,0.01501816466453953,0.9998727654430943,True,26.0
2906,-0.055806845953436726,0.00318158292652555,0.0055750739990230135,0.00518243474558686,0.9786882117183027,True,27.0
3860,0.017092857688204743,0.0031810608472864336,0.009406425187818685,0.02854832375338997,0.9933201857624531,True,28.0
2961,0.057280519278642805,0.003015930135164885,0.014382057355482399,0.01302521060722263,1.0,True,29.0
2889,0.01392838771723206,0.0029446363585428864,0.009326713308699204,0.03473749234432978,0.9996819136077358,True,30.0
3825,-0.02724957007900666,0.0028288070540445705,0.012732734648960313,0.02424000572052607,0.9999363827215472,True,31.0
919,0.02607519673157507,0.0027655033334498835,0.03551152877587092,0.07065004773880576,1.0,True,32.0
3272,-0.012071008105106829,0.002762340487840137,0.008956214149302515,0.03849032800440777,0.9977097779756982,True,33.0
50,0.036765244006770115,0.0026422334065564672,0.008328413683344313,0.011751559954187427,0.9935110375978116,True,34.0
2125,0.03948241957365665,0.0026417638824595855,0.007179882211917734,0.009433747425133275,1.0,True,35.0
2227,0.022116003173365217,0.00259434766874522,0.026566654332812002,0.06231619185733377,1.0,True,36.0
1538,0.05685648060545961,0.002377990696615547,0.005143778389406877,0.004693242126674147,0.9906482600674343,True,37.0
123,0.019266564066236606,0.0022680192275684585,0.024527436384002003,0.0660417497627597,1.0,True,38.0
2040,0.02045833967956992,0.002260624330808827,0.02767154258250634,0.07016712288765795,1.0,True,39.0
613,0.016016112026220778,0.002229000553897764,0.021232962490209006,0.06877398331613077,1.0,True,40.0
1717,0.043796543030933256,0.002192584342912135,0.0016939348201150776,0.0020064463315464876,0.9099815509892487,True,41.0
1047,-0.012467952579955876,0.0021567018972055868,0.012514324467438845,0.05206944558164243,1.0,True,42.0
3249,-0.047907162573813736,0.0021308428284910943,0.002493811482622073,0.0027004357895128936,0.8868884789108722,True,43.0
2942,-0.022719851377736258,0.0020328561045896013,0.004764340615981287,0.01087847457394738,0.9647560277371334,True,44.0
2205,0.07567308926408625,0.002028939192701434,0.0024531755402770407,0.001681736097749571,0.8380304090591004,True,45.0
2355,0.022652156065101355,0.002006563882231665,0.00430519147533174,0.00985947092971461,0.9706088173547935,True,46.0
3485,0.07106088829127186,0.0019494470433628435,0.020506766231943516,0.014970531965055779,1.0,True,47.0
48,-0.01751008514425206,0.001907793649789868,0.005561369850400195,0.01647647123588353,0.9976461606972453,True,48.0
2994,0.04875762335260908,0.0018880208072919223,0.00155404432347331,0.0016534518691719959,0.6988358038043132,True,49.0
96,-0.012685443169940634,0.0017475246686955003,0.020223899691906886,0.0827046528010389,1.0,True,50.0
240,0.07279763711914966,0.001735720313276649,0.016913614281787226,0.012052851987938611,1.0,True,51.0
577,-0.012570855719614532,0.0017065702905814384,0.008089691890715909,0.03338395786105432,0.9987912717093963,True,52.0
3020,0.009424365912905056,0.0016794094964508281,0.006749468715797771,0.03715250772631677,0.9939563585469814,True,53.0
2135,0.038335741951799326,0.0016209530256112404,0.0015146315263620971,0.002049622139021809,0.9828869520961894,True,54.0
817,-0.03303904707384672,0.001605094865622617,0.003166702197681354,0.004972220674306219,0.9921750747503022,True,55.0
3558,0.03862887625304104,0.0015795161821542864,0.017455803690931967,0.023442204979241425,1.0,True,56.0
367,0.007537790248684987,0.001486311398299019,0.004855666588982622,0.033417618326855164,0.9887397417138495,True,57.0
3157,-0.04100563149940268,0.0014487233441940557,0.006477660731387223,0.008194932443618078,1.0,True,58.0
2237,0.012626430491352808,0.0014380682190469412,0.017329875141058465,0.0712009069536099,1.0,True,59.0
228,-0.0217834421246558,0.0013796055133113892,0.003668092849676232,0.008735434234706642,0.9993002099370188,True,60.0
329,-0.01523317151292858,0.0013137283732479388,0.004346693614215106,0.014802646961534516,0.9996819136077358,True,61.0
3173,0.018306172180037883,0.0012838809959822921,0.005041328627306518,0.014286246851088655,0.9999363827215472,True,62.0
1134,-0.016918880567364097,0.0012349567063174372,0.0049544531633088475,0.015191294628305674,0.9988548889878491,True,63.0
723,-0.03405983462453411,0.0011481939525313817,0.0020552254231030365,0.0031303119045028,0.9903301736751702,True,64.0
547,-0.06307270865971287,0.0011052039075667272,0.0015121927669582925,0.0012437593498062596,0.9219415993383803,True,65.0
3352,-0.15226829917885276,0.0011036749119339771,0.0026347651278322386,0.0008976418544395523,0.989630383612189,True,66.0
3981,-0.07219116681947244,0.0010942237387675173,0.00447253655980576,0.003213960406130414,1.0,True,67.0
2106,-0.016090548462940904,0.0010697797426354053,0.0021210513675957586,0.006838345242595076,0.9884216553215853,True,68.0
3908,0.039152720351108755,0.0010614850337736738,0.0024693611632849084,0.0032718497769592715,0.9647560277371334,True,69.0
2196,-0.14313243540204962,0.0010402071924552829,0.002297896880079146,0.000832843036458384,0.9947833831668681,True,70.0
3762,-0.009378840905462024,0.0010201844456158291,0.011814491542121448,0.06534863960250933,1.0,True,71.0
3994,-0.04216090515586277,0.001019561046568819,0.0050217817590049035,0.006179005658127042,1.0,True,72.0
181,-0.008683418772285234,0.0010035419357943363,0.0026683804890600504,0.01594144534907653,1.0,True,73.0
580,0.04031500355848642,0.0009789620715237916,0.013155611172287392,0.016928364855998548,1.0,True,74.0
3612,0.0236055982578607,0.0009769513487142916,0.0026513581925024484,0.005826719030692628,0.9966282842420001,True,75.0
1784,0.007809654070722247,0.0009683120495466057,0.002498146600063078,0.016594218635473005,0.9991093581016605,True,76.0
2484,0.009897562754982896,0.0009597354858879363,0.012974549023757834,0.06800403646424281,1.0,True,77.0
3780,-0.006325609682948711,0.0009477786623078105,0.008498870066798258,0.06969947122773813,1.0,True,78.0
3443,-0.006386089971494564,0.0009348717772617194,0.009961545075198523,0.08092120772070019,1.0,True,79.0
1211,0.040150337977933555,0.0009295990215555331,0.002598781370140765,0.0033577721573149065,0.9999363827215472,True,80.0
3522,0.06032975030785726,0.0009254296507483003,0.004327889934066334,0.00372147721006117,1.0,True,81.0
3889,-0.034939991051798146,0.0009198539717011081,0.0035764753005051394,0.005310105198274961,1.0,True,82.0
2614,0.055304965478142516,0.0009190136477506906,0.010535149344216378,0.009882054737679405,1.0,True,83.0
3264,0.006525007239393476,0.0008981656769677567,0.0073669040415713025,0.05856992924168631,1.0,True,84.0
2680,0.02295432700653656,0.000875095239389824,0.0005457399240767339,0.0012333656421162952,0.5251606336280934,True,85.0
2477,0.016735370667760135,0.0008687205543242183,0.0019643454090681003,0.0060891013759393625,0.9681277434951333,True,86.0
1804,-0.013070293657080017,0.0008684543142347041,0.001583351174516527,0.0062843821677475015,0.9868948406387175,True,87.0
2271,0.05824728151901103,0.0008671074926466914,0.005225389611292908,0.0046538641392152875,1.0,True,88.0
232,0.11236059913601487,0.0008433023259274063,0.0012594096757257848,0.0005814651138863095,0.9293212036389084,True,89.0
1230,0.026330973863530453,0.000820061186944862,0.0005634252225797551,0.001110043625525339,0.8114383866658185,True,90.0
3293,0.12845916523080755,0.0008054744699679308,0.008682421820963019,0.0035062789971349716,1.0,True,91.0
2525,0.004838127213757108,0.0008051790964541879,0.007665889134939435,0.08219699390680565,1.0,True,92.0
2431,-0.07785710847636916,0.0008023377499886248,0.009348956837192227,0.00622924724071874,1.0,True,93.0
2777,0.02607028302030903,0.0007639159402030174,0.009305013606598507,0.01851577739606994,1.0,True,94.0
2796,-0.005368765357664823,0.0007575028548586186,0.002378001761097738,0.022977799348391784,0.9938291239900757,True,95.0
1504,0.028905544986746523,0.0007533237529161312,0.004930799481596601,0.008849258138200165,1.0,True,96.0
1518,0.10908433495032664,0.0007482846945096991,0.006225326118319552,0.002960536387106493,1.0,True,97.0
3649,-0.08081392314937241,0.000720817819781365,0.0010622248412244229,0.000681869001804899,0.9338380304090591,True,98.0
3218,0.033560614556279705,0.0006994700764375024,0.0011209190948549973,0.0017326667716012869,0.999618296329283,True,99.0
2510,-0.0339231221948006,0.0006930414075443678,0.0008750802706620478,0.0013382053443772848,0.7761307971244991,True,100.0
2357,0.11345752855576108,0.0006892839255707261,0.0008235997967219364,0.00037657683058262996,0.8764552452446084,True,101.0
2685,0.08371512638193296,0.0006834626233859671,0.005040593635197467,0.003123549794931257,1.0,True,102.0
3437,-0.016155418169123473,0.0006820425736628096,0.0012465189680370477,0.004002684614703043,0.9809148164641517,True,103.0
2734,-0.05658911398364402,0.0006699034044801679,0.0008317021743833951,0.0007624399196773015,0.7934346968636682,True,104.0
4087,-0.05135150363677717,0.000662587301362062,0.0011450731586574387,0.0011567799540151025,0.9956740250652077,True,105.0
3955,0.0320998142516805,0.0006584897417288731,0.0009923793252714875,0.0016037839863342026,0.9697817927349068,True,106.0
3510,0.03501858987341034,0.0006500372193506587,0.003612439813844096,0.005351464520352074,1.0,True,107.0
288,0.046219005978580065,0.0006489764272772892,0.00620952046567962,0.006969604691674102,1.0,True,108.0
1489,0.022463458602552264,0.0006381496501760516,0.006908871980217289,0.01595516155829278,1.0,True,109.0
1178,-0.18964687582065623,0.0006333842276071673,0.011835139107916079,0.0032374148799020888,1.0,True,110.0
2803,0.06028914718813509,0.0006075426499769297,0.010351613015981259,0.008907166521103843,1.0,True,111.0
899,-0.01023357747639607,0.0006062510003986177,0.0020768257563154725,0.010527936664218049,1.0,True,112.0
3629,0.024538067350881276,0.0005925773837911275,0.002915508157743516,0.0061637439754210505,1.0,True,113.0
2402,-0.039406490884218964,0.0005893391273992157,0.005546101361960296,0.00730114080168283,1.0,True,114.0
1552,-0.08589719072485719,0.00058752565386863,0.0012713286724731498,0.0007678025774198173,0.9864495196895476,True,115.0
2171,0.04660618186617234,0.0005862309718784478,0.007561265721539247,0.008416308753212904,1.0,True,116.0
1790,0.0794380342635243,0.000576104725315905,0.007249318411290287,0.0047341211878394055,1.0,True,117.0
4067,-0.058629034859847134,0.000559890426566882,0.0019447333987601576,0.0017207509267198559,0.9984095680386793,True,118.0
783,0.053944755937597816,0.0005574171515500211,0.0010436516360596453,0.001003637800445057,0.8580062344932884,True,119.0
3638,0.17998721211010543,0.0005561267945370912,0.011203395264515541,0.003229079166979085,1.0,True,120.0
916,0.03379215482267328,0.0005370437010895981,0.0033355567676457564,0.005120626910771751,1.0,True,121.0
1208,0.03827485050131444,0.0005300902021954655,0.0032062647155921623,0.004345668128844198,1.0,True,122.0
2490,-0.015413308195827547,0.0005142759851212252,0.0005975319490581222,0.0020111105910510106,0.8123926458426108,True,123.0
296,0.1486510526892549,0.0005081130982497257,0.002115002537472598,0.0007380972512426212,1.0,True,124.0
291,-0.017823326091127304,0.0005021674925916352,0.005706302386299981,0.016608741022489645,1.0,True,125.0
2315,0.08960524906865465,0.0004983944950838792,0.003469181484275181,0.002008464929333946,0.9999363827215472,True,126.0
1411,0.01883973509499336,0.0004956597933250864,0.004868506966988891,0.01340576765970572,1.0,True,127.0
2390,0.14869748633961669,0.000494151904341904,0.007121954717052444,0.0024846559769236966,1.0,True,128.0
1310,-0.11570075967346166,0.0004801979435297961,0.0009445556797475454,0.00042350840872902053,0.9889942108276608,True,129.0
672,-0.01501611564533875,0.00047542264806941695,0.000492303387142493,0.0017007712417337634,0.719256950187671,True,130.0
1127,-0.15546993358834887,0.00046507191400462877,1.976266098692754e-05,6.594315046832848e-06,0.026782874228640497,True,131.0
3406,0.10831196202870316,0.00046133982112325664,0.00538903188915057,0.0025811010934328744,1.0,True,132.0
432,0.01316374861040753,0.00045255078154145674,0.0011022499847333595,0.004343813851188598,0.991475284687321,True,133.0
1082,0.06170999335112129,0.00043855359558849747,0.0005323338752623707,0.0004475064385825504,0.8787454672689102,True,134.0
3583,-0.0820799571042151,0.0004371104890491266,0.0040779792336658885,0.0025773807074408244,1.0,True,135.0
1237,-0.050470671523993545,0.0004356431688601928,0.0009691652614591071,0.0009961607823911337,0.9851771741204911,True,136.0
1270,-0.06465101212521536,0.00043509333698473705,0.006722019517540912,0.005393803554551279,1.0,True,137.0
2476,-0.0833985712709095,0.00043488204921580557,0.0010270653136953006,0.0006388665296941964,0.9919842229149437,True,138.0
2475,-0.08475858891151154,0.0004302060333300791,0.0011187357734338053,0.0006847223313106542,0.9956740250652077,True,139.0
1063,-0.0022926636414513425,0.0004300788138279825,0.002060962651844654,0.04663376311111851,0.9997455308861887,True,140.0
821,-0.09053459749961638,0.00042377133243673274,0.0008700712555496449,0.0004985525366332503,0.9754437305172085,True,141.0
1204,0.08834760283591306,0.0004230438338460061,0.0030049104776862408,0.0017644422647449898,0.9993638272154717,True,142.0
2814,-0.06282988836466685,0.00041567100267749955,0.0022658209334238616,0.0018708112852692002,1.0,True,143.0
1357,-0.06644943942226998,0.00041448823143819475,0.005924190005763762,0.004624963843303247,1.0,True,144.0
2783,-0.048261470863480746,0.0004095215475219098,0.0027930091571817797,0.0030022198362662407,1.0,True,145.0
3397,0.02873897577609584,0.00040913507184815344,0.000970299050854194,0.0017514792821130048,0.9902665563967173,True,146.0
2269,0.1729976482963159,0.0004046673343119106,0.0026155022203396424,0.0007843060730838409,1.0,True,147.0
3877,-0.01081797812183602,0.00039958525581727713,0.0011586453509469686,0.005556164673212589,0.9999363827215472,True,148.0
1570,0.015435296556017424,0.0003990341169334375,0.003684754473539673,0.012384094607808083,1.0,True,149.0
2509,-0.03791238726311471,0.00039849935602585324,0.003021818598775183,0.004134832700517991,1.0,True,150.0
160,0.028648196080093283,0.00039573745418119575,0.0028353700932231946,0.005134322661230004,1.0,True,151.0
594,-0.13828613772784526,0.0003956491931691877,0.0010329930129905607,0.0003875158059527535,0.9951650868375851,True,152.0
1439,0.11651945556286143,0.00039143973261193546,0.009270759428239244,0.004127504439330756,1.0,True,153.0
1037,0.06924726901422099,0.00038677687120764034,0.0006766163197292918,0.0005068862407058675,0.9583942998918507,True,154.0
459,0.05792023139933721,0.0003686593133803435,0.006883467688574669,0.006165207160746839,1.0,True,155.0
1342,0.032489177282755674,0.00036611391865315116,0.003604526004056879,0.005755461237556135,1.0,True,156.0
2393,0.02466331026692776,0.0003623122400419712,0.0009933085907923704,0.0020893130138701127,0.9999363827215472,True,157.0
713,0.08926225771226141,0.0003622055939824447,0.0008285675566370576,0.0004815381956284477,0.9610026083084166,True,158.0
3833,0.15165990335548876,0.0003617221286955882,0.006086832521559628,0.002082050512672802,1.0,True,159.0
3764,-0.09294207138102514,0.00035823720707752756,0.000525260717043018,0.0002931792700339999,0.6924104586805776,True,160.0
551,-0.12640109065628616,0.0003575757877424337,0.0057614736540831145,0.002364576903878515,1.0,True,161.0
1895,0.18804071601301933,0.00035298973660459,0.0026563338032613375,0.0007328269579230403,1.0,True,162.0
761,0.016947806763946714,0.0003522854703237592,0.0009059770826442392,0.002773156586130861,0.996691901520453,True,163.0
1209,0.039310061082495684,0.0003515958789957043,0.00132038136036461,0.0017424741760097779,0.9996819136077358,True,164.0
3268,-0.086517971500285,0.00034842360328021896,1.934630324199431e-05,1.1600116387344484e-05,0.03129970099879127,True,165.0
500,-0.003152987210511328,0.00034728348807861424,0.0007489390991260567,0.012322390826995825,1.0,True,166.0
178,0.056811259009383656,0.0003472644476573341,0.005877587314833511,0.005367046523220636,1.0,True,167.0
3610,0.06108240478845582,0.0003409666954091171,0.00037447386064527565,0.0003180358411127635,0.6242763534575991,True,168.0
1060,0.06307202425616332,0.00033860492923492945,0.0008040030555015918,0.0006612894800170272,0.9970736051911699,True,169.0
3976,-0.1437788196724363,0.00033832595731864753,0.0012281407326952547,0.00044312260548643297,0.998155098924868,True,170.0
2291,0.12644183417213492,0.00033569010286325826,0.0007484397845668307,0.00030706955685922544,0.9025383294102678,True,171.0
322,-0.07977692400299732,0.0003338450736586286,0.00015629485032041815,0.00010163377716018036,0.47083147782937845,True,172.0
2356,0.12028936174891847,0.0003274141316462479,0.0024347434174609526,0.0010500178066534275,1.0,True,173.0
373,0.022457969461861495,0.0003262827623274793,0.0013313171527020076,0.0030752591886841173,1.0,True,174.0
972,0.04391706574166838,0.00032514114084463493,0.00039095462822408007,0.00046181041957126645,0.9819963101978497,True,175.0
925,-0.09351403863026661,0.00032331527968054626,0.0027358878329930515,0.0015177217532636544,1.0,True,176.0
866,0.10262342129808957,0.00032208763604473585,0.002102113876585424,0.0010626259908554047,0.9997455308861887,True,177.0
903,-0.04581889414745445,0.000318984393414922,0.0002879624346694351,0.0003260332685588975,0.615815255423373,True,178.0
74,0.018221741491678045,0.0003184181809555512,0.004123417244511394,0.011739188763411016,1.0,True,179.0
3581,0.059900792512358164,0.00031672299900493473,0.0026746383418040955,0.0023163446674491516,1.0,True,180.0
842,-0.030327020988491667,0.0003137792221665422,0.002479712713559863,0.004241722970929925,1.0,True,181.0
265,-0.1414915115981835,0.00031291624343340516,0.0004085860784850705,0.0001498041563198406,0.7889178700935174,True,182.0
3368,0.028702710795276948,0.0003124053092463416,0.003513263899481677,0.006349778006669621,1.0,True,183.0
292,0.10300160234832688,0.00031100508697181755,0.001322430480887472,0.0006660388375953358,1.0,True,184.0
1181,-0.09707497019182712,0.00030611329409139745,0.0003957369159740861,0.0002114803319125615,0.8503721610789491,True,185.0
40,0.06817961727223931,0.0003050333723371197,0.005893220816911501,0.004484033407335312,1.0,True,186.0
2113,0.023592582322208396,0.0003034597698926428,0.0019094552893318853,0.004198601908019982,1.0,True,187.0
611,0.013375797373116033,0.0003019375396585448,0.0006937572423875775,0.0026906582071003007,0.9987912717093963,True,188.0
379,-0.026430739162822094,0.00030054336991924407,0.002702667406967974,0.005304616352329562,0.9998727654430943,True,189.0
2547,0.03772953962367966,0.00030012979684349234,0.0007250199596497013,0.0009968714107959956,0.9756981996310198,True,190.0
3533,0.06181424867736526,0.0002998360401917121,0.0005629307860908593,0.0004724295883300131,0.9152617851008333,True,191.0
1948,-0.05965777179773869,0.0002997812369383149,0.00023297873745114814,0.00020259090437399659,0.6762516699535593,True,192.0
465,0.11295701879854066,0.00029843845265456936,0.0007615656755151119,0.0003497557187332938,0.9668553979260768,True,193.0
1967,0.07054085346499647,0.00029798344741596174,0.0009423198958636903,0.0006929921821141738,0.9931293339270946,True,194.0
2854,0.10724962548170117,0.000297176976015963,0.0014560075609696367,0.000704268931686518,1.0,True,195.0
2618,-0.04066676033565118,0.0002933570082065517,0.0002994816935145765,0.00038203344812916143,0.6944462115910681,True,196.0
2180,-0.011775359979921322,0.00028903956476192017,0.0030323984570442795,0.013359270962180071,1.0,True,197.0
3347,-0.08383914081531951,0.0002870237627465941,1.3309505964501935e-05,8.235420904746081e-06,0.032890132960111965,True,198.0
1522,-0.04502440155161575,0.0002845506901376548,0.000394527743803066,0.00045456949095808597,0.9241045868057765,True,199.0
2641,0.144923754603108,0.00028303509099216086,0.0071833750753646465,0.0025713408581580035,1.0,True,200.0
973,0.0515103820589824,0.00028207282976805897,0.003038693035911043,0.0030602911312462146,1.0,True,201.0
985,0.058887242945534,0.00028189525281775463,0.0008881311426726801,0.0007823958926000112,0.9961829632928303,True,202.0
1196,0.02905558377495867,0.0002793423300099582,0.002188113063094029,0.003906706972150751,1.0,True,203.0
1777,-0.05810557199126987,0.0002770500549880864,0.0012350452451838137,0.0011026451499801815,0.9969463706342643,True,204.0
63,0.025023395712676033,0.00027669084875928774,0.004788084472640239,0.009926273660709112,1.0,True,205.0
2584,0.04697350081320649,0.00027622251267884964,0.00063082954397807,0.0006966742852668414,0.9528595966664546,True,206.0
3187,-0.017723612473063758,0.00027488560691362363,0.002789101155674286,0.008163618558325505,1.0,True,207.0
703,-0.02580595794687697,0.00027228545453353493,0.0001775829643791482,0.0003569866705721709,0.5717284814555633,True,208.0
655,-0.11191082032219973,0.0002721282720975818,0.00044774870068804105,0.00020755487542581876,0.9144347604809466,True,209.0
2863,0.044552668253650916,0.0002706266724986475,0.003126308375659241,0.0036402296223276226,1.0,True,210.0
2486,-0.09587405214671667,0.00027015301056364986,0.0021431495281456375,0.0011596370270479516,1.0,True,211.0
2017,0.07820929122620468,0.0002696057047315637,0.0051514669816435325,0.003416986435149343,1.0,True,212.0
105,0.05038132609382342,0.0002687823805066373,0.00028596556399379763,0.0002944522168274366,0.694509828869521,True,213.0
2058,-0.03869584711115114,0.00026864326975984646,0.0033590342363699222,0.004503195027901747,1.0,True,214.0
431,-0.04789911241389704,0.00026442985278415877,0.00304228556578291,0.003294907260526476,1.0,True,215.0
2336,0.07719150490423046,0.0002642910282432774,0.004545489203994109,0.0030547931422699364,1.0,True,216.0
2400,-0.0557055527651384,0.000261863187356896,0.00043408103518464497,0.00040424346543640235,0.9614479292575864,True,217.0
627,0.02198718365770106,0.00026179956505467764,0.0007772106824143516,0.001833748794542466,0.9838412112729817,True,218.0
739,0.04675501521789065,0.00026132042729488,0.0008490971992178711,0.0009421062608106439,0.9854952605127553,True,219.0
1167,0.03574795363012189,0.0002587696166726576,0.00017300965768932494,0.00025106712254253363,0.43266111075768177,True,220.0
1262,0.06882028405487366,0.0002583625758361962,0.0045467892844209086,0.0034273546918193554,1.0,True,221.0
4081,-0.07912657351725416,0.00025770793572469703,0.0008352518272282955,0.000547602924873154,0.9948470004453209,True,222.0
356,-0.1191410505894682,0.0002572637176823515,0.000970808605219157,0.000422710344669975,0.9945925313315096,True,223.0
1144,0.014458952896391037,0.00025389532588748965,0.00021169152447503273,0.0007595166727087653,0.7626439340924995,True,224.0
3289,0.07739835479691833,0.00025296872325302047,0.0015100193502129175,0.0010120954387274042,1.0,True,225.0
3878,0.04863542808039716,0.0002525225797305552,0.00015533946189104765,0.00016569131238134785,0.4040969527323621,True,226.0
3546,0.04729331056588079,0.0002514155497007556,2.8814404289785524e-05,3.1606806208781695e-05,0.1393854570901457,True,227.0
408,0.05285046902260383,0.00025059952602465694,0.003212911147269714,0.0031537012758548295,1.0,True,228.0
1588,-0.08730774187466948,0.00024899464085745174,0.0010873515711341962,0.0006460824063622956,0.9998727654430943,True,229.0
1654,-0.0069391168518924615,0.0002482648650175998,0.003316369557963449,0.02479301843568104,1.0,True,230.0
3342,-0.0015435849484305765,0.00024693550967084903,0.0025858408238228943,0.08690443427063843,1.0,True,231.0
394,-0.020373790840151847,0.0002458620132308693,0.0019495534294022368,0.004964025261206918,1.0,True,232.0
3220,-0.13575401197741288,0.00024243921095211526,1.1932017029529463e-05,4.5596538650138104e-06,0.012214517462942935,True,233.0
618,0.05440781312786594,0.0002404122600355849,0.0058635027890532095,0.005590704656724601,1.0,True,234.0
3247,-0.005537029731397842,0.00024040164382648773,0.0002839253193540295,0.0026600999298156285,0.9533049176156244,True,235.0
484,0.10094362212878923,0.00023648173105035507,0.0026548339937483407,0.0013643606015500658,1.0,True,236.0
2451,0.08552382844232406,0.00023475294726836468,0.00016757434638919907,0.00010164618534331145,0.5125007952159807,True,237.0
3018,0.07188350832666893,0.00023391336784398496,0.001135344720233995,0.0008193494451117099,0.9987276544309435,True,238.0
4086,-0.10434750315044497,0.0002335553103314051,0.0012992024411192862,0.000645900246886258,0.9947197658884153,True,239.0
3816,-0.10439053529391366,0.0002309630121478998,0.0006011625462085939,0.00029874557064323015,0.9841592976652459,True,240.0
191,-0.07430826676490417,0.00022940683979055004,0.00025180819899579387,0.000175793745565607,0.5181627329982823,True,241.0
2114,-0.14917253340679007,0.00022936400222617196,0.0032481713696695413,0.0011295897759191968,1.0,True,242.0
1633,-0.11201484973130522,0.00022850576822655534,0.000128676381873803,5.959281826294387e-05,0.2383103250842929,True,243.0
1223,0.06330745050574793,0.00022751662824529558,1.3537255688486838e-05,1.1092935607263559e-05,0.009415357211018513,True,244.0
3656,0.01655596159228376,0.0002266372031364823,0.002324241230019259,0.007282784764052399,1.0,True,245.0
2613,0.15028381051445663,0.00022662585098569044,0.0008690842092354191,0.00029999937166927415,0.9706724346332464,True,246.0
1236,0.015656885475303566,0.00022617552458862025,0.00043783966235605914,0.0014507093482714838,0.9896940008906419,True,247.0
3867,-0.07682844955277675,0.00022434879746642745,0.0006225472476977302,0.0004203595638580537,0.9984731853171321,True,248.0
1831,0.08143898724820657,0.00022365920714197398,0.0001438825501121221,9.165294967635459e-05,0.2145174629429353,True,249.0
994,0.06832731499494764,0.00022344258137152155,1.731333597323281e-05,1.3144893933919562e-05,0.020802850054074687,True,250.0
1516,-0.07755723185369001,0.00022317498455780554,0.0007864412489989582,0.0005260350332078371,0.9924931611425664,True,251.0
3424,0.05633051731262695,0.0002222343091279296,0.0011366449940473965,0.0010467712552679664,0.9962465805712831,True,252.0
1996,-0.019433294083229972,0.00021760029365280338,0.000322136153578041,0.0008599312472036058,0.8646860487308353,True,253.0
2024,-0.06384927934231352,0.00021585529497300727,0.0035278102077431098,0.0028662884720785475,1.0,True,254.0
2936,0.026039992466547632,0.00021516408474224626,0.0037169899321716337,0.007404934388191128,1.0,True,255.0
1013,0.10551422583519852,0.0002130986332592989,7.092002566099681e-05,3.486812156901144e-05,0.078312869775431,True,256.0
281,0.03720171485626978,0.00021278643953596648,0.004472924996394115,0.006237338882309337,1.0,True,257.0
3155,0.03359107740747778,0.00021185985388832602,0.0013127986537522047,0.0020274253538424135,0.9998727654430943,True,258.0
3053,-0.037556072165969935,0.00021176810809322972,0.004641719957547167,0.006411644797113577,1.0,True,259.0
1857,-0.05327216450583885,0.00021156698648113598,0.00020896438200810802,0.00020348978277139973,0.7737133405432916,True,260.0
236,0.02434510979690122,0.00021134336297632907,0.0031375660715865796,0.006685776074699999,1.0,True,261.0
1374,-0.04297256177623558,0.00021011449904208862,0.00218254760188397,0.0026347727567061236,1.0,True,262.0
1445,-0.06240997331805363,0.0002096574534998798,0.000429599802567547,0.0003570925260197045,0.9724537184299256,True,263.0
716,0.05322122796397394,0.00020941165707945064,0.0002549101097153045,0.00024846936691717554,0.680068706660729,True,264.0
3077,0.09633175456464507,0.00020937544375349278,0.002928434367243409,0.0015770182119294197,1.0,True,265.0
2563,0.04472509351191504,0.00020799439377821297,0.00027204885468723217,0.0003155486517422625,0.6525860423691074,True,266.0
2710,0.06591418928670767,0.00020733819960213574,0.0002861815042901112,0.00022523367946879555,0.7071696672816337,True,267.0
3371,-0.029931758896806777,0.00020681364353078126,0.00014594559600664118,0.0002529469461032103,0.4432215789808512,True,268.0
990,0.06175416232503936,0.00020466184402151037,0.000145786605312917,0.0001224678440879108,0.40969527323621097,True,269.0
4029,-0.0365390502822673,0.00020366353700474984,0.00013031048298207758,0.00018500896930798665,0.529741077676697,True,270.0
3377,0.03700520744242901,0.00020310784992626777,0.002018164899727492,0.0028292054743405894,1.0,True,271.0
1556,-0.007452930677033101,0.0002030782036428054,0.0010502791734309479,0.007310521459486157,0.9997455308861887,True,272.0
3985,0.06296744047656562,0.00020251968200143383,0.001535814655836468,0.0012652998355335895,1.0,True,273.0
422,0.023313894696040886,0.00020203625967116006,0.00016602185155965144,0.00036942059781356907,0.9746167058973217,True,274.0
2083,-0.02695487542786024,0.0002011282196503751,1.765151430645723e-05,3.397154699645033e-05,0.07029709269037471,True,275.0
1096,-0.05867881535767455,0.00020112190598448358,9.962476918687883e-06,8.807581590337029e-06,0.016922196068452192,True,276.0
3943,0.05126965955963166,0.00020043601834251432,0.0005274769265973015,0.0005337202953435915,0.9959921114574718,True,277.0
3705,-0.030838082540455107,0.0001994354690101311,0.000512947552458693,0.000862891676249079,0.9857497296265666,True,278.0
467,-0.019246057583657293,0.00019829450936023247,0.0013941763754839371,0.003757912145348821,1.0,True,279.0
1511,0.025448383320790604,0.0001974636905133754,0.0033718741524541274,0.006873561830586468,1.0,True,280.0
2430,-0.1151032372447975,0.0001974374463574175,0.0023269111618253453,0.001048728206527303,1.0,True,281.0
1748,0.09526780618348284,0.0001956876096347579,0.0010596845535206512,0.0005770336283776333,0.9998727654430943,True,282.0
1453,0.04577147011405016,0.00019462540361092834,0.0024437761269096143,0.0027697287598871584,1.0,True,283.0
2598,-0.02853639581421717,0.00019297095095347898,0.002141199976331132,0.003892501547742642,1.0,True,284.0
3195,0.15644296515131464,0.000192675381404052,0.001407403935691573,0.00046669527790384446,1.0,True,285.0
1812,-0.03840672447637435,0.0001922202399200557,0.00031519942013148256,0.0004257442824042055,0.9938927412685286,True,286.0
3989,0.018022858314532878,0.00018996507085658972,0.00248903313292029,0.0071643648342014764,1.0,True,287.0
3715,0.06684952677485205,0.00018978823402057064,0.0006324874710808851,0.0004908222862176663,0.9982823334817736,True,288.0
870,-0.06243570921312,0.00018951571514943998,0.0011149250173059777,0.0009263674686987703,1.0,True,289.0
3006,-0.081532706919545,0.00018936061450186486,0.002673763879891465,0.0017012254655506946,1.0,True,290.0
1299,-0.0273209505875657,0.00018900752240101897,0.0006274523860837622,0.001191394672118304,0.9993638272154717,True,291.0
2014,0.04042620900249797,0.00018808339047563638,0.0004242158829198468,0.0005443705122383869,0.9690820026719257,True,292.0
2808,0.017737084528529647,0.00018802249266650667,0.0007650598906433695,0.002237607363833475,0.9993002099370188,True,293.0
2571,0.06842876313406229,0.00018621223240821789,0.0018190452577709795,0.0013790356663960438,1.0,True,294.0
170,0.03291023570979851,0.00018481378272964993,6.443489227445464e-05,0.00010156891150831063,0.22037025256059545,True,295.0
1553,-0.05423810099772068,0.0001848088641984113,3.464356327020581e-05,3.3135136491258536e-05,0.0933901647687512,True,296.0
1614,0.035942915246731315,0.0001836953795471542,0.0003164522784996075,0.00045673638737008155,0.9339016476875119,True,297.0
3783,-0.1208182972468532,0.00018357193397915085,0.0004460736158230058,0.00019153339646997694,0.9082638844710224,True,298.0
1580,0.08971676199279141,0.0001835508081166063,0.001142983374394652,0.0006609019095318532,0.9963738151281888,True,299.0
2996,0.002062609873614077,0.00018080642834564836,0.0006432110956558897,0.01617734023426591,0.998536802595585,True,300.0
3602,-0.021378815215526665,0.0001796967029919359,0.00242195392293887,0.0058769626044487926,1.0,True,301.0
1815,0.07979890683474135,0.00017913357973127855,0.0005192060433075556,0.0003375308562122921,0.9983459507602265,True,302.0
3061,0.03363234722512992,0.00017906233484612738,0.0010005629047505214,0.0015433268213777517,1.0,True,303.0
1957,0.030060732768606224,0.00017882646899857195,0.0005634353724751503,0.0009723334576421358,0.9382276226223042,True,304.0
3221,-0.0015036158551181248,0.00017866037260147875,0.0004911952344970429,0.016946808908982113,0.9986004198740378,True,305.0
2454,0.0009706499472318278,0.00017850078354898392,0.0005575636350812785,0.029799054868270936,0.9944652967746039,True,306.0
782,0.07169392016057842,0.00017717604741181717,0.0016133305286922914,0.0011673785479361283,1.0,True,307.0
235,-0.15797945597248936,0.00017673761826826354,0.0019108180753679908,0.0006274648631714783,1.0,True,308.0
89,-0.11332475391475107,0.00017610232504711184,0.000490166018502713,0.0002243825604310025,0.9173611552897767,True,309.0
2328,-0.02055612426702773,0.00017586609391147495,0.002777476903111995,0.007009384856433625,1.0,True,310.0
3227,0.06303722952226243,0.0001753835440118728,0.0010551938194567772,0.0008683719876301637,1.0,True,311.0
3083,0.08433060086931014,0.00017382160568724515,0.0005728936035215707,0.0003524191203154599,0.9817418410840384,True,312.0
2514,-0.08537695484870371,0.00017238690341535455,0.0003410093843124116,0.00020720315033165082,0.9164705133914371,True,313.0
853,0.03653287396045217,0.0001722508272708787,0.0006409694414318886,0.000910173466017253,0.9998091481646415,True,314.0
1620,0.054688114464622475,0.0001718004729923718,0.003321707180779,0.003150932353838991,1.0,True,315.0
3236,0.06312348720256038,0.00017149867892092275,0.00029511265388022936,0.000242531153780766,0.9103632546599656,True,316.0
2759,0.03377477733185198,0.00017140996334874957,0.003258906020505119,0.005005529512713527,1.0,True,317.0
3326,0.003989225952325958,0.0001711611046139384,0.0001229164991452677,0.0015984248801781302,0.7765761180736688,True,318.0
3198,-0.008372813348154342,0.00017104710250834263,0.0027665236022838724,0.017140901300934017,1.0,True,319.0
3502,0.06458688487876778,0.0001708780514209207,0.0016161059359281452,0.0012980641966138914,1.0,True,320.0
128,-0.0960949550124376,0.00017066298132816575,0.0002718892471559892,0.00014677839304353326,0.8809720720147592,True,321.0
3096,-0.0104963520100761,0.0001703430891853619,0.0009733942613581733,0.0048108418340422265,1.0,True,322.0
2345,0.11071321979812235,0.00016662676283391947,0.00035222048697256496,0.00016503870841589469,0.8590241109485336,True,323.0
1759,0.0883385196064816,0.00016591023772452183,0.0012368328617052512,0.000726325986906802,1.0,True,324.0
3161,0.05545408622167654,0.00016589970198288066,2.2759532902733917e-05,2.129121647831451e-05,0.05751001972135632,True,325.0
3797,0.09789254963536172,0.00016476253938197023,3.192689484358574e-05,1.6919118264506585e-05,0.07061517908263884,True,326.0
3483,0.0364439313304901,0.00016445339202688324,0.00013094829163259132,0.00018639973970841547,0.4159933838030409,True,327.0
302,-0.07580390048759683,0.00016362335253430516,0.0005513705148434893,0.0003773311589113795,0.9996819136077358,True,328.0
2757,0.04609503969315392,0.0001628803252879816,0.00011983947393873858,0.00013487031906092838,0.4807557732680196,True,329.0
461,-0.08307013464489735,0.0001621924795926031,0.00013356147868093466,8.340786188365262e-05,0.6192505884598257,True,330.0
270,0.025205075219890894,0.00016110688463462749,0.0011431287380396823,0.002352761091094682,0.9999363827215472,True,331.0
326,-0.1243620750611734,0.00016061455183257646,0.0003073108736660207,0.00012819191982189424,0.9082002671925695,True,332.0
3163,0.14597040084796253,0.00015932014523630553,0.00011086179933829673,3.9399236575954295e-05,0.3048539983459508,True,333.0
2824,-0.13967479273675684,0.00015930475417157253,0.00066542875886032,0.0002471463581186824,0.9638653858387938,True,334.0
3266,-0.017904884288187924,0.00015905967465099118,0.001174300102060467,0.0034023443337140567,1.0,True,335.0
70,-0.0628999788152746,0.00015903960322932208,0.0003087896320645821,0.00025467299464765634,0.7884725491443476,True,336.0
2309,0.0846568323479156,0.00015658256142976956,0.00019481638407978891,0.00011938070749646132,0.8068579426172149,True,337.0
2982,-0.1567375183416278,0.0001563745289101164,0.00012919294411540454,4.2759883503737125e-05,0.28513264202557415,True,338.0
2112,-0.0445995722628379,0.0001548714506637779,0.00186336949990808,0.0021673995220366036,1.0,True,339.0
274,0.07576998651012672,0.00015467081860887327,0.0003563775776596732,0.00024399664002787804,0.8490361982314396,True,340.0
1711,-0.02024193021416221,0.00015405322739359953,9.965512274855842e-05,0.00025539852774795417,0.5224887079330747,True,341.0
2932,-0.11465577225327826,0.00015366022511679618,0.00023898546465651917,0.0001081300111955238,0.7198931229721992,True,342.0
2492,-0.04933533099725856,0.00015353256850430332,0.00016457135266350744,0.0001730481165221845,0.7602900947897449,True,343.0
701,0.015236892124080314,0.00015329287022235332,0.0004715835180658471,0.0016055835483468814,1.0,True,344.0
2847,0.050675819732403815,0.00015277125977748227,0.0008861975974397858,0.0009071946282611286,0.9952923213944908,True,345.0
894,0.10426362401033136,0.0001526967825460771,0.0001871698273668526,9.312659153743479e-05,0.5205801895794898,True,346.0
3802,-0.05867304602300942,0.00015185424594092072,0.0005465822998850593,0.00048326752572139524,0.9719447802023029,True,347.0
1004,-0.12246652265694591,0.0001517528955890764,0.00012748776114419335,5.4003485635394465e-05,0.6399262039569947,True,348.0
4073,0.06720230992675903,0.00015123171374307274,4.129065496630824e-05,3.1874123786036095e-05,0.09580762134995865,True,349.0
2491,0.050213861385151534,0.00015103844697006105,0.002482996649523748,0.0025652116193453393,1.0,True,350.0
3919,-0.0980419912415738,0.00015075324874781642,0.0003071656295255775,0.00016252911834399678,0.9218143647814746,True,351.0
1615,-0.12267095774488308,0.0001507490677678772,7.696915134695127e-06,3.254959778488044e-06,0.03498950314905528,True,352.0
3740,-0.07641470356823325,0.00015072780501635354,0.00023335921355021144,0.00015842317178851718,0.8610598638590241,True,353.0
13,-0.057054373963740225,0.00015051151979795604,1.5746084923639892e-05,1.4317075965015435e-05,0.07977606717984605,True,354.0
3535,-0.04358242108421642,0.00014980958411083299,0.000283016319729261,0.0003368765734846958,0.8957312806158153,True,355.0
3969,-0.12425600184596736,0.0001488091152573617,0.00036888660181487096,0.00015400903180410485,0.8685667027164578,True,356.0
2993,-0.011306772966112957,0.00014627670700255685,0.00100120113093098,0.0045936017850388405,1.0,True,357.0
3768,-0.08538588853352602,0.0001444857667946675,2.6888607473035678e-05,1.63362696524117e-05,0.1341688402570138,True,358.0
213,0.04627536128389945,0.00014448067387813854,0.00046147301595091263,0.0005173294205573569,0.9870220751956231,True,359.0
2377,0.051143196885912366,0.00014397821646694038,0.0006263232193969087,0.0006353036127525308,1.0,True,360.0
2621,-0.03946054486704538,0.00014385393627488273,0.000553619493521427,0.000727811611944487,0.9567402506520771,True,361.0
2647,0.02731088288802096,0.00014305463974232486,0.00027752707697476756,0.0005271573982162031,0.9440167949615116,True,362.0
2787,-0.024844734205759958,0.00014297820732689888,0.00043682579082177054,0.0009121045058272293,0.9997455308861887,True,363.0
3205,0.05956495033340579,0.00014225472163028582,1.619704407519435e-05,1.4106382777182126e-05,0.05865513073350722,True,364.0
728,0.03888488252071934,0.00014104251837814135,0.0008923361742662888,0.0011904698262203257,0.999618296329283,True,365.0
1135,0.0848854911214664,0.00014084196965420933,0.003159737492102356,0.001931026447410678,1.0,True,366.0
3767,0.11093962687077781,0.00014068648052845164,0.00022728175515400673,0.00010627926882782888,0.8212990648260068,True,367.0
6,-0.07829929544526756,0.0001404894161783838,2.8600774878228945e-05,1.8949189095409667e-05,0.34366053820217574,True,368.0
263,-0.052018640576543214,0.0001403851040583753,0.0012298541405461687,0.0012264936200890204,0.9999363827215472,True,369.0
1505,-0.028648316150095297,0.00014033894676194252,0.0001385323475263282,0.0002508550089684312,0.4178382848781729,True,370.0
1949,0.04483546951813366,0.00014000367777378066,2.1241035640630206e-05,2.4576761209982756e-05,0.052484254723582924,True,371.0
198,0.04436412147918615,0.0001392833802332641,5.4625080720072505e-05,6.387499662416905e-05,0.14027609898848528,True,372.0
2281,0.11994440775522665,0.00013889626791811332,3.399529930661594e-05,1.4703121602597185e-05,0.14078503721610788,True,373.0
2778,0.0427444333255206,0.00013877955753847292,5.0100709130134975e-05,6.080439803820195e-05,0.17412049112538966,True,374.0
2781,0.06310017700608082,0.00013751405931741967,7.944293170630973e-06,6.5312358883984926e-06,0.023983713976716076,True,375.0
2442,0.06490434332628074,0.0001373948433707624,6.601703594875433e-06,5.276585082770257e-06,0.011069406450792034,True,376.0
9,-0.1516601133708647,0.00013617570983700614,0.00012523330763450488,4.283701093648658e-05,0.4402315668935683,True,377.0
1175,-0.10112301178172968,0.0001358346831601894,8.401857111829234e-06,4.310185680406954e-06,0.023220306635282142,True,378.0
2255,0.03497195892440848,0.00013578545942889895,0.0002268813793418733,0.0003365499872819897,0.813092435905592,True,379.0
2215,-0.0949187018045344,0.00013497644319889176,1.5746695433688342e-05,8.606138324386549e-06,0.0654621795279598,True,380.0
3057,0.044267433085450975,0.0001348569380016543,0.0006082569558042603,0.000712809417452883,1.0,True,381.0
926,-0.0637053609949545,0.0001348125459115365,0.002348354743046818,0.0019123104812982365,1.0,True,382.0
3234,-0.022788869995885436,0.00013451276435449936,0.0001849402920337881,0.00042099741816817413,0.8683122336026465,True,383.0
1182,0.051200847471287066,0.00013438562868279776,0.00013900061489736584,0.0001408348891494577,0.6940008906418983,True,384.0
2880,0.034347042646960424,0.00013433627610394663,0.0030328847068856546,0.0045807568123707645,1.0,True,385.0
538,0.07800390623113027,0.00013421257694141634,0.0005345607787764143,0.00035550967450225207,0.9815509892486799,True,386.0
262,-0.07940990096797623,0.00013324772131356096,0.00016422573972310655,0.0001072845679547283,0.73700617087601,True,387.0
544,0.0636996602367575,0.0001326526286868782,0.00033477224424355187,0.0002726358812042834,0.9710541383039634,True,388.0
1334,-0.08837333036174276,0.00013257725689858976,0.0011330091788989327,0.0006650937868334908,0.9998727654430943,True,389.0
2119,-0.052984894625860125,0.00013127820982686362,1.0167471290409613e-05,9.954777650271424e-06,0.039315478083847576,True,390.0
3217,0.05511925715470721,0.0001311863369777697,0.002732640874178635,0.0025718751869486657,1.0,True,391.0
3756,-0.11857290125372981,0.00013114878473555566,2.0156378509169955e-05,8.818561401207634e-06,0.0370888733379986,True,392.0
2445,0.08935387433045155,0.0001308113094806284,0.0019673817281830905,0.001142209925863282,1.0,True,393.0
3449,0.0760640111066013,0.00013040205008776947,0.00021453422294145046,0.00014631472736596133,0.9101724028246072,True,394.0
3088,0.16198001327992095,0.00013011105430938644,0.0009533706365817847,0.0003053310883392671,0.9998727654430943,True,395.0
3507,0.06543429536281446,0.0001300567016400657,9.481781603981096e-05,7.517184370987543e-05,0.3776321648959857,True,396.0
3693,0.04186350006077421,0.0001281214006653864,0.00012050007139603436,0.0001493215375395625,0.5995928494179019,True,397.0
1375,0.12142373733317269,0.0001258033783618978,0.0024015207688690286,0.0010260143504649045,1.0,True,398.0
1354,-0.04011607353520686,0.00012517125554277613,4.155780978413547e-05,5.374089766947813e-05,0.10166041096761881,True,399.0
1906,-0.0497073647086117,0.00012497319242637698,9.211067309592021e-05,9.61302122114721e-05,0.4679050830205484,True,400.0
445,0.018540186043687415,0.00012484021440507698,0.0005394388377272501,0.0015093807517980362,1.0,True,401.0
777,0.06744893180975596,0.00012482630252263138,8.862495852949224e-05,6.816346405857747e-05,0.3918824352694192,True,402.0
3440,-0.07926361073194578,0.00012465785162368352,0.00016089264890370162,0.00010530113058203259,0.7670335263057446,True,403.0
3296,-0.09002903562958207,0.0001237381390775895,0.00030175301170052616,0.0001738760235321676,0.9680005089382276,True,404.0
530,-0.06591756536109426,0.00012354579133609314,0.00019045601224239764,0.00014988708468824133,0.872574591258986,True,405.0
822,0.05430665840851469,0.00012344382820054123,0.0011584512513079174,0.001106611977738522,1.0,True,406.0
2667,0.04419115029644222,0.00012328185235083232,0.0014640554438914352,0.0017186716043110669,1.0,True,407.0
2988,-0.04447709242151339,0.0001231141266107295,1.949519079748839e-05,2.2738498618286073e-05,0.11979133532667473,True,408.0
1101,-0.06015312275030318,0.00012201058611856118,0.00011932071181061624,0.0001029030724083048,0.4916343278834531,True,409.0
3180,0.15285112057481517,0.0001219117420875724,0.00029150805842643557,9.893560689468463e-05,0.9435078567338889,True,410.0
1555,-0.09088753771601185,0.00012166672545509743,5.6325371406078534e-05,3.2149217773241165e-05,0.11680132323939182,True,411.0
1740,0.03951488942965491,0.00012129748500397482,9.125349011640651e-06,1.1980071136932947e-05,0.059354920796488325,True,412.0
3664,0.09427912509561966,0.00012090299787230459,0.00017823458184647352,9.807246974190967e-05,0.5964119854952605,True,413.0
1598,-0.028689095693907,0.00012085364163126142,0.0022612317805404784,0.00408882860085972,1.0,True,414.0
33,0.03749413819323722,0.00012040153517666393,0.00022162401696202628,0.0003066366988333508,0.7389146892295948,True,415.0
286,-0.05431304142434139,0.00012027872397114428,0.0001515764437372475,0.00014477656713457481,0.8875246516954005,True,416.0
1760,-0.03041454497204153,0.00012020009673151598,0.000326480250789122,0.000556860324608944,0.9839684458298874,True,417.0
3521,-0.037659811787811345,0.00011943996647860089,0.0006748639241953834,0.0009296270495611441,0.9941472103823399,True,418.0
1624,-0.10283154869357371,0.00011928390079565869,0.0002100470485118828,0.00010596462148580416,0.8723201221451746,True,419.0
2300,-0.023677549625651842,0.0001190450769521289,6.702325077538653e-05,0.00014684508568120402,0.3248934410585915,True,420.0
1876,-0.13190471547431126,0.00011840536912913149,0.000307290122083466,0.00012085342497643156,0.9281124753483045,True,421.0
3634,-0.05673522645029424,0.00011814295750355232,0.0011248531333801566,0.0010285223041237306,1.0,True,422.0
2116,-0.1296773070188855,0.00011626293546095708,7.52100254375915e-06,3.008724599087173e-06,0.024556269482791528,True,423.0
3526,-0.043915545612764284,0.00011612968495306292,8.956739178996163e-06,1.0580405902513315e-05,0.04885806985177174,True,424.0
2718,0.055552394555230596,0.00011595547261340745,0.001601640044766095,0.001495659794060092,1.0,True,425.0
765,0.03832290099986268,0.0001155626474289791,0.00030630640894573584,0.00041463732192673633,0.9776067179846046,True,426.0
3863,0.053021187022101825,0.00011534347669408806,0.00014146012975954387,0.00013840611872018152,0.4263630001908518,True,427.0
1542,0.13043623473046703,0.00011414797956055344,7.817860417371718e-05,3.1092836471859775e-05,0.18436287295629494,True,428.0
3930,-0.10091473335301519,0.0001136455580930116,0.00027586318573952863,0.00014181097877123138,0.9001844901075132,True,429.0
1451,-0.07219210628951046,0.00011364385534502549,0.00022399137825995137,0.00016095789112599871,0.9347922895858515,True,430.0
2254,-0.07787199074435501,0.0001132292975627105,0.0004038365884676117,0.0002690265060993186,0.9886761244353967,True,431.0
2284,0.0411378341464166,0.00011306306025024755,2.4416981613303924e-05,3.079081876815063e-05,0.11164832368471277,True,432.0
730,0.0577991661600906,0.00011287613375964771,0.0001258824808140178,0.0001129833387346824,0.5894140848654494,True,433.0
2797,-0.05532907700372946,0.00011274259853391428,0.0007648378183013504,0.0007171113773505266,0.9972644570265284,True,434.0
3297,-0.10660429100855877,0.0001124066787302476,0.00013515678570800874,6.577091033558963e-05,0.661619695909409,True,435.0
3066,-0.05762110107055826,0.00011202732359875268,1.0564186349220244e-05,9.510978169226846e-06,0.01927603537120682,True,436.0
702,0.06787929710366555,0.00011159051542176368,8.552640935533116e-06,6.536324234426646e-06,0.026655639671734843,True,437.0
1990,-0.025927801319996713,0.00011155559161302197,0.0005741166777882118,0.0011486961281871927,1.0,True,438.0
3168,0.035759928874853776,0.00011149347330499043,0.0012704618883226915,0.001843043897894605,1.0,True,439.0
3681,-0.07962037232573789,0.0001107064593018374,0.0004239669087068262,0.0002762348322274079,0.9840956803867931,True,440.0
1012,0.0970586387783475,0.00010995936918105794,0.00010878177505640222,5.8142356448503885e-05,0.46319740441503915,True,441.0
2538,0.053584650093525255,0.00010905025173873224,0.0004370997186252522,0.00042316604460091535,0.9814873719702271,True,442.0
3607,-0.1207397237997278,0.00010877568828082802,0.00021832189587031538,9.380323155711151e-05,0.7252369743622368,True,443.0
815,0.09825486128941478,0.00010825108617652493,9.412780518703689e-05,4.969750311392676e-05,0.39506329919206057,True,444.0
3086,0.08397390048165612,0.00010761445897411412,8.449435814804079e-05,5.219802480384335e-05,0.3365990202939118,True,445.0
3229,-0.07566731211883579,0.00010738350589879804,5.198408714283868e-06,3.563959820413374e-06,0.009160888097207201,True,446.0
1111,-0.07367276324233832,0.00010714577618667734,0.0002024599308781501,0.000142561681532108,0.7663973535212164,True,447.0
766,-0.05447539980181803,0.00010675895693820488,1.975368581058856e-05,1.881128225522773e-05,0.050639353648450916,True,448.0
2593,0.056187516038345695,0.00010675354339182623,0.0004772816354596787,0.00044066197380732554,1.0,True,449.0
3360,0.07654929910227398,0.00010663364058121377,0.0004097547529471686,0.00027768566810867484,0.8998664037152491,True,450.0
705,0.06191906051827286,0.00010650730257007134,7.450533080403979e-05,6.24214242074491e-05,0.32177619441440297,True,451.0
161,0.027592341088145303,0.00010628800994867645,9.316205384131728e-05,0.00017515445528248832,0.5589414084865449,True,452.0
3332,-0.06335346599430002,0.00010610969392235919,4.2920030239850983e-05,3.5144739123898575e-05,0.181754564539729,True,453.0
1129,0.005987823425784323,0.00010603396066899821,0.0010735032705098937,0.00930047374635001,1.0,True,454.0
1646,0.010699095582992117,0.0001051261942110025,0.0014521764881622072,0.007041140619898805,1.0,True,455.0
2623,-0.019596884338930125,0.00010512586835350306,0.0007338179914406636,0.001942549124076657,1.0,True,456.0
3834,-0.08554621085160789,0.00010510817357713616,2.2149254402786327e-05,1.343163921681342e-05,0.08073032635663846,True,457.0
1897,-0.040489464109428254,0.00010503805823549566,0.00018429086654874317,0.00023611983312300995,0.9255677842101915,True,458.0
28,-0.05194577396279479,0.00010503294129089635,1.0176919245997524e-05,1.016334788059305e-05,0.02582861505184808,True,459.0
124,-0.035234551025564984,0.00010474654280138952,0.0002496793234976306,0.00036760763370123655,0.9958648769005662,True,460.0
686,0.044442840852703794,0.00010445413526924593,0.00022664972451040408,0.0002645599305380703,0.9758890514663783,True,461.0
699,-0.04497909284420495,0.0001044505853089303,0.0004193742998470788,0.0004836840926049853,0.9995546790508302,True,462.0
1905,0.0008516962406132361,0.00010427483133327003,0.0011777128479207777,0.0717340525974502,1.0,True,463.0
850,0.032486395122686466,0.00010423242307648521,0.0025404079634287983,0.0040566975289446664,1.0,True,464.0
1742,0.006749072503998978,0.00010320916835444083,0.0011050132397582857,0.008493644351625909,1.0,True,465.0
2311,-0.046651265977541774,0.00010301095274479727,6.004294021960195e-06,6.676812823104561e-06,0.018894331700489854,True,466.0
3351,0.019235511449891638,0.00010272163536597619,0.0007980283978913558,0.002152213207031323,0.9999363827215472,True,467.0
2827,0.05434441232247998,0.00010267976098637774,1.0021149034385037e-05,9.566064583236499e-06,0.05464724219097907,True,468.0
1371,0.1360013790650231,0.00010248619375449547,6.055907991387091e-06,2.3099715991216406e-06,0.004389592213245117,True,469.0
3082,0.02944780524229849,0.00010247255312553704,4.504816714002286e-05,7.935876082829135e-05,0.22603219034289712,True,470.0
1241,-0.01855363806425884,0.00010238090491315036,6.33370192005616e-05,0.00017709211489536365,0.31458744194923344,True,471.0
1322,-0.0735517500828068,0.00010214229225228719,7.901158487300397e-05,5.57273570891916e-05,0.47013168776639735,True,472.0
4045,-0.07903945225806801,0.00010163660324429931,1.081704672630976e-05,7.0996259487830365e-06,0.045677205929130354,True,473.0
324,0.08949682847719297,0.00010103330196414086,0.0010503375432873658,0.0006088242298817599,0.9999363827215472,True,474.0
2319,0.06119684921394709,9.967104330193254e-05,0.00025999524504929206,0.00022039768428239734,0.9854316432343024,True,475.0
2879,-0.05227407089342003,9.942914507906606e-05,0.0008550979100778596,0.0008485944884701754,1.0,True,476.0
4007,-0.025930658088397125,9.915941196668007e-05,0.0005857931539760652,0.001171929367373139,1.0,True,477.0
3646,-0.08174021461384548,9.85588058451023e-05,0.00014149120138623716,8.979752044506192e-05,0.7873274381321967,True,478.0
3853,-0.030269155790592726,9.800819581848129e-05,0.0008463262880023396,0.0014504681823163815,1.0,True,479.0
2853,-0.06644359185363259,9.799780591370134e-05,0.00021243064006469027,0.00016585735687449853,0.8517081239264584,True,480.0
354,-0.05499421347734838,9.76335748896837e-05,0.00023483909718140244,0.0002215256865477918,0.9148800814301165,True,481.0
1899,0.03775449058451817,9.714917183476124e-05,0.00010244373731800801,0.00014076266591099288,0.5801895794897894,True,482.0
2444,0.03865851291986849,9.698240100206981e-05,0.0013450242402168447,0.0018049104176461237,1.0,True,483.0
3518,-0.03353835221238893,9.692024169104974e-05,0.0003248372772052508,0.0005024522837861756,0.918379031745022,True,484.0
2915,0.03425980522571553,9.675252191657988e-05,4.456861549300025e-05,6.748619427135672e-05,0.18353584833640818,True,485.0
11,0.04716602849066969,9.600218606550534e-05,0.00020759800414638807,0.00022833082673681595,0.9222596857306444,True,486.0
3663,-0.11726697667759638,9.534235651564094e-05,0.00022827984668303408,0.00010098631567544848,0.9389274126852853,True,487.0
1080,0.012381528148288534,9.512763530055789e-05,0.000180557655431682,0.0007565059387308946,0.9628475093835486,True,488.0
2770,0.08597560706355542,9.451278123656804e-05,5.2441193371243525e-06,3.16422967652584e-06,0.02875500986067816,True,489.0
2314,-0.06873858083664601,9.432504675965568e-05,0.00018409024473855365,0.0001389315553912,0.8122654112857052,True,490.0
1077,-0.05367799570067305,9.387766775560353e-05,2.2740973621457263e-05,2.1977761061328287e-05,0.0933901647687512,True,491.0
1872,0.04680165365536017,9.341206521768869e-05,0.0001323926828246936,0.000146748431735104,0.9069915389019658,True,492.0
469,0.08200938406341472,9.306711708624807e-05,0.00047681257457696594,0.0003016163182476391,1.0,True,493.0
3365,-0.043401600502364426,9.283365785008403e-05,5.633223174562317e-06,6.73320591752073e-06,0.023729244862904765,True,494.0
950,0.024212452517861544,9.279502670875211e-05,0.0001918073733269559,0.000410957773914008,0.9603664355238883,True,495.0
659,0.038725113497756536,9.260241415425224e-05,0.00011683631341644124,0.00015651495115758996,0.7363699980914816,True,496.0
3840,-0.044017924809215014,9.197269821557553e-05,7.388912279095005e-05,8.70806437041838e-05,0.4196195686748521,True,497.0
854,-0.0442680022836586,9.189060207234946e-05,0.00020601508604911793,0.0002414236349955846,0.9687639162796615,True,498.0
2339,0.02111970830308827,9.176659181559375e-05,4.4214432886133305e-05,0.00010860425170310665,0.3097525287868185,True,499.0
492,0.054108076367057514,9.17079619193686e-05,4.506750489237889e-06,4.320878998230334e-06,0.01094217189388638,True,500.0
2025,0.06566958355076916,9.141686574017523e-05,0.00017999882493801344,0.0001421923042392609,0.8216807684967237,True,501.0
231,0.028029483430414438,9.133564061797134e-05,6.3346250266847485e-06,1.1724018701199638e-05,0.037725046122526876,True,502.0
2268,-0.007473432389626227,9.111956860651388e-05,0.0012668095237265327,0.008793502553639984,1.0,True,503.0
2238,-0.052964532026084844,9.108853280425794e-05,9.2181420897087e-05,9.028777341044193e-05,0.5060118328137923,True,504.0
3250,-0.08341132976473685,9.104845763222053e-05,4.087972698036831e-05,2.5424570556618287e-05,0.10643170685158089,True,505.0
3399,0.04673064860298073,9.090586021895925e-05,7.304454120347932e-05,8.10880097274726e-05,0.3736242763534576,True,506.0
3246,-0.0697831343883239,9.085444445220209e-05,4.16202146878825e-05,3.094030054391884e-05,0.11851898975761817,True,507.0
3854,0.02280964697266159,9.064244295605755e-05,0.00023902008777685748,0.0005436088545610376,0.9746803231757746,True,508.0
91,-0.024853371357755807,9.003249921590917e-05,0.00035584430510408524,0.0007427546767359051,1.0,True,509.0
1762,0.09958861242863279,8.997830860411894e-05,0.00019952451133159647,0.00010393390831063177,0.8365035943762326,True,510.0
1014,-0.07875784747660103,8.945025467857824e-05,0.00030325600577514155,0.00019974975569911073,0.9764616069724538,True,511.0
3301,-0.06460334180158431,8.937808699698009e-05,0.00026163782208425614,0.0002100952462284916,0.9755709650741141,True,512.0
1089,-0.05811631143684702,8.915304032580153e-05,6.363926327258122e-06,5.680646770914832e-06,0.014886443157961702,True,513.0
3810,0.07395515630189814,8.905726488770103e-05,0.00023699983001613777,0.0001662456382051071,0.9301482282587951,True,514.0
877,-0.03525517153698084,8.89183920766756e-05,0.00013580765199582758,0.0001998352475525631,0.9192696736433615,True,515.0
3669,-0.03977479021048298,8.860357444345838e-05,6.208275787315945e-06,8.097179888287862e-06,0.06298110566829951,True,516.0
710,-0.10061541797876955,8.847127989057e-05,3.18480344297944e-05,1.6420590951864902e-05,0.10509574400407151,True,517.0
1254,-0.10813834819417067,8.824428614965973e-05,0.00011060240503435775,5.305856786959534e-05,0.5446275208346587,True,518.0
3304,-0.08185571086946919,8.792281763507483e-05,0.001022007595528757,0.0006477028727686138,1.0,True,519.0
2741,-0.030729518243716922,8.760877607751146e-05,0.0014735777642174974,0.0024876426385725525,1.0,True,520.0
2819,-0.15886726843803056,8.72524895832513e-05,3.594292421362316e-06,1.1736798891995077e-06,0.0039442712640753224,True,521.0
337,0.08164957021833533,8.722356674128564e-05,8.170090364582403e-05,5.1909116983555866e-05,0.38863795406832496,True,522.0
684,-0.13251505381904063,8.721360858491187e-05,0.0003605523662211613,0.0001411477036878227,0.9536230040078886,True,523.0
2855,-0.06374194231159941,8.705188127323568e-05,0.00015398197275697827,0.0001253185238697264,0.8106749793243845,True,524.0
3750,-0.018090703676169353,8.697906704716905e-05,3.1337185898663354e-05,8.986182164766948e-05,0.2032572046567848,True,525.0
60,0.061465866353527236,8.678357527502163e-05,0.00033257573637487876,0.0002806901924552433,0.9648196450155863,True,526.0
299,-0.08840449448908955,8.664335952583357e-05,2.5782883410010425e-05,1.5129613157649783e-05,0.1545263693619187,True,527.0
1896,-0.061270845165356004,8.621546860752931e-05,0.0003388063402432416,0.00028685890888007946,0.9814873719702271,True,528.0
2914,-0.029764765858204874,8.613786046962004e-05,5.765465634128473e-05,0.0001004853157510406,0.4550543927730772,True,529.0
2179,0.04260787804727895,8.608618814166172e-05,0.0002158927871372797,0.0002628566152304167,0.970799669190152,True,530.0
440,0.018525112996915585,8.57139288566106e-05,0.0004489199119619971,0.0012571256498494327,0.9993638272154717,True,531.0
673,-0.0845255787533258,8.560036754576857e-05,6.66833213659623e-05,4.092604281248742e-05,0.3434060690883644,True,532.0
3262,0.05336129331730576,8.540056591741889e-05,7.583805860492804e-05,7.372784569114163e-05,0.5204529550225842,True,533.0
2749,-0.045202382465901664,8.513874127886048e-05,1.0235838047357695e-05,1.1747156766089127e-05,0.03651631783192315,True,534.0
2904,-0.06948414203788364,8.460867526786108e-05,6.189286494573447e-05,4.620889369189146e-05,0.36115528977670336,True,535.0
1834,-0.06283220686086215,8.459975657359915e-05,0.00020559751786874907,0.000169748614311516,0.9082002671925695,True,536.0
3982,0.06979303029281694,8.455325868163625e-05,0.0001413244928065749,0.00010504516431288019,0.9174883898466824,True,537.0
1248,-0.02803680503884464,8.443653127415624e-05,0.00017242899216482832,0.00031904537432340464,0.9604300528023411,True,538.0
19,0.03932496899851999,8.360303271602819e-05,0.0006576490526881575,0.0008675539554598403,0.9998727654430943,True,539.0
3033,-0.06975115490250162,8.354586521274849e-05,0.0003211820834494549,0.0002388749407893533,0.9912844328519625,True,540.0
1428,-0.057000258480642864,8.349959351676814e-05,2.4675784514473072e-05,2.2457676843232342e-05,0.2181436478147465,True,541.0
1308,-0.07054793008786213,8.336377682593331e-05,0.0001719697603719316,0.00012645572461605928,0.8614415675297411,True,542.0
648,0.1085320239048859,8.326963051850604e-05,0.00036229727167914883,0.00017317206908989144,0.9932565684840002,True,543.0
2817,-0.04643229764289183,8.307082962808165e-05,0.000232622771189329,0.00025989787862226087,0.8503721610789491,True,544.0
893,-0.11179674103129189,8.296304853262852e-05,8.240286509351724e-05,3.823700366521079e-05,0.4072141993765507,True,545.0
2989,0.029046148007005182,8.280332948777203e-05,8.465163209573965e-05,0.00015118805293636958,0.6925376932374833,True,546.0
2687,-0.08791636331717066,8.264685267586041e-05,3.962783491935497e-06,2.3383058400519423e-06,0.008651949869584579,True,547.0
1337,0.02428710189157417,8.262445735207083e-05,0.00025452043672605825,0.0005436478179281851,0.9965010496850945,True,548.0
601,0.06097876594600079,8.237121573564356e-05,0.00012660455265265234,0.00010770636676792281,0.6369998091481647,True,549.0
2168,-0.12712426897926016,8.233506696378306e-05,1.2530008943540353e-05,5.113209612544937e-06,0.049875946307016986,True,550.0
1499,-0.04614530968664542,8.218733826625472e-05,7.662169369346366e-05,8.613801649213244e-05,0.4859087728226986,True,551.0
3657,-0.04887794514455936,8.215214830400518e-05,0.00011288333615346137,0.000119808486167524,0.7312169985368026,True,552.0
1663,0.010067239456067373,8.199527020556641e-05,0.0006145921916699875,0.0031669946071140125,1.0,True,553.0
1753,0.04951578630238312,8.173138290068526e-05,7.212125794062947e-06,7.555971260562239e-06,0.023729244862904765,True,554.0
616,-0.040898914121389025,8.1380831725431e-05,6.982923158165432e-05,8.857194256262513e-05,0.4666327374514918,True,555.0
1396,0.01756672722651648,8.130347159067256e-05,0.0007998752054799308,0.0023621205685600256,1.0,True,556.0
2871,-0.15919441596683795,8.130195245645862e-05,0.00017135741249683489,5.5840043758210665e-05,0.8474457662701189,True,557.0
2461,-0.0696107642419717,8.128141396232199e-05,0.00012261944995846087,9.13805244258267e-05,0.8955404287804568,True,558.0
304,0.06459610796231988,8.125912581789219e-05,0.0002588993709340565,0.000207919550574576,0.9725173357083784,True,559.0
3471,-0.002295505826054579,8.124835932847482e-05,7.181957770797271e-05,0.0016230620828602518,0.9320567466123799,True,560.0
3186,-0.04314946670882887,8.119926564478286e-05,1.4266786824189865e-05,1.715226286205262e-05,0.052547872002035756,True,561.0
3008,-0.013867669492696298,7.963805607674436e-05,0.00013520433932851628,0.0005057755511477149,0.8424200012723456,True,562.0
2286,-0.032687760703773626,7.954863770618901e-05,0.00027581132046185046,0.0004377212207869422,0.9883580380431325,True,563.0
2483,0.11370377808923424,7.941045144244776e-05,0.0003989810981778996,0.00018203215485891602,0.9946561486099624,True,564.0
2769,0.12777168411741993,7.913840079508676e-05,3.9781141330982864e-05,1.6151516452432305e-05,0.15128188816082447,True,565.0
396,0.028337296909819364,7.841219462771976e-05,0.0001022643098938394,0.00018721315214153658,0.8635409377186843,True,566.0
1529,0.08870520583048495,7.833879867707015e-05,0.00039696746881324736,0.0002321541729214427,0.9994274444939245,True,567.0
3717,-0.04115153147637429,7.822371974110825e-05,8.269826899063086e-06,1.0425120921434543e-05,0.0398244163114702,True,568.0
1412,-0.07673373339289888,7.773513792391347e-05,4.955187781125537e-06,3.3499974198619617e-06,0.015013677714867358,True,569.0
1558,-0.07629703272831367,7.772565797416088e-05,7.348171346076213e-05,4.996228712520042e-05,0.4484381958139831,True,570.0
3926,0.031261537024306764,7.766586947700241e-05,3.6690748869586706e-05,6.088592848026969e-05,0.2709459889305936,True,571.0
1382,0.032662460472992476,7.733344824670253e-05,0.00023119323639840013,0.0003671951291730899,0.9759526687448311,True,572.0
668,0.1395626823940861,7.714605955182419e-05,3.488981281385096e-05,1.2968806657219032e-05,0.16228767733316368,True,573.0
2078,0.01019397300179021,7.671049117695032e-05,0.0003398024379842629,0.001729233720126767,0.9947197658884153,True,574.0
1844,0.017197266182041048,7.663557445077227e-05,0.001165471194320515,0.0035157081430042206,1.0,True,575.0
1263,-0.08726360698432242,7.648050616962447e-05,6.537310432923853e-06,3.886302773022345e-06,0.034289713086074175,True,576.0
1399,-0.04266059509594494,7.637382957984789e-05,0.0002632723729116987,0.00032014672443163186,0.9942744449392455,True,577.0
1274,-0.11640016349286306,7.57481403123731e-05,0.00013142905034517892,5.857448297048269e-05,0.7574273172593676,True,578.0
865,-0.09751050258919172,7.565636105614308e-05,0.00011762436204774423,6.257726390546604e-05,0.6573573382530695,True,579.0
2840,0.019120155677742074,7.549456277616624e-05,4.13196887760254e-06,1.1210792181449086e-05,0.029454799923659267,True,580.0
1083,0.00951449713385611,7.539905588614059e-05,0.0005532990023339801,0.003016787582396337,1.0,True,581.0
1252,0.018636435020836523,7.53900421094714e-05,0.0010499324355081742,0.0029225987716571897,1.0,True,582.0
218,-0.06681919254267141,7.527009805511931e-05,3.5478945596127388e-06,2.754483438751114e-06,0.007824925249697818,True,583.0
519,-0.10794087140566087,7.51788234596797e-05,2.36462463642329e-05,1.1364412117904847e-05,0.141484827279089,True,584.0
2626,0.035792776194904195,7.507396273677998e-05,0.000248653143971981,0.00036038711422015654,0.9396272027482664,True,585.0
1715,0.022292707791019408,7.491005209530265e-05,9.746258367780563e-05,0.00022680142607000534,0.7409504421400852,True,586.0
3590,-0.05007155468230034,7.488856656198837e-05,0.00016769865998769916,0.0001737437538530352,0.8322412367198931,True,587.0
1338,-0.1055365452875881,7.476638869366751e-05,3.1420153018366885e-05,1.5444580137989866e-05,0.1677587632801069,True,588.0
3214,0.018785515733605623,7.468168728785575e-05,3.7782145433633212e-06,1.0433599861122534e-05,0.01895794897894268,True,589.0
2234,-0.05726640600548435,7.438280756098212e-05,0.0001410609562174378,0.00012778432398754232,0.8866976270755137,True,590.0
3820,0.07525603799618436,7.434118140026345e-05,0.00016514842391948824,0.0001138423277834366,0.8184362872956294,True,591.0
3819,-0.13390134293978093,7.42903343319195e-05,0.00014743675274489696,5.712043532985681e-05,0.7403778866340098,True,592.0
1280,0.06816373227328712,7.423462576739856e-05,1.984127994753236e-05,1.5100349771529346e-05,0.08149373369807239,True,593.0
1648,-0.04333115823892427,7.365582774736264e-05,4.80240472580425e-05,5.749487632723242e-05,0.26197595266874485,True,594.0
1704,-0.020342416898171272,7.350155701499034e-05,6.560935982188571e-06,1.6731463638993523e-05,0.07169667281633692,True,595.0
2910,-0.0879238544132749,7.329708912502545e-05,7.368428753179255e-05,4.3474926294842625e-05,0.5102105731916788,True,596.0
338,0.02551488176666038,7.314105257420912e-05,2.3956432872515877e-05,4.870788543742015e-05,0.1848081939054647,True,597.0
1036,-0.09045981451954926,7.299998340087531e-05,0.00010005953300252726,5.738170692030946e-05,0.48151918060945353,True,598.0
2373,-0.02701627322916605,7.296950844385759e-05,4.0488927300772104e-06,7.774661962604288e-06,0.028564158025319676,True,599.0
1233,0.09982089123035989,7.286796263961672e-05,7.080126988563019e-05,3.679512549117925e-05,0.3767415229976462,True,600.0
1913,-0.10269488574978734,7.281115081630346e-05,0.0003003923347376268,0.00015174371579200434,0.977097779756982,True,601.0
2313,-0.06709570034160874,7.265594730551192e-05,0.00017556938855304321,0.0001357452965185705,0.7856097716139704,True,602.0
169,-0.08082197906737307,7.263429657310731e-05,2.8412251674952856e-05,1.8236725307945763e-05,0.13378713658629685,True,603.0
4040,0.03833599241089829,7.244090702077155e-05,0.00011656770572827708,0.00015774014027297476,0.7698963038361218,True,604.0
52,0.042864218647932426,7.220690391534364e-05,0.00024405895631811895,0.0002953728153018554,0.9419174247725682,True,605.0
2468,0.11661914386656445,7.21009489042226e-05,5.2993414072211995e-06,2.3573427658901396e-06,0.01469559132260322,True,606.0
1455,-0.07080342070901006,7.205542717821899e-05,5.637476994064538e-05,4.1304866866570425e-05,0.40676887842738085,True,607.0
1958,-0.08281968780527386,7.178862287513635e-05,0.00028474454249470256,0.0001783579632117472,0.9321839811692856,True,608.0
2478,0.021210197459918905,7.176234604833858e-05,3.381499508679125e-06,8.270567324371064e-06,0.01870347986513137,True,609.0
2789,-0.027038988945465792,7.167689593489689e-05,7.520032846578692e-05,0.00014427795353597677,0.6526496596475603,True,610.0
2561,-0.08842079624057621,7.148034986305399e-05,0.0002099518402106802,0.0001231787941702208,0.9676824225459635,True,611.0
437,0.0254245406670478,7.14655892257256e-05,0.0013005204413590933,0.0026535956803485925,1.0,True,612.0
882,-0.05697275213101335,7.10062294342592e-05,0.00014396947038096983,0.0001310913066351431,0.7782301673134423,True,613.0
1981,-0.11995356008707866,7.096750762763096e-05,0.0006094157786724351,0.0002635549861435854,0.9983459507602265,True,614.0
2589,-0.10204658540884946,7.056779564400313e-05,0.000254523902230306,0.00012939001998441,0.8739741713849482,True,615.0
12,0.04084210294176112,7.049241384569135e-05,2.9173794136649242e-05,3.705574104003535e-05,0.12068197722501431,True,616.0
321,-0.07737750645578108,7.040550583421759e-05,0.0001699423410691267,0.00011393510338727095,0.9418538074941154,True,617.0
514,0.020101055291085426,7.036498979077582e-05,0.0012682865692811307,0.003273174955570291,1.0,True,618.0
3238,0.03838543155977266,7.027260279607614e-05,0.00014133993480587885,0.0001910157347193862,0.9487880908454737,True,619.0
2242,-0.03530559135123016,7.017393202204329e-05,1.5070929236436519e-05,2.2144568633161398e-05,0.058718748011960045,True,620.0
3275,0.0489508486074967,6.987397772524086e-05,9.505740615092914e-05,0.00010073871774318673,0.718493542846237,True,621.0
2728,-0.0446848320659476,6.982562232520881e-05,0.00021876898209379435,0.00025397811772793073,0.8888606145429099,True,622.0
2705,-0.0589291388915947,6.955723582577916e-05,3.0507425942886306e-05,2.6856298479556428e-05,0.11851898975761817,True,623.0
1945,-0.08318444212969049,6.936794361332161e-05,8.56980871371482e-05,5.3444092136934704e-05,0.5160633628093391,True,624.0
335,-0.09405431930654831,6.90556377688506e-05,4.834613517222453e-05,2.666574376255381e-05,0.32101278707296904,True,625.0
2542,-0.06728482736660081,6.871663118456418e-05,0.00013182318887662345,0.00010163548291998697,0.730326356638463,True,626.0
1627,0.03747527538412614,6.860813552951254e-05,0.0001635161128457084,0.00022635307865247073,0.9414721038233984,True,627.0
47,-0.00403278120333145,6.859332084620468e-05,0.00048680519272960537,0.006262117701246119,1.0,True,628.0
2151,0.0420222070513618,6.858245145690372e-05,3.3178998738968494e-05,4.0959542953927294e-05,0.2785800623449329,True,629.0
1664,-0.09058262055018983,6.789951009022831e-05,2.523328717596702e-05,1.44510576634589e-05,0.15541701126025828,True,630.0
1386,-0.056010958492761206,6.779816186088138e-05,6.78625155798525e-05,6.28532348052884e-05,0.49297029073096255,True,631.0
1525,-0.05516967242544686,6.77904471037471e-05,6.146164919486166e-05,5.779290011632797e-05,0.4731853171321331,True,632.0
857,-0.08168130133541487,6.757308506676297e-05,0.00015358104438212072,9.754065162011238e-05,0.7734588714294802,True,633.0
2181,-0.06641281614005345,6.738642292536997e-05,3.846122233374469e-06,3.0042901259569e-06,0.01577708505630129,True,634.0
3651,0.09445286117923388,6.686982311262798e-05,1.3012058509011518e-05,7.146634532364132e-06,0.08251161015331764,True,635.0
1787,0.02886632680098448,6.68176767013331e-05,4.2282535098905955e-06,7.59871538948168e-06,0.029200330809847956,True,636.0
503,-0.03211556228378539,6.667785367933778e-05,0.0007901505355783604,0.0012763359235048303,1.0,True,637.0
1965,0.023606050680945467,6.653536014244126e-05,3.28423562416884e-05,7.217414647541438e-05,0.19085183535848335,True,638.0
940,0.06245267520658097,6.62437003313199e-05,0.0003032881334339688,0.00025192719785586753,0.9929384820917361,True,639.0
1771,-0.08384033673599185,6.577743441170595e-05,1.93979114902229e-05,1.2002525676416785e-05,0.13289649468795725,True,640.0
966,-0.01146919823168078,6.564000542647169e-05,0.0004761536147161812,0.002153697534165129,0.9999363827215472,True,641.0
3706,-0.08127256360057306,6.546079843558692e-05,8.418567117852212e-05,5.373594662875598e-05,0.6034098861250715,True,642.0
509,0.07081588283687004,6.543815771222499e-05,0.000172564593450916,0.00012641298985797297,0.9022202430180037,True,643.0
3974,-0.04818565840142991,6.542230717313923e-05,3.0182598559313588e-05,3.2494474222083976e-05,0.196895476811502,True,644.0
2540,0.04330886524676793,6.541474606610104e-05,6.392713465576357e-06,7.657360936390608e-06,0.05407468668490362,True,645.0
2577,0.02728853477456625,6.526568101106004e-05,4.54869002440859e-05,8.647225992123729e-05,0.31605063935364847,True,646.0
626,-0.004807879394918995,6.51868856630834e-05,0.000567552486561315,0.006123830339927541,1.0,True,647.0
3524,0.06940917733645065,6.482917915500435e-05,5.6947113327228036e-05,4.256234049003653e-05,0.4243908645588142,True,648.0
1686,-0.09446939532293115,6.480579690229239e-05,3.402867629611395e-05,1.8686355387424093e-05,0.23296647369425535,True,649.0
439,0.10497055398753444,6.470698697075773e-05,7.489819895387844e-05,3.7014728615832655e-05,0.43800496214771933,True,650.0
2845,-0.07254780596185662,6.453791964261237e-05,0.00014007434157009937,0.00010016246205560953,0.7197658884152935,True,651.0
1887,-0.051843721293474344,6.453688387629169e-05,3.052275457504e-05,3.054205407187714e-05,0.16165150454863542,True,652.0
1409,-0.09981611045463432,6.430322196888351e-05,0.0001266765714145155,6.583644044581849e-05,0.7048794452573319,True,653.0
602,0.06766093711466344,6.426763674866418e-05,6.889324661744205e-06,5.282132939572452e-06,0.02506520771041415,True,654.0
3087,0.07123462786049943,6.40057024265701e-05,2.763852169704606e-05,2.0127708523314487e-05,0.135568420382976,True,655.0
2453,0.043603436453865864,6.388584419487319e-05,9.827712183765662e-05,0.0001169236583874578,0.7682422545963483,True,656.0
153,-0.02284500047938937,6.378460416214564e-05,0.0003163733248090196,0.000718421583525892,0.999618296329283,True,657.0
1043,0.030633138512855592,6.374289244982915e-05,0.00175600767336744,0.0029737578327815066,1.0,True,658.0
346,0.061906862323707706,6.371839928797954e-05,0.00015841996328273402,0.0001327522222097337,0.8958585151727209,True,659.0
3036,0.015228333845591465,6.364604398633025e-05,0.0003632029490512235,0.0012372790554226784,1.0,True,660.0
4064,0.0894912153420965,6.362039612723893e-05,5.634486072173168e-06,3.2662136381261214e-06,0.020611998218716204,True,661.0
3427,-0.04095624302360626,6.354194866628865e-05,0.000743933917831655,0.0009422907604274526,1.0,True,662.0
2609,-0.06048473377862357,6.342635293580698e-05,2.8333127226373982e-05,2.4300735733750095e-05,0.12475348304599529,True,663.0
776,0.031964502892633015,6.32795324209547e-05,1.649609425457025e-05,2.6772187561073647e-05,0.09930657166486417,True,664.0
1341,-0.041708541653185015,6.304031709703582e-05,7.2774672867731805e-06,9.051612244370406e-06,0.04262357656339462,True,665.0
1470,-0.06265196461201242,6.301971157625387e-05,2.688300441922179e-05,2.2259417424471763e-05,0.16203320821935238,True,666.0
757,-0.07800607648063278,6.290588511523502e-05,5.346204902346845e-05,3.555394936778291e-05,0.3266747248552707,True,667.0
3828,-0.08827029987605162,6.281079949074496e-05,3.0169875009867967e-05,1.7730851529435676e-05,0.17870093517399327,True,668.0
2122,-0.060617581928625874,6.26884958821098e-05,3.6344023546788187e-06,3.1103200598804384e-06,0.02245689929384821,True,669.0
4084,0.028733340218976396,6.248582454304672e-05,5.86846298961082e-06,1.0595194632794396e-05,0.03817036707169667,True,670.0
3319,0.13707288123650627,6.245859632641451e-05,9.895260755652513e-05,3.7449531215776554e-05,0.5328583243208855,True,671.0
1425,-0.013900570983454855,6.223026213613258e-05,7.855807139987545e-05,0.0002931762985599894,0.7443221578980851,True,672.0
3891,0.10398770245975422,6.21130823313883e-05,9.590017640658236e-06,4.784186568547406e-06,0.041033144602073926,True,673.0
748,-0.02179355021383489,6.200711927573244e-05,3.472414559690927e-06,8.265597808271403e-06,0.026973726063998983,True,674.0
1408,0.012224707118386108,6.199140820445288e-05,0.00015549974093889574,0.0006598753283082599,0.9947197658884153,True,675.0
787,-0.05601257647804735,6.190885967532771e-05,2.887808967128468e-05,2.674567697195547e-05,0.17952795979388,True,676.0
4075,-0.041674221667393326,6.162032256915327e-05,4.342244592395278e-06,5.405270963878852e-06,0.018767097143584197,True,677.0
687,-0.03860261634967214,6.137457272283862e-05,5.780322705549177e-06,7.767942973888661e-06,0.0354984413766779,True,678.0
1606,-0.10044044383398455,6.131600775595658e-05,8.571147022798889e-05,4.426913191290688e-05,0.4979324384502831,True,679.0
2849,-0.10370354424967956,6.039647259485826e-05,0.00011002812693870537,5.504030155846039e-05,0.6105986385902411,True,680.0
1186,0.02347637012432596,6.008896152699755e-05,0.00023686454364901083,0.0005234073201861414,0.947197658884153,True,681.0
1360,0.04284083750385499,5.999030195325467e-05,5.0613901874764483e-05,6.128900215953647e-05,0.3289649468795725,True,682.0
2694,-0.07909021156082549,5.993923928237903e-05,0.00014878649973550776,9.759138330925777e-05,0.8125198803995165,True,683.0
2256,-0.05742726368599393,5.992735374635697e-05,5.7900579545539684e-06,5.23040684567682e-06,0.13754055601501367,True,684.0
1311,0.0562802239117938,5.97467712160754e-05,2.0049715620921066e-05,1.848089862469178e-05,0.1444748393663719,True,685.0
2800,0.03501048179705786,5.965213217061815e-05,3.026858462784092e-05,4.485023372023614e-05,0.28125198803995166,True,686.0
3728,0.07447167259682627,5.961450358563872e-05,0.00011729843211148917,8.170935520716177e-05,0.5553788408931866,True,687.0
3212,0.12629014807209601,5.9588340472520693e-05,0.00022850191952446017,9.386227245934098e-05,0.9352376105350213,True,688.0
2531,0.0187987661543304,5.939216340332583e-05,1.208682189419908e-05,3.3354425238836324e-05,0.13639544500286277,True,689.0
4069,-0.12174076431150592,5.937024344625473e-05,0.0001602599108622254,6.829038436571134e-05,0.9007570456135886,True,690.0
126,-0.12128121443860805,5.9349098056838843e-05,0.0001733399744564434,7.41439766641148e-05,0.8577517653794771,True,691.0
259,0.009695000317085945,5.925994783453683e-05,0.0001327187052173811,0.0007101580147149781,0.9692092372288313,True,692.0
3300,0.06920123582482114,5.925907309828823e-05,8.847734535575444e-05,6.632678057540526e-05,0.7394872447356702,True,693.0
3203,-0.09610089098798552,5.898188072469198e-05,0.00027173544825218315,0.00014668630417730814,0.9610662255868694,True,694.0
675,0.018663352647666224,5.896317188629961e-05,6.757880860254112e-05,0.00018784150235058087,0.8716839493606463,True,695.0
320,0.03460169752598783,5.891634633520044e-05,3.2046576321356613e-06,4.8045743410946345e-06,0.01641325784082957,True,696.0
2638,0.004342306387483771,5.8778586206601116e-05,0.00010934922838448081,0.0013063692332540532,0.9681913607735861,True,697.0
1927,0.05862017926390409,5.8708604963437216e-05,5.953202353649874e-05,5.268344753243257e-05,0.4363509129079458,True,698.0
918,-0.014178854001628254,5.867879606318128e-05,0.0001544761791564704,0.0005651855796973966,0.9818054583624912,True,699.0
371,0.011780100515457278,5.863280181300313e-05,3.4327754709431186e-05,0.00015117051283322833,0.32336662637572366,True,700.0
464,0.04950996578545629,5.827760463593498e-05,0.00022853227170371133,0.00023945592900498537,0.9809148164641517,True,701.0
859,0.04176493232633901,5.820914916555444e-05,0.00011594351883637561,0.00014401422085039205,0.9576308925504167,True,702.0
3151,-0.1088607069297272,5.7750705651834824e-05,0.00016390892385570338,7.810918978492589e-05,0.8921050957440041,True,703.0
3153,0.04007314585081296,5.7526727388909906e-05,8.653897871594359e-05,0.00011202862684972761,0.8327501749475158,True,704.0
2331,-0.1001317711167067,5.729960544221328e-05,4.0332062165260975e-06,2.089532903103354e-06,0.035880145047394875,True,705.0
3329,0.039508552385574866,5.71700209255313e-05,2.8709534054209634e-05,3.7696906393987887e-05,0.15528977670335264,True,706.0
2199,-0.05716282507239784,5.697577059480868e-05,0.00017875325020795088,0.00016222244670002767,0.8763280106877028,True,707.0
506,0.057765973882410046,5.6869058945746654e-05,1.2538584476690324e-05,1.1260225684401557e-05,0.0451046504230549,True,708.0
938,-0.032386302564650554,5.6684525098092085e-05,0.0001613354402876411,0.00025842771880176885,0.9523506584388319,True,709.0
1764,0.05281814602588993,5.647271560290298e-05,4.353563382910173e-06,4.27594788104061e-06,0.015967936891659776,True,710.0
3337,-0.07979451997340026,5.6465860971956275e-05,7.686052493208755e-05,4.9969035184148816e-05,0.4469113811311152,True,711.0
1157,0.042813272371536,5.642287542358324e-05,3.2906210160189595e-06,3.987219343268289e-06,0.025701380494942427,True,712.0
1117,0.055163180492686356,5.63468342658092e-05,4.870501621388633e-06,4.5803121736310845e-06,0.03308098479547045,True,713.0
644,0.055011696334155744,5.6303649394662616e-05,5.816408850094711e-06,5.484923489076769e-06,0.02245689929384821,True,714.0
1974,-0.03224306866772672,5.620973677759247e-05,1.0847220395474482e-05,1.7452304445242326e-05,0.110821299064826,True,715.0
2127,-0.08033427038856285,5.617198005117703e-05,7.471277971560973e-05,4.8246379138926565e-05,0.7036707169667281,True,716.0
3159,0.02259325324620628,5.594152991696326e-05,0.0011456549773272036,0.002630545149266098,1.0,True,717.0
3004,0.07574299823356433,5.590914328420995e-05,1.3910453341665374e-05,9.5272919946993e-06,0.2580952986831223,True,718.0
2517,-0.07218666283682668,5.590415598295194e-05,2.1960571948748917e-05,1.578183018923432e-05,0.14040333354539092,True,719.0
3963,-0.08891732625198469,5.5739308187593504e-05,0.00014040612253130383,8.191630140711832e-05,0.8601056046822317,True,720.0
737,0.011420518700021698,5.5730871395942664e-05,6.764751222594528e-05,0.00030728169149508067,0.5116737705960939,True,721.0
2198,0.00711372840156551,5.5334542547548164e-05,0.00013123270469095086,0.0009570078142215671,0.9858769641834723,True,722.0
961,-0.10789191897634678,5.532574860355393e-05,4.7281013537337745e-05,2.2733617281341646e-05,0.3528214262993829,True,723.0
1256,0.07747765810856647,5.5318881014127464e-05,3.4960596776609043e-05,2.340847043126444e-05,0.22774985686112348,True,724.0
2288,0.028907602637618556,5.528176838650649e-05,0.0006747334190213717,0.0012108513461389144,1.0,True,725.0
3815,0.03440266226959232,5.5213403652068566e-05,0.00018563429620728695,0.0002799218811809951,0.9959921114574718,True,726.0
1651,0.12487873030618316,5.511171949637503e-05,5.250489444270379e-05,2.1811322515544363e-05,0.3315096380176856,True,727.0
1079,-0.07199019572455681,5.500781564271843e-05,0.00016499104710090637,0.00011889338958248433,0.9698454100133597,True,728.0
2143,-0.13598630340182055,5.483775536241723e-05,6.713334988819595e-05,2.56102509828209e-05,0.5394745212799796,True,729.0
2668,-0.051054550083018006,5.4595698831633927e-05,1.4473675962573337e-05,1.470669468106748e-05,0.06380813028818627,True,730.0
1665,-0.07256451731965363,5.456549004094058e-05,0.0001496382759872305,0.00010697666864758527,0.8823716521407214,True,731.0
2715,0.04279843030473229,5.451668954129243e-05,0.0006169196235116749,0.0007477758380536494,1.0,True,732.0
988,0.019055756833236955,5.449589846539655e-05,0.00011962833109195953,0.0003256705788458847,0.8169094726127616,True,733.0
2389,0.053410871396641676,5.448278265890643e-05,0.0007391063700537686,0.0007178735730826926,1.0,True,734.0
1617,0.06475301810962672,5.425537263708149e-05,4.24941030584652e-06,3.404390230817474e-06,0.030917997328074306,True,735.0
1159,-0.075302926429631,5.412840879935947e-05,0.0002841708168623942,0.00019576646819483473,0.9897576181690947,True,736.0
3054,-0.05099722712747801,5.4020154047244424e-05,3.895794141771508e-06,3.962963949336167e-06,0.026973726063998983,True,737.0
633,-0.047577938438161146,5.393423986661782e-05,0.0001964125410126938,0.00021415798819621613,0.9587123862841148,True,738.0
2381,-0.11366055888645836,5.388781214916521e-05,4.482310425469568e-05,2.045798367260957e-05,0.25968573064444306,True,739.0
2611,0.06983228284724859,5.386799850279421e-05,0.00018343809008893635,0.0001362711637229948,0.9517781029327566,True,740.0
3059,-0.032352135026501985,5.382587995564955e-05,2.3714162060643853e-05,3.8025551475142424e-05,0.24861632419365098,True,741.0
68,0.0476110332039704,5.379003754696772e-05,6.311230463129606e-05,6.876653115197959e-05,0.4869266492779439,True,742.0
3070,-0.1041300654943299,5.369895044122732e-05,7.780480176795825e-05,3.876153285859594e-05,0.5018767097143584,True,743.0
2940,0.037115774603382,5.352186651169388e-05,3.884698715823252e-05,5.42962077147233e-05,0.4265538520262103,True,744.0
897,-0.07722268119253574,5.352136806111556e-05,8.480258295614778e-05,5.696851361746254e-05,0.6641007697690693,True,745.0
888,0.04620089618157432,5.341220669357458e-05,9.080919437839788e-05,0.00010196476137807967,0.8686303199949106,True,746.0
2958,-0.022585629338944868,5.34023138044783e-05,0.0005739830626083533,0.0013183707681413558,1.0,True,747.0
3790,-0.0610654020499707,5.321162645282165e-05,0.0001044248143267493,8.871134731544507e-05,0.8151918060945352,True,748.0
3823,-0.045277437568649104,5.2855666066477866e-05,1.6298977091115752e-05,1.8674509053877154e-05,0.08136649914116674,True,749.0
502,-0.014631533025096295,5.284641678224652e-05,0.0001050649535415899,0.00037251067705129187,0.9104268719384184,True,750.0
1332,-0.0034313532943408445,5.27986862331314e-05,0.0006228728830725298,0.009416828754812881,1.0,True,751.0
2534,-0.03464123884141728,5.2751258249552294e-05,2.945857534210747e-06,4.41152768789063e-06,0.023920096698263248,True,752.0
736,-0.05766531109555319,5.2615307908770174e-05,4.945008586543075e-06,4.4485973109431795e-06,0.01838539347286723,True,753.0
3523,0.0623371943821592,5.2564448841849816e-05,6.530407334506576e-05,5.4345514353971276e-05,0.5966664546090719,True,754.0
1160,-0.04852360602588901,5.240934850510585e-05,2.91350913303491e-05,3.114827498857328e-05,0.2406005471085947,True,755.0
1775,-0.05626423182520798,5.23629085651053e-05,8.694238998160014e-05,8.016224379567536e-05,0.8585787899993639,True,756.0
1313,-0.10133396402116097,5.2318464908714515e-05,0.0001289679948184233,6.60233566003494e-05,0.844837457853553,True,757.0
3777,-0.04078615457100535,5.22132376021561e-05,0.00039551809692890807,0.0005030652084204822,1.0,True,758.0
982,0.04187491149921338,5.217298734720293e-05,4.929655575623027e-05,6.107076486056466e-05,0.3584833640816846,True,759.0
629,-0.12027400301183408,5.2170502526464706e-05,6.875414553040382e-05,2.9654991763971638e-05,0.46014377504930337,True,760.0
1739,-0.10948881470152746,5.2088892400472434e-05,0.00017669162744003169,8.371762531958787e-05,0.9118900693428336,True,761.0
3141,0.06818566392938068,5.204104377245394e-05,0.0001328506762256981,0.00010107444842450664,0.7590813664991412,True,762.0
449,0.05617633264181169,5.2015975386431084e-05,3.094302979974192e-05,2.857459844889297e-05,0.22221515363572747,True,763.0
3694,-0.05343741749762121,5.1884399552867334e-05,3.00894843354678e-05,2.9210565698622958e-05,0.2241236719893123,True,764.0
2768,-0.12395304233613526,5.1799424380967295e-05,1.9538308838007815e-05,8.177121743724336e-06,0.08779184426490234,True,765.0
3089,-0.08208891423866724,5.173004887718662e-05,0.0001172070410948533,7.406957881242575e-05,0.7567911444748394,True,766.0
3288,-0.08620809984675727,5.16650074100501e-05,7.96025784981828e-05,4.790156993048239e-05,0.4245180991157198,True,767.0
3493,-0.021573370323567945,5.156486826454963e-05,4.778052649683719e-06,1.1489565800930667e-05,0.044086773967809655,True,768.0
2875,-0.07761539833445244,5.125816757625824e-05,0.00010954121243596011,7.321504558305127e-05,0.7841465742095554,True,769.0
1837,0.06838261507355417,5.12494680095252e-05,0.00011303460627163315,8.57504494823848e-05,0.743622367835104,True,770.0
1094,0.0032324308064224402,5.1155205610689865e-05,0.0006790747840981984,0.010898307345526275,1.0,True,771.0
4022,-0.03880092526255521,5.091300581093164e-05,0.00035064552250884713,0.00046881003558014333,1.0,True,772.0
1291,-0.015948339369842753,5.0725810554689116e-05,0.00016318811148877458,0.0005308156665829494,0.9943380622176984,True,773.0
3315,-0.03184747431891561,5.0551436633559744e-05,4.092474959544052e-05,6.666251877139258e-05,0.33138240346077996,True,774.0
2257,0.044854752425392795,5.052735939022364e-05,5.2187947300526305e-05,6.035766572304788e-05,0.6106622558686939,True,775.0
2060,-0.029604025507132203,5.039912673226305e-05,0.00013917826326411678,0.00024388850266637526,0.846682358928685,True,776.0
2739,0.06313006234023598,5.029860285968222e-05,5.8407752236245575e-05,4.799599056144541e-05,0.5392836694446211,True,777.0
2948,-0.10627953605888829,5.029522210651064e-05,4.201419116094794e-05,2.0507704050949524e-05,0.2780711241173103,True,778.0
3202,-0.03633828314552011,5.0170492453755355e-05,2.3404984726862807e-05,3.3412936223258584e-05,0.15458998664037152,True,779.0
2755,0.024841891267622592,5.016563204399775e-05,0.00018306293872365973,0.00038228429575532386,0.9951650868375851,True,780.0
1716,0.019173092525808046,5.016282855291276e-05,5.9153181670325314e-06,1.600503488745728e-05,0.04357783574018703,True,781.0
2368,-0.030143488777657556,5.0110858166209745e-05,7.341150263099693e-06,1.2634011914852395e-05,0.04198740377886634,True,782.0
2420,-0.026847416149574525,5.010025836905266e-05,0.0001704305442330487,0.00032931811467610286,0.9665373115338126,True,783.0
415,0.10448462447007953,4.9939989574317886e-05,6.130156901795366e-05,3.04361621094411e-05,0.553025001590432,True,784.0
1464,-0.030931445406577954,4.990709442253177e-05,5.4898506223113804e-05,9.20727250518152e-05,0.7490298365035943,True,785.0
1458,-0.0833751644737128,4.967435790653703e-05,0.00017410935210613676,0.00010833183012393804,0.8929957376423436,True,786.0
4039,-0.03115942563756098,4.961826331681958e-05,1.5418264360831993e-05,2.5669459745304087e-05,0.10216934919524143,True,787.0
72,-0.007733835113003258,4.954191931210525e-05,0.00015208075631258135,0.0010201171275447457,0.9999363827215472,True,788.0
2307,-0.03131634446145616,4.9450933169530075e-05,0.00019641349852267512,0.0003253650905280251,0.999236592658566,True,789.0
1822,-0.04917112109757561,4.9335570115419624e-05,1.989529776659735e-05,2.0989931315795304e-05,0.16674088682486163,True,790.0
2065,0.056621508631989344,4.930377914472222e-05,7.699391063253556e-06,7.054165203492627e-06,0.03435333036452701,True,791.0
768,-0.13137674714734004,4.9276474152654985e-05,0.00027079801522596127,0.00010692952966137038,0.9727718048221897,True,792.0
1925,-0.04610852558759448,4.9160388552625205e-05,5.7051083335058214e-05,6.418792623557028e-05,0.6257395508620142,True,793.0
221,-0.03526165780745128,4.901060644789251e-05,5.794372932828203e-06,8.52460768385382e-06,0.05611043959539411,True,794.0
1406,0.03501816398055415,4.8844162354127824e-05,2.118259410740782e-06,3.138025415550707e-06,0.015458998664037153,True,795.0
1203,0.018638060711320827,4.8817455080818105e-05,0.00025399476116398374,0.0007069598034841898,0.9936382721547172,True,796.0
353,-0.04951414949801933,4.8491137354040875e-05,6.472227046273033e-06,6.781021238831769e-06,0.04459571219543228,True,797.0
3408,-0.06052745732148802,4.8302577651459055e-05,0.0002157951198859495,0.00018495235824690808,0.9749984095680386,True,798.0
617,0.03378872923351713,4.829348887409426e-05,9.688356782166254e-06,1.487472513691066e-05,0.0638717475666391,True,799.0
3579,0.064466199986707,4.82260854071559e-05,2.1694924921159765e-05,1.745809147258507e-05,0.10356892932120364,True,800.0
1712,-0.08015995744164221,4.822032691905572e-05,5.448600505469548e-05,3.5261288065686464e-05,0.5880145047394872,True,801.0
2643,-0.08153468764973325,4.8188954948598835e-05,5.159209343101863e-05,3.282550550780323e-05,0.5081748202811883,True,802.0
2536,-0.035294520175890236,4.818296532864933e-05,0.00013261096058794818,0.00019491390530524744,0.8307144220370253,True,803.0
1780,0.02073116953419432,4.7961383692817065e-05,3.527916962576201e-05,8.828059174126169e-05,0.3230485399834595,True,804.0
3785,-0.07756551398752917,4.792084497079798e-05,6.345232188002036e-05,4.2437474262267364e-05,0.5282142629938291,True,805.0
2278,0.08423439959027793,4.7840918656853946e-05,0.00016545754170956152,0.00010189849439958252,0.8592785800623449,True,806.0
3421,0.05106637611015599,4.752477125750048e-05,2.728778811739736e-05,2.7720686348293845e-05,0.16591386220497487,True,807.0
119,-0.08165553171402205,4.737391620853093e-05,0.00014873043448105987,9.448979782753511e-05,0.8748011960048349,True,808.0
1200,0.029972692575585307,4.7297613414450024e-05,0.00024142015240007493,0.00041784811255829354,0.9726445702652841,True,809.0
1618,0.13107996732821114,4.729604586669033e-05,0.00010091020988364626,3.993645110279232e-05,0.782428907691329,True,810.0
3110,-0.08234145095388866,4.721296144960948e-05,6.307936211786275e-05,3.974106136977077e-05,0.5143456962911127,True,811.0
548,-0.04777885798046934,4.719178575102944e-05,5.799222222839486e-06,6.296579198624035e-06,0.02093008461098034,True,812.0
2558,-0.1077854356037317,4.71533177644214e-05,0.00012224810393482823,5.883729999188657e-05,0.7751765379477066,True,813.0
3547,-0.08610706849904773,4.7122402038356525e-05,0.00010878252085500023,6.553767025226435e-05,0.6938100388065399,True,814.0
4033,-0.1069767400371557,4.703904514709067e-05,2.7248343033281922e-05,1.3213608132172595e-05,0.1970863286468605,True,815.0
762,-0.1079121690388792,4.699143587558296e-05,5.814925620341207e-05,2.7954029959049287e-05,0.4962783892105096,True,816.0
2745,0.042292447939334246,4.6888794956443916e-05,4.713482101043581e-05,5.781622384094971e-05,0.49074368598511353,True,817.0
773,0.046824559167971236,4.688408458506387e-05,2.041778452192525e-05,2.2620677238446428e-05,0.139639926203957,True,818.0
1800,-0.06334868528038969,4.686401437360272e-05,3.578553791781139e-06,2.930492592656174e-06,0.02436541764743304,True,819.0
3309,0.051784736947710325,4.684079440536138e-05,0.00015716903850912113,0.00015744754965552234,0.9780520389337745,True,820.0
2980,0.09396842489146871,4.6652160879815065e-05,7.693568637884972e-05,4.247335521061194e-05,0.6988358038043132,True,821.0
3595,0.03475257235116827,4.6557289408876904e-05,5.6114899814820946e-05,8.37648702249565e-05,0.6580571283160507,True,822.0
330,-0.06025555850240427,4.640114854173443e-05,5.303507799963777e-05,4.566009176209859e-05,0.5145365481264712,True,823.0
2349,-0.06050396626099523,4.636722527769806e-05,4.374114082689661e-05,3.75039442901081e-05,0.3932820153953814,True,824.0
1433,0.0272506083053928,4.633486113005827e-05,6.042646184445671e-05,0.0001150327887781885,0.7520834658693301,True,825.0
2144,-0.06444079396927267,4.6289003807451665e-05,5.9626235160510715e-05,4.8000657930579546e-05,0.521979769705452,True,826.0
3713,0.040834266172265536,4.616246088410716e-05,1.9163161836751895e-05,2.4345185960473228e-05,0.2023665627584452,True,827.0
1335,-0.16984864660520213,4.609708383414661e-05,0.00017588239705537258,5.371937726063265e-05,0.8583243208855525,True,828.0
429,-0.031256004831349646,4.600880762468783e-05,3.322749018189047e-05,5.514863369378398e-05,0.3122972199249316,True,829.0
2662,-0.05372212574967803,4.565855310533968e-05,4.16396058591132e-06,4.0209077114147256e-06,0.05604682231694128,True,830.0
2735,-0.06827771966960888,4.563632405622762e-05,6.884793188245994e-05,5.230974165363719e-05,0.7165850244926522,True,831.0
212,-0.09671703696945141,4.557860362805768e-05,5.6268843771581905e-05,3.0181143658104385e-05,0.5966664546090719,True,832.0
2239,0.043080034919978645,4.543826537348441e-05,3.94819047485153e-06,4.754367341647834e-06,0.02557414593803677,True,833.0
680,0.0040400817916308295,4.5408563653458566e-05,0.00024309339000833376,0.003121430551546868,0.9984731853171321,True,834.0
366,0.11166558554260603,4.540825506770253e-05,1.1000113492421202e-05,5.110324787319636e-06,0.03810674979324385,True,835.0
937,-0.04038085998276762,4.536857215818259e-05,0.0004196398729724851,0.0005391031474467955,1.0,True,836.0
2279,-0.06380436083084909,4.53557109285471e-05,4.6580751244821686e-05,3.787274731799999e-05,0.3646542400916089,True,837.0
3242,-0.08699477766140662,4.5185640182520976e-05,4.727035630309025e-06,2.818813726116133e-06,0.027800750683885742,True,838.0
210,0.015028025232564739,4.515863781945047e-05,9.35374769558023e-05,0.0003228898698347074,0.970417965519435,True,839.0
4025,-0.07498476983316639,4.508407771326631e-05,2.054998456163318e-06,1.421703791007952e-06,0.005534703225396017,True,840.0
539,-0.1255199709220462,4.489272754120051e-05,4.0636102346658785e-05,1.6794609093193907e-05,0.338762007761308,True,841.0
3178,0.07708232787133967,4.488866704053263e-05,0.00021742943827863807,0.00014633028092388253,0.9819326929193969,True,842.0
405,-0.06412583758043221,4.4873790243648834e-05,9.235973331191827e-05,7.471715101885115e-05,0.7197658884152935,True,843.0
1045,-0.006544306502152614,4.4865955899657265e-05,0.0004002038850885988,0.003172403010461663,0.9999363827215472,True,844.0
3606,0.008705454682175557,4.486082186490158e-05,0.0002821507547332056,0.0016813589558659677,0.9987276544309435,True,845.0
928,0.09326324456987523,4.4777275470897824e-05,3.44801671734519e-05,1.917915755444763e-05,0.29976461606972454,True,846.0
563,-0.005631623765381256,4.477321619226647e-05,5.306081184316617e-06,4.8877720296278135e-05,0.2381194732489344,True,847.0
130,-0.004510507863756159,4.476147035938837e-05,0.0008055721676487809,0.009265091079707006,1.0,True,848.0
4015,0.0352620951466716,4.463954728226235e-05,0.0003475962219607464,0.0005113727937000762,0.9999363827215472,True,849.0
1668,0.07134101394373378,4.463359934296655e-05,7.295342507113857e-05,5.304898673366256e-05,0.6388447102232967,True,850.0
1377,0.02843814736905409,4.4592889981664824e-05,0.0004151969240344374,0.0007573968790683636,1.0,True,851.0
2361,-0.04952621090512857,4.451273736697643e-05,4.256313873439911e-06,4.458299376656404e-06,0.030663528214262995,True,852.0
246,-0.07321003085720583,4.4485194979133525e-05,6.079724061933343e-05,4.3080820185458966e-05,0.4641516635918315,True,853.0
1226,-0.05805585877426664,4.4464048139097505e-05,6.3808174329196276e-06,5.701655188067114e-06,0.034925885870602455,True,854.0
2064,-0.07264897304812055,4.441926382828317e-05,0.00010761834534582759,7.684710566853256e-05,0.7359882944207646,True,855.0
1502,-0.04074433364772579,4.4374178270331655e-05,4.316803319917739e-06,5.496240484245067e-06,0.02277498568611235,True,856.0
2378,-0.06955032569951526,4.430201771114115e-05,4.014752711100438e-06,2.9945413625077647e-06,0.023602010305999108,True,857.0
3912,-0.0503581144057153,4.42980912593581e-05,3.6332612664836383e-06,3.742810619783847e-06,0.011323875564603346,True,858.0
1290,0.1097901679354782,4.4261022234149955e-05,4.3744498955386495e-05,2.0669533808126938e-05,0.3637635981932693,True,859.0
552,-0.07123195732774988,4.423189992710236e-05,7.7997647011485e-05,5.6803789249704584e-05,0.6917742858960494,True,860.0
1272,0.014730888484556124,4.418159765688292e-05,3.4036601427221826e-06,1.1986376953232334e-05,0.0466950823843756,True,861.0
590,-0.024457807350181587,4.415963835334366e-05,0.0004421117477040302,0.0009377459982243801,1.0,True,862.0
428,-0.0410564764653533,4.4140586706843754e-05,2.4477628268045437e-05,3.09284634567864e-05,0.17781029327565367,True,863.0
370,0.013533054906855066,4.406152332539195e-05,7.694769979003962e-06,2.9496499720286978e-05,0.06966091990584643,True,864.0
3436,-0.05752738256856969,4.399837989567177e-05,5.404284112971017e-05,4.873424500230643e-05,0.6548762643934093,True,865.0
2174,-0.02472839054483836,4.3892285083135456e-05,2.7602137201202622e-06,5.790519699916654e-06,0.025128824988866975,True,866.0
392,0.04565603601198719,4.386509285675412e-05,6.734264415091657e-06,7.65178302748386e-06,0.04306889751256441,True,867.0
2813,0.04940135988360547,4.376469006541747e-05,6.13326863220768e-06,6.4405620264335495e-06,0.03956994719765888,True,868.0
3977,-0.07502020794577721,4.3754304776416684e-05,0.00013333390789877872,9.220044745783266e-05,0.8291239900757046,True,869.0
1798,-0.0738268354545327,4.374479017992307e-05,5.500295959478441e-05,3.86493762918726e-05,0.5422100642534512,True,870.0
2992,-0.06163317684849392,4.349542931694988e-05,3.790762139778541e-06,3.1906757012268215e-06,0.0558559704815828,True,871.0
1674,0.033020190193214775,4.348427201237454e-05,0.0009711475246223206,0.0015257252068302302,1.0,True,872.0
1856,-0.04617005865929655,4.338823038641019e-05,9.821320514215655e-05,0.00011035198312104886,0.8856161333418157,True,873.0
4056,-0.036145621603713485,4.3348010100079273e-05,4.6313707373535976e-05,6.646982475357852e-05,0.5139003753419429,True,874.0
3968,-0.0509395303682309,4.330604690543757e-05,5.233440242088301e-05,5.329703106215803e-05,0.5376296202048476,True,875.0
1583,-0.09718848219598739,4.3189154088894594e-05,1.4054332264784652e-05,7.501810703239014e-06,0.13862204974871176,True,876.0
507,-0.046342469579095595,4.316732876482149e-05,1.213905224110313e-05,1.3588649325178427e-05,0.07195114193014823,True,877.0
3142,0.042596180416833475,4.3087106109818614e-05,5.8439852559439164e-06,7.117199474317178e-06,0.05941853807494116,True,878.0
3323,-0.07535723049402915,4.2984262093392366e-05,7.3651019975230195e-06,5.070193345300151e-06,0.03403524397226287,True,879.0
634,0.03950349710846721,4.284604604965695e-05,0.00016712318061421809,0.00021946831671840918,0.965646669635473,True,880.0
2640,0.018423884340749087,4.284496986843913e-05,8.728664035196413e-05,0.00024577475030948927,0.902856415802532,True,881.0
955,-0.019745160294740084,4.279895735790907e-05,0.00028049800992513196,0.0007369530233330682,0.9997455308861887,True,882.0
2883,-0.17648615785229316,4.2714323675206366e-05,2.3040617377094176e-05,6.7725800606529305e-06,0.17316623194859723,True,883.0
1487,0.020014060115912304,4.2683472905175764e-05,3.194231509310358e-05,8.279457358991379e-05,0.47833831668681215,True,884.0
1049,-0.06457676170307293,4.2563476329978105e-05,1.3195872081986286e-05,1.0600650551655692e-05,0.16903110884916342,True,885.0
3409,-0.00461970009537803,4.249211265436362e-05,0.000639608300930088,0.007182423235953538,1.0,True,886.0
1517,0.07878895661814372,4.2327485009322936e-05,9.806795539492764e-06,6.4570248210306265e-06,0.06966091990584643,True,887.0
310,0.0937679877436969,4.231186765365386e-05,7.918907524913493e-05,4.381081774392275e-05,0.6774603982441632,True,888.0
3813,-0.12599841662504954,4.2047903633247756e-05,8.517442433689995e-05,3.50683073135629e-05,0.7219288758826897,True,889.0
3209,-0.07598047694836735,4.198149627778172e-05,1.2327300302079643e-05,8.416599165613177e-06,0.0865194986958458,True,890.0
488,0.039516023423818845,4.18698743477659e-05,1.1283620201987577e-05,1.4813098468923825e-05,0.0501304154208283,True,891.0
1250,0.0214014759589979,4.1837690096358136e-05,8.965138717763639e-05,0.00021731213192686125,0.9073096252942299,True,892.0
53,-0.0401440204413837,4.1799893747180414e-05,2.1053123936759725e-06,2.720610477458279e-06,0.025637763216489598,True,893.0
3092,-0.011397467522903349,4.169194729752867e-05,2.812889904060452e-06,1.2803097571095137e-05,0.052675106558941406,True,894.0
2140,0.03346529089175759,4.162671072928301e-05,9.450984858504548e-05,0.0001465052363014428,0.856670271645779,True,895.0
127,-0.09335169720005268,4.146647367992023e-05,4.565759659851311e-06,2.5372397853609155e-06,0.02481073859660284,True,896.0
1007,-0.05100373685875525,4.142858934458624e-05,0.00037537393703917116,0.0003817972564024055,0.9999363827215472,True,897.0
1626,0.06573680396252264,4.136505261947096e-05,6.18087141732509e-06,4.8776631836422575e-06,0.03906100897003626,True,898.0
2878,0.025423854083815867,4.1348910188301306e-05,6.015967317041477e-05,0.00012275374912858506,0.697436223678351,True,899.0
2350,-0.1307603672899037,4.133029733007229e-05,6.735775960484258e-05,2.6722813830249294e-05,0.5607226922832241,True,900.0
610,0.03390607999479131,4.125829503003752e-05,7.9134231450513e-05,0.00012107584001025007,0.7635345759908391,True,901.0
162,0.08852786484707628,4.1153841744316986e-05,3.664571726143709e-05,2.147404806857694e-05,0.29524778929957374,True,902.0
2719,-0.10136924282233313,4.11246349496665e-05,5.116806469598097e-05,2.6185656882636427e-05,0.47121318150009545,True,903.0
3871,-0.07750264959961498,4.102341481497796e-05,6.030718987795202e-05,4.0366698080951124e-05,0.6195686748520898,True,904.0
1491,-0.06422012801242111,4.1019309328467105e-05,3.5248553828491756e-06,2.8473497797214324e-06,0.011387492843056174,True,905.0
1419,-0.10521337417957893,4.09579814043962e-05,3.449949883516272e-05,1.7010321497507606e-05,0.311788281697309,True,906.0
2059,-0.03561507969201784,4.08838557747175e-05,2.258812627268392e-06,3.2901596405168603e-06,0.02093008461098034,True,907.0
3936,-0.10259328089008414,4.075113697531331e-05,0.00011863217907979223,5.998660363498571e-05,0.831541446656912,True,908.0
2270,-0.028564557619777692,4.071748342564888e-05,2.8551090884161042e-05,5.185204487767491e-05,0.41713849481519183,True,909.0
700,-0.02417682750778772,4.065483101331069e-05,0.00018126841443372134,0.0003889497603650522,0.9935110375978116,True,910.0
779,-0.03973927391281099,4.06216281714176e-05,2.4098572218982815e-06,3.1458793959729255e-06,0.024556269482791528,True,911.0
238,0.021189746505308842,4.060521243699757e-05,0.0009057830134054679,0.0022175279115719754,1.0,True,912.0
948,-0.030702008041105025,4.060072670949783e-05,9.472427741307939e-05,0.00016005351053725023,0.9191424390864559,True,913.0
2890,-0.013055647787149604,4.0570885310380154e-05,0.0002743817398177539,0.0010902534373592656,1.0,True,914.0
3081,-0.09223964508469945,4.053148764286063e-05,9.985207559937454e-05,5.6157809320258804e-05,0.8634773204402316,True,915.0
572,0.05668022148559739,4.0477362846689244e-05,8.195461680135496e-06,7.500886079324097e-06,0.06908836439977098,True,916.0
3010,-0.049644514405558365,4.0386672011222835e-05,1.1632753476029097e-05,1.2155755097928618e-05,0.07436859851135569,True,917.0
1494,-0.07874417549119413,4.038514615654423e-05,9.48379997926185e-05,6.247908059336473e-05,0.7089509510783129,True,918.0
446,-0.06594580669314462,4.0352255125246886e-05,9.394566069922455e-05,7.390268616590967e-05,0.7253005916406896,True,919.0
789,0.05041696616484599,4.022379446973301e-05,3.284492224846551e-05,3.379575973368258e-05,0.3482409822507793,True,920.0
914,0.003882566914905725,4.021044401579662e-05,2.169277805585996e-06,2.8984573068798733e-05,0.053438513900375344,True,921.0
1695,-0.1151930936280783,4.009393126348925e-05,2.4379282569903763e-05,1.0979060127503965e-05,0.19867676060818118,True,922.0
3398,-0.06697428335827618,4.0084050593676836e-05,6.386786768999303e-05,4.9470354894387484e-05,0.7218016413257841,True,923.0
3946,0.04235825212263237,3.996686138643466e-05,6.3195878511574496e-06,7.739651553788407e-06,0.03333545390928176,True,924.0
3367,-0.041464250540447715,3.995799186519864e-05,4.369563166918413e-06,5.466821405249427e-06,0.03995165086837585,True,925.0
141,-0.0601212799550553,3.98235770513788e-05,4.395657651167163e-05,3.7928557599267317e-05,0.4448756282206247,True,926.0
3149,0.09002458188753815,3.979242043105894e-05,7.31306570086157e-05,4.2141408442941404e-05,0.667536102805522,True,927.0
352,-0.08949257627365459,3.973278340413116e-05,1.5672268888496062e-06,9.084803704764654e-07,0.0005725555060754501,True,928.0
614,0.012711024598687563,3.964329435789662e-05,0.0004446168056943125,0.0018145794963076959,1.0,True,929.0
2448,0.05452658477860873,3.964254306141699e-05,3.205158340846408e-05,3.0493823110914518e-05,0.359437623258477,True,930.0
3514,-0.08015283636531198,3.961736245809927e-05,7.318298384873855e-05,4.736547551918623e-05,0.6028373306189961,True,931.0
2460,-0.07199736896792375,3.927297004679749e-05,4.919630937423695e-05,3.544757924731345e-05,0.4026973726063999,True,932.0
3112,0.010504174256924181,3.9173920203901704e-05,2.9347319469167515e-06,1.4493631199975547e-05,0.05604682231694128,True,933.0
1339,-0.15527795545706688,3.912765030143082e-05,1.8356893758368977e-06,6.132817972339523e-07,0.004834913162414912,True,934.0
2658,-0.05083388224381151,3.907539965686817e-05,3.5064869392062423e-06,3.578406147967374e-06,0.02016667726954641,True,935.0
1161,-0.11601145338552622,3.9002112640395164e-05,1.210625744455616e-05,5.413519702723413e-06,0.05102105731916789,True,936.0
540,0.017189882816641196,3.895605617220101e-05,2.742665859580842e-05,8.27695642211439e-05,0.4407405051211909,True,937.0
27,-0.003732730920600245,3.885040628694043e-05,0.00020004165760085003,0.0027801257773886535,0.9998727654430943,True,938.0
2922,0.09483571822547773,3.8813664090312204e-05,8.37595261605574e-05,4.5817665626901455e-05,0.5734461479737897,True,939.0
3177,-0.03680004559936861,3.878187893477927e-05,1.0176095626668478e-05,1.4345097584058825e-05,0.1087219288758827,True,940.0
2267,-0.048213292083892155,3.876182406192429e-05,3.44734591901769e-05,3.7092726873431335e-05,0.3645906228131561,True,941.0
419,0.009283333005231468,3.8719760360483736e-05,3.038900093869616e-06,1.6981778714172137e-05,0.08162096825497805,True,942.0
3496,0.017089236669996323,3.871170679030697e-05,4.537691055508064e-06,1.3774725208799345e-05,0.05712831605063935,True,943.0
2021,-0.10174223303346466,3.867477235011404e-05,5.908298386115024e-06,3.0125331827179462e-06,0.05852789617660156,True,944.0
556,-0.074597792433466,3.866869264507224e-05,4.040613128662097e-05,2.8099072137239324e-05,0.3592467714231185,True,945.0
3374,-0.02551459351473404,3.8648300903861364e-05,0.00013345000735767392,0.0002713317604215457,0.9479610662255868,True,946.0
725,-0.04277607556062675,3.855434692367633e-05,7.061319696199474e-05,8.563585149062614e-05,0.7114320249379732,True,947.0
4049,-0.07192447254904238,3.84702622402031e-05,7.497898320330675e-05,5.407960927524024e-05,0.5021311788281697,True,948.0
279,-0.04129482518398195,3.845927374403282e-05,1.9591449687172456e-06,2.461170072831006e-06,0.007443221578980851,True,949.0
496,-0.041750624542189446,3.830076679782931e-05,6.274360148355253e-05,7.79609551738558e-05,0.8376487053883834,True,950.0
1026,0.04805597999568272,3.828717916938549e-05,8.313450395327894e-06,8.974382088842795e-06,0.0627266365544882,True,951.0
704,-0.010501522236589386,3.828250494620283e-05,1.7562401292839784e-05,8.675656018483632e-05,0.3209491697945162,True,952.0
2693,-0.07337968087174408,3.828240819276267e-05,5.2551735364301e-05,3.71519768526679e-05,0.5880781220179401,True,953.0
1369,-0.10543028527756083,3.826353219784445e-05,9.20844832231795e-05,4.5309759585206605e-05,0.787581907246008,True,954.0
257,-0.0695433558571848,3.825481976147591e-05,1.4478824064644223e-05,1.0800611164352311e-05,0.11870984159297665,True,955.0
1605,-0.018539142571882435,3.822830354069642e-05,0.0007544132114361265,0.0021110101681858446,1.0,True,956.0
3593,0.03015453329000233,3.8134917264081996e-05,0.0004549390483789757,0.0007826566649278687,1.0,True,957.0
3039,-0.05219083417940941,3.809205342556443e-05,5.274506625135642e-05,5.2427396081617555e-05,0.6633373624276353,True,958.0
876,-0.05621719382439638,3.8078950452968645e-05,4.003635275845114e-05,3.6945030390434546e-05,0.3800496214771932,True,959.0
208,-0.08174935219833336,3.801092586994278e-05,2.6909245371354355e-05,1.7076068299370585e-05,0.24988866976270754,True,960.0
2193,-0.03667227197447322,3.795089808121779e-05,5.939404825702828e-05,8.401866854264601e-05,0.6602837330618996,True,961.0
2522,-0.054849537888686926,3.790697003670717e-05,5.8727282558969775e-05,5.554405942009832e-05,0.544118582607036,True,962.0
2466,0.07776994166364154,3.790143290992971e-05,0.0001084462390406366,7.233915079675888e-05,0.809402633755328,True,963.0
3880,-0.1097937465534577,3.7776591447930276e-05,0.00016740183255082835,7.909577526263705e-05,0.9410267828742287,True,964.0
2247,-0.04816961945442852,3.771528326654939e-05,6.099885925648243e-05,6.569301316071293e-05,0.7868184999045741,True,965.0
2964,-0.040279410548515644,3.770005937492142e-05,7.590622180656251e-05,9.776084640815849e-05,0.7627711686494052,True,966.0
3924,0.058139026578558066,3.7477294900160376e-05,4.3206608882952426e-05,3.855255005844356e-05,0.45479992365926586,True,967.0
3511,0.057635933561920254,3.738880347530961e-05,2.706077210917095e-05,2.435664891553517e-05,0.193205674661238,True,968.0
35,-0.048643344371772666,3.738272706983561e-05,1.668092300916207e-05,1.778964722045533e-05,0.18849799605572873,True,969.0
819,-0.07549324090878025,3.724111897451086e-05,4.997194218294164e-06,3.433909483605258e-06,0.035243972262866595,True,970.0
1042,-0.07483061768847096,3.717385220771508e-05,4.962315351913866e-06,3.4401368086337225e-06,0.025510528659583944,True,971.0
3489,0.11754208396938776,3.715119653889426e-05,7.387489270406974e-06,3.260424598883452e-06,0.0382339843501495,True,972.0
1839,0.0242722140798044,3.710764486005468e-05,7.119535878094816e-05,0.00015216437036558552,0.7544373051720847,True,973.0
196,-0.029082262621150077,3.708937411329493e-05,1.0640389516158446e-05,1.898016654695307e-05,0.10579553406705261,True,974.0
3582,-0.017016560009590155,3.70429099380798e-05,1.4638319488219788e-05,4.4626223508817834e-05,0.25198803995165087,True,975.0
1438,-0.03166892516050127,3.685856279745896e-05,0.000646182717583947,0.0010585044764557267,1.0,True,976.0
3915,-0.03592316350511153,3.6855820727690825e-05,6.206825880138974e-06,8.963253339166421e-06,0.07634073414339335,True,977.0
250,-0.10264064966864116,3.677033420726531e-05,5.472343289857147e-05,2.7658245401481188e-05,0.5429098543164323,True,978.0
760,-0.08991306406729606,3.666021755531076e-05,8.148515623279815e-05,4.7013911881053244e-05,0.7478211082129906,True,979.0
2977,0.050647856363151576,3.663453091607236e-05,5.7650610903872335e-05,5.904913350985028e-05,0.6169603664355239,True,980.0
1303,-0.020125889725992552,3.642098843357106e-05,9.650847396831412e-05,0.00024876028398575326,0.9428080666709078,True,981.0
2138,-0.01968383156213191,3.637702603178889e-05,7.766627455164484e-05,0.00020468853511030802,0.8292512246326103,True,982.0
369,-0.04402367928953224,3.636929193152274e-05,2.5949685475133407e-05,3.057851893365164e-05,0.23926458426108532,True,983.0
1199,0.043886491880619515,3.628466064955508e-05,1.4471655319297351e-05,1.710637656542279e-05,0.2456263121063681,True,984.0
3395,-0.07874786785011416,3.620569659086028e-05,4.261953655658404e-05,2.8076347133728165e-05,0.3910554106495324,True,985.0
2608,-0.05372370231239469,3.620568988534506e-05,1.1044130344634747e-05,1.06643962599548e-05,0.06775240155226159,True,986.0
1009,-0.009118860642639226,3.609047007949918e-05,2.1467711506916247e-05,0.0001221281717926431,0.3239391818817991,True,987.0
111,0.04320265466116805,3.608459773806619e-05,4.9381880166092964e-05,5.929633782314006e-05,0.6153063171957504,True,988.0
423,-0.019093379882686112,3.607713044928958e-05,3.046364878153255e-06,8.276939687614173e-06,0.04516826770150773,True,989.0
3925,-0.035046937632127344,3.605332443431681e-05,3.716285263711062e-05,5.5008480904259725e-05,0.4562631210636809,True,990.0
2100,0.0673657353565495,3.597654416549625e-05,9.871602196993518e-06,7.601849642018441e-06,0.06463515490807303,True,991.0
386,0.04530458752012741,3.594398051711206e-05,0.00017315093269860382,0.00019826832556439573,0.9965010496850945,True,992.0
1858,-0.022788907739744155,3.591217262933104e-05,3.233513985038875e-05,7.360747459102168e-05,0.5343851390037534,True,993.0
1023,0.04752858741955112,3.587571714818506e-05,1.8292630471251534e-05,1.996604008057734e-05,0.1735479356193142,True,994.0
2049,-0.02433707544228742,3.585669620574024e-05,1.0577668955836079e-05,2.254718181481347e-05,0.18124562631210636,True,995.0
798,-0.029431423022828557,3.5790671756672174e-05,0.00013606717410014245,0.00023983512537234235,0.9988548889878491,True,996.0
1488,-0.14464774862198454,3.5774696228442364e-05,0.00011673596293541405,4.186621273704684e-05,0.7617532921941599,True,997.0
1926,-0.03090902726032369,3.575171926283965e-05,9.952306721883002e-05,0.00016703562208662462,0.9441440295184172,True,998.0
1331,-0.022565880160313693,3.544322435075226e-05,1.9173905448577766e-05,4.40787213907596e-05,0.24861632419365098,True,999.0
922,0.0064723538276579935,3.5426590794548316e-05,0.0002591621378958739,0.0020772080027151108,0.9993638272154717,True,1000.0
749,0.005008721547171032,3.5411913629645446e-05,0.00016768148299870818,0.0017367163871526408,0.9998727654430943,True,1001.0
14,0.03292212825795429,3.5363343284863636e-05,2.4002875266032556e-05,3.782213583532641e-05,0.24836185507983968,True,1002.0
2541,-0.09439451166635958,3.536114451068154e-05,5.9737667888653746e-05,3.283009990234221e-05,0.5451364590622814,True,1003.0
1184,0.07530824530968507,3.534838236930996e-05,5.4713466473610935e-06,3.7689674507304187e-06,0.05102105731916789,True,1004.0
688,0.05155329742664475,3.5331617251011335e-05,6.758248020003344e-06,6.800617700273409e-06,0.04217825561422482,True,1005.0
3791,0.11326339169787704,3.5246340109907076e-05,3.185035574740686e-05,1.4587988397217018e-05,0.3129333927094599,True,1006.0
808,-0.00784111079628522,3.5241828014269376e-05,0.0004063007158956697,0.0026880706639689374,1.0,True,1007.0
2317,0.015876411937316492,3.51371358445484e-05,1.0890486735408718e-05,3.558488903154731e-05,0.18881608244799286,True,1008.0
3505,0.041532193433271074,3.513502904969624e-05,7.364288492861389e-06,9.198491464426695e-06,0.05980024174565812,True,1009.0
851,-0.012486232086729944,3.51114399095466e-05,1.3006088284345333e-05,5.403634661967264e-05,0.23061263439150073,True,1010.0
2619,-0.03171646662676115,3.510241878689072e-05,2.1375098747053728e-05,3.4961818608089504e-05,0.2886315923404797,True,1011.0
1155,0.043184594399574505,3.5044520177957896e-05,3.761983927982872e-05,4.519171003254681e-05,0.4738851071951142,True,1012.0
1921,0.031325178636337804,3.5030151429562955e-05,1.6176864680312095e-05,2.6789923940424918e-05,0.15802531967682423,True,1013.0
497,0.04889916594247055,3.489655027554778e-05,5.429074767980541e-05,5.759636236731792e-05,0.5562694827915262,True,1014.0
792,0.041949752361702224,3.485844890210566e-05,5.608273327243917e-06,6.935383074953825e-06,0.06578026592022393,True,1015.0
3276,0.04491732769595359,3.4776948176570124e-05,1.6224501332927533e-05,1.873821126871361e-05,0.16222406005471085,True,1016.0
2829,-0.06781933507748412,3.47303664048348e-05,5.983000930567909e-05,4.576529089232655e-05,0.63757236465424,True,1017.0
303,0.11135281503720947,3.4622417901452065e-05,4.89829494462197e-06,2.2819935665793393e-06,0.01666772695464088,True,1018.0
941,-0.11220661803395773,3.458156490416952e-05,7.789392470394412e-05,3.6012709519246226e-05,0.5780902093008461,True,1019.0
2923,-0.023127386653363644,3.456671615716122e-05,1.0994388492759121e-05,2.466125659941422e-05,0.09676188052675107,True,1020.0
1476,-0.03576942524675652,3.44505066652673e-05,8.461401856079219e-05,0.00012271595849188202,0.8660856288567975,True,1021.0
2552,-0.07989300581623208,3.435128329885018e-05,3.866232714480955e-05,2.51044039626466e-05,0.3844392136904383,True,1022.0
2881,0.03841921151838048,3.434593840290867e-05,6.782639725473221e-06,9.158429062933135e-06,0.08022138812901584,True,1023.0
3435,-0.020801656546159848,3.4305092480800515e-05,1.4789497689334408e-05,3.688299558693851e-05,0.19104268719384185,True,1024.0
1816,0.05961048610777199,3.427116738985716e-05,4.475632612338527e-06,3.894955055152697e-06,0.0329537502385648,True,1025.0
1644,-0.03796079571592179,3.425010588470228e-05,3.008248381488565e-06,4.111015068644669e-06,0.0359437623258477,True,1026.0
1430,-0.05265158562772085,3.420755412780752e-05,5.4139686819260446e-05,5.3342696873461245e-05,0.6099624658057128,True,1027.0
256,0.05507805672423273,3.3831288703085074e-05,1.3241976491210577e-05,1.2472252307103036e-05,0.17475666390991793,True,1028.0
2505,-0.06129358774213874,3.379961014859201e-05,0.00011758187703634223,9.951671463515284e-05,0.8885425281506457,True,1029.0
3228,-0.11683060644922848,3.3738514824241094e-05,6.656997722401597e-05,2.955918540662774e-05,0.6822316941281252,True,1030.0
2041,-0.015421820484251482,3.36711622302007e-05,2.235162527649111e-06,7.518724100988236e-06,0.025510528659583944,True,1031.0
3604,0.015711954779587662,3.361835680084392e-05,3.4812719786336584e-06,1.1494191227442115e-05,0.056237674152299764,True,1032.0
2892,0.06232141122559355,3.355023783337061e-05,6.589773321427228e-06,5.485344157411488e-06,0.031236083720338443,True,1033.0
2659,-0.17622278197838406,3.354669390432993e-05,9.705881966321215e-05,2.8572197060584915e-05,0.6386538583879382,True,1034.0
2772,-0.04032137599838956,3.347946195258429e-05,4.0511752420502984e-05,5.212143568500053e-05,0.5763089255041669,True,1035.0
845,0.06004255554089473,3.34495129620528e-05,7.939553975588431e-05,6.859739464032967e-05,0.6852217062154081,True,1036.0
1756,-0.07336470677785732,3.343352221434186e-05,1.3510216633370298e-05,9.55313271332726e-06,0.17272091099942743,True,1037.0
2501,-0.06471495293783218,3.341714040583209e-05,6.066663949121551e-06,4.863131166098987e-06,0.05273872383739424,True,1038.0
3455,-0.029032668690354257,3.336415408806388e-05,9.223181183734078e-05,0.00016480275454885097,0.9820599274763026,True,1039.0
1971,-0.034348790784963786,3.330009477827013e-05,1.5083048881727302e-05,2.2779719394298502e-05,0.15764361600610727,True,1040.0
2159,-0.003995732666081628,3.3222238902351055e-05,3.4426429710750996e-05,0.00044695751675604523,0.6986449519689548,True,1041.0
2416,-0.0800640169316303,3.320400621405173e-05,6.623262900909889e-05,4.291462311698243e-05,0.5376296202048476,True,1042.0
1543,-0.11410841631143344,3.3165087571342124e-05,3.441462941836126e-05,1.5645739813690778e-05,0.37286086901202364,True,1043.0
2209,0.023102046490909283,3.309160872567222e-05,7.163530705685488e-06,1.6085973820169566e-05,0.0730326356638463,True,1044.0
1961,-0.049039153130654725,3.304617539302009e-05,8.391797336099711e-05,8.877337057708284e-05,0.837457853553025,True,1045.0
471,0.0483852850144809,3.301077335089869e-05,4.241678899939278e-05,4.5477352031392404e-05,0.4771295883962084,True,1046.0
148,0.05005437789879123,3.2962042511424984e-05,4.130851227945408e-05,4.281226158853358e-05,0.5288504357783574,True,1047.0
2652,-0.029135738059499237,3.293734142458605e-05,6.529265011866914e-05,0.00011625428153348198,0.9036198231439659,True,1048.0
811,-0.13178517706173146,3.293680203485642e-05,0.00014210918717451408,5.5940491171509806e-05,0.8707296901838539,True,1049.0
3005,-0.10805955432815735,3.292553760508803e-05,6.039076320441532e-05,2.8991990279597508e-05,0.5002862777530377,True,1050.0
2221,0.01986040718682535,3.2924656554928485e-05,3.556212069463194e-05,9.289026193196944e-05,0.5194986958457917,True,1051.0
137,-0.03849353077223944,3.278494621986131e-05,0.0001338777691498224,0.0001804227936729397,0.9872765443094345,True,1052.0
2395,-0.08771602562894008,3.2770269227033245e-05,1.5539132589767065e-05,9.190063471655776e-06,0.11393854570901457,True,1053.0
1025,-0.023647704461379673,3.2759854331424624e-05,4.275073538651811e-05,9.378325129981862e-05,0.6185507983968446,True,1054.0
3295,-0.0294471796579338,3.270850743498625e-05,9.592980424455213e-06,1.689975997845954e-05,0.06164514282079012,True,1055.0
1197,0.0640380129848731,3.261384508093308e-05,6.465745817810226e-05,5.237830786327183e-05,0.6163241936509956,True,1056.0
1946,0.019561994904752092,3.2598955532333544e-05,6.429287847112338e-06,1.704984412587759e-05,0.08149373369807239,True,1057.0
619,-0.022667487763761585,3.2579647041989196e-05,6.356699630781708e-06,1.4547855704332592e-05,0.07252369743622368,True,1058.0
2087,0.03478018505900262,3.255806253402594e-05,0.00015267130865984912,0.0002277174039463883,0.9935110375978116,True,1059.0
2987,0.0026222118339496794,3.2483616005439184e-05,0.0003086390008869514,0.0061059566364074485,0.999618296329283,True,1060.0
1829,0.059384068444557334,3.2438935897538806e-05,5.379848822867623e-05,4.699707271290002e-05,0.6203956994719766,True,1061.0
512,0.05689804528730931,3.238208244540172e-05,3.184480623561198e-05,2.9034339340068093e-05,0.2930848018321776,True,1062.0
1114,-0.14611845239098714,3.2381234261126624e-05,4.196416257804661e-05,1.4898556128019812e-05,0.29709269037470576,True,1063.0
3910,-0.09892420916055485,3.2370773515783554e-05,6.83152951259359e-05,3.5824987380944673e-05,0.697817927349068,True,1064.0
1434,-0.0602073177593307,3.234553442173151e-05,0.00012662621473698602,0.00010910509432516128,0.9267128952223423,True,1065.0
3145,-0.030381958515131605,3.2339785500051176e-05,9.840774374742845e-05,0.00016802898054360743,0.8715567148037408,True,1066.0
3896,-0.061822007295963176,3.231882032456125e-05,3.1523210403839164e-05,2.6451970089169704e-05,0.39162796615560785,True,1067.0
2365,-0.09428688081598119,3.229933687366292e-05,5.727321109321889e-06,3.1511635814304104e-06,0.03390800941535721,True,1068.0
1448,0.031988680584494195,3.2285143437508636e-05,4.2769412518114025e-05,6.935976957723138e-05,0.46580571283160505,True,1069.0
3156,-0.06935256965779268,3.218549615142543e-05,6.967992508726038e-05,5.2121367551531736e-05,0.6834404224187289,True,1070.0
868,-0.07902957900337383,3.216341633709556e-05,2.712490837951578e-05,1.7805300012848643e-05,0.30211845537247917,True,1071.0
2657,0.03631313390635481,3.211047908855023e-05,1.8603892040534346e-05,2.657729419072021e-05,0.22017940072523698,True,1072.0
3684,-0.07495091975504617,3.2085436724313473e-05,0.000282789379092916,0.00019572973674753346,0.9998091481646415,True,1073.0
2253,-0.05149412542805237,3.2076924323563276e-05,8.926839557837553e-05,8.993127010251211e-05,0.8689484063871747,True,1074.0
2217,-0.0884311476770473,3.202688586660924e-05,2.6213169948316726e-05,1.537747274809324e-05,0.25306953368534896,True,1075.0
4019,-0.02156080344955869,3.198052120812908e-05,9.12167061700661e-05,0.000219472509545264,0.8531077040524206,True,1076.0
603,0.025654464122034825,3.193784291422186e-05,3.057169503644781e-05,6.181975158136232e-05,0.4413130606272664,True,1077.0
2583,0.08421211549798732,3.180728900118842e-05,2.497571645719671e-05,1.5385586709304644e-05,0.2531967682422546,True,1078.0
1825,-0.025046126985364847,3.178455834969372e-05,5.3433561554242514e-05,0.00011067364886143912,0.8595966664546091,True,1079.0
1506,-0.05944678208911662,3.1743178695181174e-05,3.4804668705055604e-05,3.0372450829955775e-05,0.49010751320058527,True,1080.0
1460,0.036855453873834786,3.174149019381463e-05,3.453260366480328e-05,4.860693588324976e-05,0.3988803358992302,True,1081.0
225,0.021833260720261406,3.165158512965545e-05,9.991303092842558e-05,0.00023739644829482082,0.9928748648132832,True,1082.0
3240,0.040317490874315146,3.161250052147498e-05,4.1588793075128785e-05,5.351228612514488e-05,0.6184235638399389,True,1083.0
1298,-0.05692758165239929,3.1542501814343846e-05,1.665385652354509e-05,1.5176190456793449e-05,0.14568356765697563,True,1084.0
164,0.019538306321349935,3.152161939925965e-05,0.0006358851468661413,0.001688349878252019,1.0,True,1085.0
1826,0.011546569550258979,3.148116053923179e-05,3.121191681229447e-05,0.00014022910078792796,0.44538456644824737,True,1086.0
1578,-0.0847883439542564,3.1365030449855354e-05,3.207718542650918e-06,1.9625954425050365e-06,0.013168776639735352,True,1087.0
533,-0.11096138993839928,3.130690317248626e-05,3.321044652433521e-05,1.5526497971918705e-05,0.23474775749093454,True,1088.0
1569,-0.11224270809664032,3.1212718331289916e-05,8.035058615540769e-05,3.713655358820589e-05,0.70596093899103,True,1089.0
2433,0.08144702190458343,3.1208378262058405e-05,4.28717896731193e-05,2.7306566048700722e-05,0.45938036770786944,True,1090.0
3396,-0.08065414600466711,3.119083832602474e-05,5.523121011727303e-05,3.5524546778327314e-05,0.5738914689229595,True,1091.0
166,-0.029320538851673558,3.1039023642224496e-05,0.0005097473972896999,0.0009018903783918012,1.0,True,1092.0
1320,-0.10107283147075635,3.101378967748111e-05,6.920999755516587e-05,3.552262784141977e-05,0.6376995992111457,True,1093.0
2779,-0.08535939211117459,3.0980471822752057e-05,1.6812941341438932e-05,1.0217933418979497e-05,0.17322984922705006,True,1094.0
2521,-0.033337894912235586,3.0917782343139906e-05,6.356794833941841e-05,9.891694746833771e-05,0.8474457662701189,True,1095.0
88,-0.038452474488390384,3.089498426938005e-05,5.218074372406448e-05,7.039740595759118e-05,0.6551307335072205,True,1096.0
1097,-0.019662253264404544,3.08561217293172e-05,1.8411252366854954e-06,4.857588586383662e-06,0.011578344678414657,True,1097.0
542,0.03725646296966981,3.0854785056169344e-05,2.9588610511565258e-06,4.119966014746649e-06,0.02436541764743304,True,1098.0
3885,0.0211753641561415,3.060573549290805e-05,0.00016098544904787277,0.0003943904770360896,0.9909663464596985,True,1099.0
1213,-0.06301447535686756,3.057488907938405e-05,6.476267115492595e-06,5.3315699626963585e-06,0.042687193841847444,True,1100.0
365,-0.02833507988529882,3.055127074559223e-05,7.857074100009985e-05,0.00014384908106279722,0.8531713213308735,True,1101.0
3420,0.002545650014102817,3.054118609652051e-05,0.0004654678414992368,0.009485531507038495,1.0,True,1102.0
3574,-0.14733325715602963,3.047531950674436e-05,6.0885549620043214e-05,2.1437993010898845e-05,0.47617532921941597,True,1103.0
3571,0.10131582329647883,3.045217616260222e-05,4.894695499815981e-05,2.506219390693405e-05,0.4271900248107386,True,1104.0
2189,0.08520740977415324,3.0442851967905805e-05,4.7420046299582295e-05,2.8870565760043757e-05,0.4693046631465106,True,1105.0
355,0.07001832610945367,3.0435092394671032e-05,1.4698318731551222e-05,1.0889968435041673e-05,0.1680132323939182,True,1106.0
1682,-0.04015426892474791,3.043161479499965e-05,0.00030448849289137946,0.000393377798579846,1.0,True,1107.0
184,-0.018154949003346178,3.0363256774414598e-05,0.00011603375400942765,0.0003315583685679176,0.9857497296265666,True,1108.0
3294,-0.036005929922873464,3.0361270974169758e-05,1.654169054618715e-06,2.383288099182183e-06,0.014886443157961702,True,1109.0
3578,-0.04429268568911251,3.0360467332517744e-05,2.1521211131840322e-05,2.520608391989431e-05,0.23907373242572683,True,1110.0
1349,0.05002786266962826,3.0289739590588148e-05,0.00011022204307906068,0.00011429498951390449,0.9625294229912844,True,1111.0
2043,-0.12423604734703232,3.0250443988748815e-05,7.182235597056558e-05,2.999043090441632e-05,0.6692537693237484,True,1112.0
489,-0.10202403787324599,3.022316125470621e-05,3.050799403750583e-05,1.551250123959856e-05,0.30510846745976206,True,1113.0
1836,-0.014621759582303879,3.0054491618240916e-05,7.107654755290452e-06,2.521722943922773e-05,0.05712831605063935,True,1114.0
377,-0.046734148191581414,3.004656143603889e-05,0.0001125431039489631,0.00012492669245141918,0.8950314905528342,True,1115.0
1730,0.034127345296189666,3.0001105928883154e-05,2.2435865705309482e-05,3.410444680750905e-05,0.2639480883007825,True,1116.0
2142,0.038102678290387534,2.998803361366571e-05,5.1739057627119236e-05,7.044232708477925e-05,0.7158852344296711,True,1117.0
36,0.04360718682258762,2.9986850283112623e-05,5.8278968669416015e-05,6.933052222703912e-05,0.6165786627648069,True,1118.0
1465,0.01051384137333224,2.9984296008085562e-05,7.762622114226114e-06,3.830166990394835e-05,0.12214517462942935,True,1119.0
10,-0.10146259729827561,2.9938796438550002e-05,2.3524106112392108e-06,1.2027568488239794e-06,0.014313887651886252,True,1120.0
920,-0.044361286016275564,2.9931374468017472e-05,0.00010867403500002202,0.0001270844310721207,0.9562949297029073,True,1121.0
3019,0.01936320517701942,2.992427746661802e-05,1.2660914673155993e-05,3.39202089464715e-05,0.239010115147274,True,1122.0
3305,0.03675097685035036,2.9903800425614442e-05,6.422916370781588e-05,9.066383061580739e-05,0.652013486863032,True,1123.0
4012,0.0225245705314533,2.9849815471604073e-05,0.0004406400591677159,0.0010148413210695718,1.0,True,1124.0
71,-0.14345980019039642,2.9841653994879733e-05,7.188338899118867e-05,2.599375412810291e-05,0.6801959412176347,True,1125.0
2976,0.03473193722592215,2.9723715188734637e-05,3.4756050272544513e-05,5.191251786679107e-05,0.5296774603982441,True,1126.0
3042,0.01700797312801115,2.9682890834047837e-05,3.1334977327296528e-06,9.557570452616934e-06,0.06768878427380877,True,1127.0
864,0.059174105279246866,2.9595831188678253e-05,6.942840792227224e-05,6.08662002757036e-05,0.6795597684331064,True,1128.0
568,0.008466451640972759,2.9583759566629552e-05,0.00012795709726651054,0.0007840317165799943,0.9999363827215472,True,1129.0
3613,-0.08976009746690973,2.950224333585106e-05,5.666159102541521e-05,3.274734791534007e-05,0.5724918887969973,True,1130.0
4044,-0.052772628934073855,2.9493099963236833e-05,4.684316929407545e-06,4.60477299516064e-06,0.06902474712131815,True,1131.0
1206,0.026808999877877795,2.9459684017970947e-05,6.264458951666557e-06,1.212198212808615e-05,0.12023665627584453,True,1132.0
2997,0.04939741270040222,2.944289115626486e-05,4.874301248268447e-05,5.118925965453753e-05,0.6537947706597111,True,1133.0
2316,-0.03333253367561653,2.941663429093054e-05,1.4493084416898275e-05,2.2556056799846174e-05,0.18512628029772887,True,1134.0
1171,0.05432646468511361,2.9393127394855473e-05,3.7717687233945985e-06,3.6016731236023444e-06,0.015077294993320186,True,1135.0
2326,-0.1176541887216858,2.9342976742496692e-05,5.6811368497488825e-05,2.50494700105092e-05,0.6251033780774858,True,1136.0
3143,0.07766364407807413,2.9319069066965426e-05,3.750785155847997e-05,2.5053886665054277e-05,0.4304345060118328,True,1137.0
2569,-0.04508085076115666,2.92993700871264e-05,3.2981273504350566e-06,3.7952990511936236e-06,0.03422609580762135,True,1138.0
3677,0.05905028953579035,2.9260505034082884e-05,3.235932286036202e-06,2.842811594274e-06,0.02010305999109358,True,1139.0
2102,-0.06422865713960527,2.9227766771782854e-05,7.893506070296202e-06,6.375463877811039e-06,0.09358101660410968,True,1140.0
816,-0.03298839279763637,2.9166127381958614e-05,2.9684899220781277e-05,4.668153260787219e-05,0.41612061835994657,True,1141.0
867,-0.048542122970349,2.9124415167859826e-05,7.975544464228474e-06,8.523388000031114e-06,0.09389910299637381,True,1142.0
478,-0.057886867325290955,2.909009612680834e-05,0.00011757635124177979,0.0001053684558041636,0.9114447483936637,True,1143.0
954,-0.045250361787495356,2.9085505382859263e-05,1.253646994898764e-05,1.4372221189053248e-05,0.14568356765697563,True,1144.0
2233,-0.0619912495915365,2.9038047927124446e-05,8.534532874875305e-05,7.14200334316036e-05,0.8553343087982697,True,1145.0
1955,-0.021412513552488226,2.9005797540705336e-05,3.832301791779046e-05,9.284590111900305e-05,0.5047394872447357,True,1146.0
3303,0.05885188431830574,2.8977639548874617e-05,2.6749155728725235e-05,2.3578728990142838e-05,0.36649914116674087,True,1147.0
2919,0.018958682289580916,2.8956876800461546e-05,3.418692481306363e-05,9.354542930029841e-05,0.7828742286404987,True,1148.0
2722,0.05036886443468299,2.892626395273671e-05,5.141481494318453e-05,5.295375984010588e-05,0.7101596793689166,True,1149.0
2893,-0.021744922308165833,2.891322083871351e-05,6.889112086663023e-06,1.6435240923802746e-05,0.11272981741841084,True,1150.0
3037,0.010007857488378737,2.8882058879730846e-05,8.741622335138468e-06,4.531287432474144e-05,0.14428398753101343,True,1151.0
2793,0.11650680040438142,2.8865238262689813e-05,1.843636771738593e-05,8.209085337596082e-06,0.11909154526369362,True,1152.0
2970,-0.0518612722756465,2.8813499007727883e-05,7.309423690515224e-06,7.311570197320248e-06,0.06902474712131815,True,1153.0
4089,0.011971852429237836,2.8750714601268334e-05,2.9026235327260733e-05,0.00012577665521429558,0.6252942299128443,True,1154.0
2394,0.01771114677184169,2.873564742772516e-05,1.541189362236408e-06,4.514191772914213e-06,0.01806730708060309,True,1155.0
2554,-0.01780553175174665,2.867294018641989e-05,1.2816485923303073e-06,3.7340893101014796e-06,0.0080157770850563,True,1156.0
1571,0.0003110461453196583,2.8610663230818856e-05,8.279643145625543e-05,0.013808848967941023,0.9979006298110566,True,1157.0
2551,-0.047007317306887494,2.856104557013037e-05,1.1495786226397559e-06,1.268656054919131e-06,0.0019085183535848336,True,1158.0
1497,-0.042060039580609984,2.851460057461685e-05,2.9744298612095166e-06,3.668636982021135e-06,0.026719256950187672,True,1159.0
1351,-0.00846128101622271,2.8439347140699432e-05,0.00030124441627278,0.0018469433335231234,1.0,True,1160.0
277,-0.09615643786284742,2.8421126130346325e-05,5.2090236235611e-05,2.8102738670300012e-05,0.5042941662955659,True,1161.0
2830,0.016033370479418173,2.8417065596839595e-05,1.4581535330598746e-06,4.7179041228000435e-06,0.02277498568611235,True,1162.0
4095,0.04553247013938484,2.83987171175573e-05,7.676035445321288e-05,8.745536250975536e-05,0.87626439340925,True,1163.0
3734,0.08152381234315836,2.8386750974902858e-05,8.520391316741129e-05,5.421828108331558e-05,0.766906291748839,True,1164.0
3063,-0.03286679457015172,2.8381912292585512e-05,6.506208108715726e-05,0.00010269310483029512,0.8279152617851009,True,1165.0
569,0.0429317480616833,2.8360826830736412e-05,4.900350861282677e-05,5.921330315619654e-05,0.6472421909790699,True,1166.0
1302,-0.050463193959967005,2.830590332446908e-05,7.297939849816939e-05,7.502331136253741e-05,0.8078758190724601,True,1167.0
1941,0.06928178657024936,2.8270173403256267e-05,0.00015890178997054493,0.000118981761798017,0.9660919905846428,True,1168.0
1345,-0.019909752001718777,2.8266443014985038e-05,2.7839159509126975e-05,7.253722769021618e-05,0.3362809339016477,True,1169.0
1629,-0.07016443862822533,2.826598436716583e-05,5.908915817887729e-05,4.368792643263881e-05,0.607290540110694,True,1170.0
2057,-0.05766494153541195,2.824071103407491e-05,5.887842004839312e-05,5.296817086083704e-05,0.6716712259049558,True,1171.0
2496,-0.04057305868466966,2.8201015756109257e-05,3.850742468792594e-05,4.923539311419563e-05,0.5895413194223551,True,1172.0
267,-0.07621495803003492,2.8179651752325522e-05,1.5442598992498447e-05,1.051116524059489e-05,0.2360837203384439,True,1173.0
3805,0.00994646141401675,2.8152765295076463e-05,2.3088831629058003e-05,0.00012042150173152368,0.6839493606463516,True,1174.0
1192,-0.027531263130895645,2.8063885260212733e-05,0.00020701956920632852,0.00039008203316995375,0.9998727654430943,True,1175.0
1647,-0.020852841927718746,2.8040802905395496e-05,6.925992854649394e-05,0.0001723008707801217,0.8687575545518162,True,1176.0
2277,-0.058646598289247176,2.7978784199882262e-05,3.341471249998103e-05,2.955735627813259e-05,0.5646669635472994,True,1177.0
3564,0.04045347891144112,2.7978586773581925e-05,8.410367731140323e-05,0.00010785239495870133,0.9468795724918888,True,1178.0
1761,-0.06008862432818951,2.793917732697409e-05,1.8184071004905708e-05,1.569891150887024e-05,0.17889178700935174,True,1179.0
1116,-0.0405198304424335,2.791251035871931e-05,8.309482401450417e-05,0.00010638417678107078,0.8905146637826834,True,1180.0
3003,0.04119924272599549,2.7860981740062706e-05,4.648614565859044e-05,5.8533566859165744e-05,0.6095807621349959,True,1181.0
3614,-0.008692303709058692,2.7754196240604074e-05,0.00026845441694135,0.0016021617014224223,1.0,True,1182.0
2409,0.018621997293026937,2.7702261535804773e-05,3.85746898615096e-05,0.00010746000789329472,0.6507411412939754,True,1183.0
3800,-0.03554055847438232,2.769720451343686e-05,5.309335818623416e-06,7.749731070204298e-06,0.09288122654112857,True,1184.0
3692,-0.12035798529215713,2.76175456941563e-05,1.180344066265525e-05,5.087499693212129e-06,0.0970799669190152,True,1185.0
3129,-0.014832362283351108,2.7608345122999515e-05,7.069759847961857e-06,2.4726635174471976e-05,0.12640753228576881,True,1186.0
861,0.1280106679050348,2.759429578294911e-05,8.728389172343976e-05,3.53719190630616e-05,0.6899293848209174,True,1187.0
1243,-0.0165110781813269,2.7537595552886782e-05,2.246320027879168e-06,7.057759896682353e-06,0.050194032699281126,True,1188.0
1745,-0.045310581726604404,2.7463011935670254e-05,4.2367021961288646e-05,4.850639334431961e-05,0.6476238946497869,True,1189.0
1882,-0.06431064071084473,2.736034585234684e-05,1.4770596265098418e-05,1.1914775818606645e-05,0.1671225904955786,True,1190.0
3599,0.007989157396627134,2.735812775096455e-05,0.0001977211521815372,0.0012838752873613275,0.9997455308861887,True,1191.0
2969,-0.06337056340918054,2.7257322553225008e-05,1.0579492254405828e-05,8.660599206705072e-06,0.13785864240727783,True,1192.0
312,0.038494759715951475,2.7219693827671336e-05,0.0001339015486695137,0.00018044907955836194,0.9817418410840384,True,1193.0
790,0.05744296809423375,2.719506789499438e-05,8.960581699417882e-05,8.09226350854985e-05,0.8867612443539665,True,1194.0
651,-0.050060508335796006,2.7189941012812984e-05,1.599911430299759e-05,1.6579497749294244e-05,0.20090336535403017,True,1195.0
3073,0.04553649849682228,2.716447930394061e-05,5.259631831641397e-05,5.991925384861232e-05,0.8547617532921942,True,1196.0
711,0.06844311205075242,2.710215334196499e-05,5.8604926449442326e-05,4.4419642731003344e-05,0.6238310325084293,True,1197.0
1378,0.05088966721866002,2.7071093558949466e-05,3.354513258045334e-05,3.419562816603269e-05,0.4549271582161715,True,1198.0
1258,-0.022417155833640127,2.706187230871517e-05,1.5547167877107385e-06,3.5978368156806083e-06,0.013932183981169285,True,1199.0
190,0.09350276717440156,2.704731789832551e-05,2.997203963297964e-05,1.6628861596516542e-05,0.3433424518099116,True,1200.0
3541,0.02007931858796667,2.7034948805374812e-05,7.913809879666066e-05,0.00020445951505917274,0.9430625357847191,True,1201.0
3164,0.05932284206902877,2.69598885355931e-05,2.6956816927567555e-05,2.357313504758057e-05,0.31032508429289396,True,1202.0
2359,-0.06404641395067699,2.6937213111841077e-05,2.5712713715145897e-05,2.0826859185717113e-05,0.3731789554042878,True,1203.0
1418,0.052640352372864935,2.693119673164549e-05,7.920790620295301e-05,7.805854102498735e-05,0.8734652331573255,True,1204.0
3401,-0.022846107541429544,2.6891197516285215e-05,0.0001391937396642871,0.00031606628403730056,0.9979006298110566,True,1205.0
2656,-0.10234432424943021,2.6865825688092122e-05,2.4714606226552506e-05,1.2527390541354922e-05,0.23563839938927414,True,1206.0
2555,-0.05562204363149108,2.683141129217189e-05,3.884154447272975e-05,3.622598754591374e-05,0.4468477638526624,True,1207.0
855,-0.07553495595464593,2.681690825919121e-05,7.360343265259677e-05,5.054995496608495e-05,0.6630828933138241,True,1208.0
3550,-0.018249256518777086,2.677302224836624e-05,1.8869913666433017e-06,5.3640821653165095e-06,0.04058782365290413,True,1209.0
597,0.05175217407627989,2.6750097035687157e-05,1.2823891696871273e-05,1.2854699445003605e-05,0.17870093517399327,True,1210.0
575,-0.1360109053997254,2.6726496191000168e-05,2.3790887440586668e-05,9.074184283095338e-06,0.20841020421146383,True,1211.0
125,0.047501817470288664,2.6718683601275386e-05,5.384124971383161e-05,5.879976488677049e-05,0.5999109358101661,True,1212.0
3995,0.08033050758678573,2.6686849540590685e-05,0.0001461474688956556,9.438032562643185e-05,0.984859087728227,True,1213.0
1508,-0.09123175794412311,2.6631583892206032e-05,5.261379164240667e-05,2.9917427103736213e-05,0.6555124371779375,True,1214.0
197,0.011479364589211618,2.657927113836016e-05,1.735573671593274e-06,7.843246928999147e-06,0.026337553279470703,True,1215.0
2627,0.05473376450220527,2.6550995280494778e-05,1.990700098824236e-06,1.886779734871581e-06,0.015013677714867358,True,1216.0
135,0.01843195640661585,2.6482915204245398e-05,4.653789725837202e-05,0.0001309803076439867,0.8097207201475921,True,1217.0
2703,0.020434442597147343,2.647606004377921e-05,2.3663777921935592e-05,6.007474963273336e-05,0.4122399643743241,True,1218.0
3568,-0.0594163258764809,2.6466425244283495e-05,4.175401649769666e-05,3.645550761974077e-05,0.5251606336280934,True,1219.0
4023,-0.06104956938445494,2.6460820351708463e-05,1.0799350377141997e-06,9.176682607010745e-07,0.0013359628475093836,True,1220.0
2274,0.05546814612784165,2.643397882914941e-05,3.366360536732674e-05,3.148383736214551e-05,0.49621477193205676,True,1221.0
361,-0.11021064577877243,2.6425848193805965e-05,1.8026022559205757e-06,8.484906234777122e-07,0.015395381385584325,True,1222.0
323,-0.02894091892238689,2.6412175232304074e-05,2.58772774965015e-06,4.638493482653681e-06,0.020548380940263376,True,1223.0
34,0.021311297890729823,2.6311068753781252e-05,1.8781516502113858e-06,4.571844397041659e-06,0.04033335453909282,True,1224.0
2905,-0.03846688367495881,2.6289279594222203e-05,2.511314206871137e-06,3.3867624317801844e-06,0.020866467332527516,True,1225.0
2596,-0.010286363274641493,2.6276508073441585e-05,7.318990654217918e-06,3.6911357613967206e-05,0.11832813792225969,True,1226.0
2820,-0.04520639633510052,2.6245746957204796e-05,3.0068754968496083e-05,3.4505334509941843e-05,0.4646606018194542,True,1227.0
2897,-0.0031466551742443927,2.6202215250627676e-05,0.00013102780811809174,0.0021601554586313243,1.0,True,1228.0
1830,-0.11043382477548151,2.618142299988686e-05,2.2508199449313295e-05,1.0573270067621238e-05,0.25834976779693364,True,1229.0
2784,-0.09602191881967563,2.6175282565884458e-05,8.377456193981528e-05,4.5259783226539257e-05,0.82047204020612,True,1230.0
3660,-0.1362858943808321,2.6157819447489384e-05,5.395892869292816e-05,2.0539179681506908e-05,0.595457726318468,True,1231.0
3387,0.0931519757772295,2.6145126619991233e-05,1.232246803140014e-05,6.862404498168107e-06,0.11222087919078821,True,1232.0
1562,0.059901012257517074,2.6144825496980125e-05,5.967871498012575e-06,5.168398430818151e-06,0.04319613206947007,True,1233.0
3144,0.06516186769007051,2.6002290140644057e-05,1.1576672680662202e-05,9.216391501122558e-06,0.12812519880399517,True,1234.0
3745,0.06135636066824515,2.5981431657814247e-05,4.611221338931778e-05,3.898765025300707e-05,0.5281506457153763,True,1235.0
1383,0.03724568351983573,2.5976195168131527e-05,3.096648067560464e-05,4.3130707914770385e-05,0.5282142629938291,True,1236.0
1297,-0.05193046735995858,2.5968372805695856e-05,4.9263440395596997e-05,4.921224657846081e-05,0.6170239837139767,True,1237.0
561,0.021252139992407933,2.5966076143801e-05,4.4425023337628605e-05,0.00010844154109883307,0.8253069533685349,True,1238.0
1696,-0.015314112630927868,2.5964302006129168e-05,8.70115511930779e-06,2.9475131984852102e-05,0.10490489216871303,True,1239.0
1356,-0.048045547794560106,2.5902003596414525e-05,4.389083909921118e-05,4.73905139440458e-05,0.6764425217889178,True,1240.0
949,-0.01825253417273375,2.587568659548166e-05,0.000126967437928424,0.0003608609350592114,1.0,True,1241.0
1870,-0.08546731014730878,2.5839863168466876e-05,4.689840173238733e-06,2.846614720290478e-06,0.08880972072014759,True,1242.0
1724,0.032749123639029286,2.5839516874967673e-05,1.7019868731173323e-05,2.6960454397429246e-05,0.24435396653731153,True,1243.0
2927,0.018806837453944257,2.571425778956843e-05,4.312983681164163e-05,0.00011896870334986655,0.8216807684967237,True,1244.0
2428,-0.045520705907747434,2.562701106561089e-05,3.7619204548378364e-05,4.287175915695124e-05,0.7407595903047267,True,1245.0
2396,-0.0565798238128718,2.5606082582582183e-05,4.044819222862043e-05,3.7085847639764824e-05,0.6129524778929958,True,1246.0
1073,0.040570280590570225,2.5561601549191327e-05,1.943070728904766e-06,2.4845702594205867e-06,0.018576245308225714,True,1247.0
589,0.02805939574806046,2.5538673325977905e-05,3.7125691517924657e-06,6.8638363702065e-06,0.05776448883516763,True,1248.0
3030,-0.008967650112564396,2.5536330104643443e-05,1.5066602677060783e-05,8.715802180444464e-05,0.2904128761371588,True,1249.0
3905,-0.06847409613690252,2.5499470175000195e-05,4.108212765943137e-05,3.112413596227653e-05,0.46097079966919013,True,1250.0
2439,-0.07580581500469827,2.549840929414735e-05,9.244449816008759e-05,6.326291979350927e-05,0.8078758190724601,True,1251.0
1539,-0.016510561349957743,2.5459548755158042e-05,4.985398143066923e-06,1.5664217060990117e-05,0.066861759653922,True,1252.0
3765,-0.06213300801130845,2.5411573149246533e-05,3.056306701073943e-06,2.55179180588778e-06,0.041287613715885234,True,1253.0
2991,0.029326955315721555,2.530855250353821e-05,8.894132210516879e-05,0.00015732845858702066,0.9204784019339652,True,1254.0
3698,0.04616978514875435,2.5248396363432675e-05,2.2638900210253694e-05,2.5437132714721236e-05,0.35931038870157134,True,1255.0
1530,0.027381219429268685,2.524191953342686e-05,7.206227567928054e-05,0.0001365293024551743,0.8959857497296265,True,1256.0
2733,-0.02093558674862812,2.5199407188444106e-05,0.00024484158855446274,0.0006066954469937368,0.9999363827215472,True,1257.0
3079,0.021491204122220244,2.5187156038755625e-05,3.5635276575270782e-06,8.601814427593488e-06,0.04586805776448884,True,1258.0
1894,-0.10429887793567294,2.517161537502893e-05,8.321918044845528e-05,4.139181616493692e-05,0.7373878745467269,True,1259.0
805,0.07994348392805868,2.516978963472149e-05,3.846272766838829e-05,2.4959029443310023e-05,0.46580571283160505,True,1260.0
1123,0.08105673389623207,2.515520270907607e-05,2.7284924556669774e-05,1.746241645255332e-05,0.42413639544500287,True,1261.0
4002,0.06920018997004528,2.5121861336981718e-05,3.8131472065067738e-06,2.8585577410211093e-06,0.0347986513136968,True,1262.0
2085,-0.08099193307350509,2.5114114322670688e-05,2.2048842576354007e-05,1.4122601879010828e-05,0.2617214835549335,True,1263.0
2177,0.019220317872816226,2.5016682263970592e-05,1.537100392284887e-06,4.148703060795698e-06,0.009033653540301546,True,1264.0
1640,-0.082501457733581,2.5012217521685923e-05,1.61390744242472e-05,1.0148168890502607e-05,0.22329664736942553,True,1265.0
2931,0.006780852831599403,2.499144827514926e-05,8.966766883430277e-05,0.0006859970446119942,0.9998727654430943,True,1266.0
2874,0.055523911846559706,2.4948695968078784e-05,2.997402812342179e-06,2.8005010426137612e-06,0.04090591004516827,True,1267.0
2124,-0.008981594468237092,2.4921626071505207e-05,6.198201189126316e-06,3.579999047798018e-05,0.14002162987467395,True,1268.0
22,0.13520817610555275,2.4899533614260763e-05,2.1743220403610966e-05,8.342411305583583e-06,0.22978560977161397,True,1269.0
1081,0.050128329053692515,2.4897332188610765e-05,5.971533863385203e-05,6.179784850378181e-05,0.6370634264266175,True,1270.0
726,-0.10108982330825517,2.4878446201255667e-05,6.45208983957347e-05,3.311034093949405e-05,0.6305108467459762,True,1271.0
2265,-0.02574350868265108,2.4850611362052638e-05,3.628197437613441e-05,7.311287438774282e-05,0.7136586296838221,True,1272.0
740,-0.07907608692600188,2.4844423456102636e-05,1.4709142926747172e-05,9.649679343697053e-06,0.17552007125135186,True,1273.0
772,-0.08060265153996277,2.4830682940889578e-05,3.932542284281015e-06,2.5310152186479793e-06,0.04370507029709269,True,1274.0
1454,0.05915365637676411,2.4812399590955345e-05,2.6263212967929925e-05,2.3032280737071755e-05,0.4220370252560596,True,1275.0
3736,0.033903194700465294,2.4761188946900547e-05,4.5578767456030465e-05,6.974171733345747e-05,0.7445130097334436,True,1276.0
3733,-0.03777988583428605,2.4723259919755912e-05,8.639800711728602e-05,0.00011863525499928649,0.9597938800178129,True,1277.0
1514,-0.052662182275940064,2.4717469728839837e-05,1.3706682948584286e-05,1.3502189517960294e-05,0.1446656912017304,True,1278.0
3256,-0.057901924516587634,2.4713029149240163e-05,3.325275404512017e-06,2.979238732440835e-06,0.026273936001017878,True,1279.0
1436,-0.0076283280064740324,2.4701459018360766e-05,1.2091763806868175e-05,8.223013075566827e-05,0.31458744194923344,True,1280.0
2752,0.02247686512818794,2.4694277762260645e-05,4.279062241595336e-05,9.876056100653419e-05,0.6365544881989949,True,1281.0
447,-0.06766184842468162,2.4674390893636007e-05,2.2881475738262278e-05,1.7543282510622458e-05,0.3355811438386666,True,1282.0
929,0.04422930290781555,2.455241018855193e-05,2.7733757353577723e-05,3.25288942959143e-05,0.43736878936319107,True,1283.0
735,0.0540310199813194,2.4464596364810096e-05,4.842298709222708e-05,4.649209265419649e-05,0.5979388001781284,True,1284.0
3822,-0.11927956529804191,2.4444275048170676e-05,3.809313381767777e-05,1.6567284832775437e-05,0.38723837394236277,True,1285.0
2946,-0.05345470013364473,2.4345596903906553e-05,3.172657510610109e-05,3.078987877802686e-05,0.43177046885934217,True,1286.0
3973,-0.08308077395829,2.432459007097691e-05,5.6302495041417056e-05,3.515586528592966e-05,0.6129524778929958,True,1287.0
297,0.09884551895544108,2.430125167142438e-05,1.9811458852194915e-05,1.0397529354979014e-05,0.2545963483682168,True,1288.0
3468,0.028496506669036786,2.4283196492913667e-05,2.3848214527902596e-05,4.3414512636116263e-05,0.4855906864304345,True,1289.0
1954,-0.12271962557938755,2.4262480589936454e-05,3.4610698810102024e-05,1.463076486648862e-05,0.29779248043768686,True,1290.0
612,-0.005436801500743939,2.4199787987482156e-05,0.00017925254052148643,0.0017103796740070148,1.0,True,1291.0
1457,-0.06477273383934318,2.4154039871638458e-05,6.333975649109181e-06,5.072883001990216e-06,0.0959348559068643,True,1292.0
1329,-0.08215201329031986,2.4152674777514313e-05,2.2648342054303936e-05,1.4301740335063877e-05,0.2932120363890833,True,1293.0
3138,0.02802275945240387,2.413567361227301e-05,6.849865999015335e-06,1.2680660084990093e-05,0.053438513900375344,True,1294.0
3414,-0.03790392275933941,2.4039238652158367e-05,1.3733627901382114e-06,1.8796275518515193e-06,0.012278134741395764,True,1295.0
295,-0.007626519372047711,2.401721952080633e-05,6.682237595060685e-05,0.0004545338379331761,0.981169285577963,True,1296.0
1678,-0.0334018773865902,2.4000001357760262e-05,1.529511297444886e-05,2.375486113441036e-05,0.22628665945670845,True,1297.0
781,0.027583015963259547,2.3993546691054983e-05,5.054179597768938e-05,9.505601505172749e-05,0.8718748011960048,True,1298.0
2591,0.018805619960557667,2.3966545578892662e-05,8.078510892718057e-06,2.2285087512928776e-05,0.10980342260958076,True,1299.0
3978,0.09150797125002988,2.394213186213671e-05,3.2260088890227086e-06,1.8288467586633335e-06,0.027737133405432917,True,1300.0
1330,-0.07155212065215837,2.389582124627605e-05,4.743928383507143e-06,3.4394286021792426e-06,0.05757363699980915,True,1301.0
3623,-0.01991032067504341,2.382755506379987e-05,1.072768601917904e-05,2.795107293392551e-05,0.19466887206565303,True,1302.0
630,-0.04633595687588086,2.3825963583642896e-05,5.2532900435902555e-05,5.8814434809283945e-05,0.6832495705833704,True,1303.0
1189,0.016505755963145588,2.377629185266338e-05,2.1795237396793533e-06,6.8500993176332145e-06,0.06361727845282779,True,1304.0
557,0.03640045041402739,2.3770889781344414e-05,1.3405398048658126e-06,1.9104850376654054e-06,0.008524715312678923,True,1305.0
333,0.04185298794020357,2.369845293920123e-05,1.2083919331460516e-06,1.4977938167063936e-06,0.0030536293657357338,True,1306.0
1018,-0.04696223940768115,2.3649459454650202e-05,2.9703849312633826e-05,3.28121447779635e-05,0.4745212799796425,True,1307.0
2913,0.016473499800692397,2.3636039988029657e-05,1.6555914664906715e-05,5.213603367627766e-05,0.2396462879318023,True,1308.0
2259,0.09855978674877174,2.363570732991671e-05,5.3918819543260086e-05,2.8379929001767106e-05,0.5833704434124308,True,1309.0
2207,-0.0014094242106299595,2.3627515930726763e-05,0.00015310903272128888,0.005635465166313264,1.0,True,1310.0
813,0.019930210229550972,2.3613660500120925e-05,3.236015512385857e-06,8.423050399165737e-06,0.038679305299319296,True,1311.0
2086,-0.12410380264527478,2.3581103765072127e-05,5.524414181582748e-05,2.3092546503884212e-05,0.58222533240028,True,1312.0
1999,0.05219445382390777,2.3560031766817043e-05,9.670188627812672e-07,9.611280950859526e-07,0.002417456581207456,True,1313.0
2679,0.034717931337683014,2.355059474882726e-05,1.74117625767586e-05,2.601714161791776e-05,0.311406578026592,True,1314.0
343,-0.015486814301993123,2.3501387983269892e-05,3.465501815728736e-05,0.00011608463070597227,0.8383484954513646,True,1315.0
1951,-0.058509360963884496,2.3343819808532806e-05,2.1752456526326902e-05,1.928650964732754e-05,0.3003371715758,True,1316.0
316,0.07172152200153771,2.3342978328202275e-05,3.089106555225695e-05,2.234364775677514e-05,0.4143393345632674,True,1317.0
2405,0.024730783392371242,2.333248436274788e-05,3.583226634649775e-05,7.516351615796045e-05,0.7243463324638972,True,1318.0
2754,-0.0926091522224209,2.329998240224401e-05,4.172328681844808e-05,2.33719683262121e-05,0.4481201094217189,True,1319.0
395,0.054089489328246254,2.328278709610461e-05,3.326226353172613e-05,3.1901389759040674e-05,0.48177364972326486,True,1320.0
157,-0.07008714307740388,2.315323255850756e-05,4.94593634801681e-05,3.6608408565173303e-05,0.6175965392200522,True,1321.0
219,0.02666710447714415,2.3149101409635214e-05,4.092866352599292e-06,7.96200388929403e-06,0.05464724219097907,True,1322.0
7,0.023776924980553893,2.3119132552372707e-05,2.7153181494155338e-06,5.924281947664131e-06,0.023792862141357594,True,1323.0
3763,-0.04015709479115593,2.3101073629179625e-05,3.0861762023829356e-06,3.986842842982279e-06,0.04663146510592277,True,1324.0
4055,-0.09762731209922258,2.3089388224061553e-05,5.705163304473057e-05,3.031568822927685e-05,0.6352185253514855,True,1325.0
962,0.018222996511634573,2.3071569434357573e-05,1.5358885993677022e-05,4.372306605000242e-05,0.3831668681213818,True,1326.0
3318,0.044192240954554436,2.3070926739181605e-05,3.391265245596481e-05,3.9809472098776844e-05,0.6101533176410713,True,1327.0
775,-0.0457841655595355,2.301218976748651e-05,3.0569523468079835e-05,3.4637301482413464e-05,0.46847763852662383,True,1328.0
3418,-0.020082016454915544,2.2987318473012168e-05,6.213259239259681e-06,1.6050288382721983e-05,0.08550162224060055,True,1329.0
3911,-0.053016757889709,2.2983297093057624e-05,4.696250128255268e-06,4.595245709291926e-06,0.05636490870920542,True,1330.0
820,0.020715736458092708,2.2972199002359286e-05,3.568450439822463e-05,8.936140251880323e-05,0.6880844837457853,True,1331.0
953,-0.007300952158928386,2.2962785483389298e-05,7.446389362912572e-05,0.000529098978237536,0.9994910617723773,True,1332.0
3394,-0.06604595400950446,2.2939960870146692e-05,1.2995720242287974e-05,1.0207627664225759e-05,0.16190597366244672,True,1333.0
79,0.07471950114686082,2.292262648249347e-05,3.7238758954043056e-05,2.5854248543436175e-05,0.4803740695973026,True,1334.0
1782,-0.053898497265291286,2.2916800386020257e-05,2.2634403181273615e-05,2.178527643037372e-05,0.4164387047522107,True,1335.0
837,0.08895696799988992,2.2913800442411194e-05,5.9269368978759464e-05,3.4563762772391786e-05,0.7245371842992557,True,1336.0
3990,-0.11508717192909085,2.2872258124807143e-05,5.1692424714293214e-05,2.3300791300996906e-05,0.5875691837903174,True,1337.0
658,0.049545261941451736,2.283635583838631e-05,1.2663500557006e-06,1.3259352889544695e-06,0.009351739932565686,True,1338.0
1987,-0.031150389159769806,2.2793707526249462e-05,2.2258849298548316e-06,3.7068918607466686e-06,0.03912462624848909,True,1339.0
43,-0.09534712963587524,2.277474144917695e-05,9.110979839801665e-06,4.957105324182665e-06,0.07824925249697819,True,1340.0
3892,0.028402478591382844,2.2759170415151527e-05,4.368291182592266e-05,7.978587698978011e-05,0.8595966664546091,True,1341.0
3743,-0.016059642461156726,2.271909291015704e-05,4.347075684517149e-06,1.4042098448120431e-05,0.08429289394999682,True,1342.0
712,0.03549869220939883,2.2699163881433608e-05,8.976312935038929e-06,1.3117658342488743e-05,0.16330555378840894,True,1343.0
94,0.08454596572217242,2.2693380814880072e-05,0.00010793549611041257,6.622806816371864e-05,0.9172975380113239,True,1344.0
3475,-0.028035409295667422,2.267878596700115e-05,3.3032333226241912e-06,6.112277095374126e-06,0.03702525605954577,True,1345.0
1709,-0.054995032851415895,2.2605752615098157e-05,2.893139347594701e-05,2.7290819078760124e-05,0.4407405051211909,True,1346.0
1783,-0.06775036861539306,2.2602592028587553e-05,4.247152160214047e-05,3.25204721501488e-05,0.6116165150454863,True,1347.0
163,0.06656963889171284,2.251308934136269e-05,2.269323378728016e-05,1.768442202415724e-05,0.26871938418474456,True,1348.0
3442,0.06757474011828142,2.2470318705039207e-05,8.15133023963274e-06,6.257700714975043e-06,0.12704370507029708,True,1349.0
3956,-0.05950105292042575,2.2439461440485208e-05,4.478984864870292e-05,3.9050412713118815e-05,0.7193841847445767,True,1350.0
2672,-0.018423054936004546,2.2437275161533612e-05,1.875575761209415e-05,5.281334180591351e-05,0.4368598511355684,True,1351.0
1486,-0.08347423945660276,2.238484677032456e-05,1.9878855407027558e-05,1.2354056642775918e-05,0.20064889624021884,True,1352.0
3434,-0.036063618364907096,2.2376326589883694e-05,2.7542388778835844e-05,3.9618952606502475e-05,0.42566321012787073,True,1353.0
1352,-0.008860058787763567,2.2345600359454008e-05,0.00016191185173770021,0.0009480095677868182,0.9986640371524906,True,1354.0
2332,0.05763717217579048,2.23379711513617e-05,4.71838422084343e-05,4.246795241191315e-05,0.6871938418474458,True,1355.0
2601,-0.093568568525852,2.233111664016006e-05,3.5323587737636866e-05,1.9584185150066852e-05,0.46491507093326545,True,1356.0
828,-0.06625698563173732,2.2286627726810598e-05,3.631204248082335e-05,2.8430839808767518e-05,0.6208410204211464,True,1357.0
2228,0.10714242016422017,2.2206249101777458e-05,4.543403479637732e-05,2.1998371828629415e-05,0.44563903556205864,True,1358.0
3531,-0.05810511454780459,2.2204531565370557e-05,1.6806385309229047e-05,1.5004814774801592e-05,0.21178191996946372,True,1359.0
3254,0.06635721474529514,2.219211867537626e-05,3.12175616130351e-06,2.4405151782683493e-06,0.05203893377441313,True,1360.0
2704,-0.020803993610751057,2.2186302260622626e-05,3.4455905929637555e-05,8.591868977778521e-05,0.6751701762198613,True,1361.0
969,-0.0726402656512484,2.2158410335634774e-05,5.8544140333903265e-05,4.1809665567975115e-05,0.6466696354729945,True,1362.0
1988,-0.06060354029382388,2.2146802074803948e-05,2.268958093931468e-05,1.94222331810199e-05,0.3669444621159107,True,1363.0
4004,0.011115655472652334,2.2144018156275345e-05,8.200129766118684e-06,3.82698122780792e-05,0.14555633310007,True,1364.0
2047,0.06864132803723069,2.2104922974597362e-05,1.934716568196986e-06,1.4621851121892656e-06,0.009351739932565686,True,1365.0
567,-0.015899770198959325,2.2095942894808703e-05,6.564500411461898e-05,0.00021418128345379966,0.8942044659329473,True,1366.0
3608,0.014271105386335347,2.1999350915713453e-05,3.871849797795735e-06,1.4074454527275995e-05,0.0680068706660729,True,1367.0
998,-0.013900004326899456,2.1998701233601488e-05,5.182238101736258e-06,1.9340741123054197e-05,0.09612570774222279,True,1368.0
1032,-0.07740799565023558,2.197277937782713e-05,2.1941217985671975e-05,1.4704341965614564e-05,0.4102678287422864,True,1369.0
3603,-0.017557542661120414,2.194318155020872e-05,8.688325440402438e-05,0.00025671014495784743,0.9877854825370571,True,1370.0
1772,-0.027442573419268448,2.193945500544299e-05,8.291078608823615e-06,1.5673171372678578e-05,0.09389910299637381,True,1371.0
2899,0.058438398254793016,2.193271377790045e-05,8.946554890465028e-06,7.941969434640904e-06,0.11877345887142948,True,1372.0
1643,-0.026058519518636514,2.1925155380950485e-05,1.5417008374965739e-06,3.0691707768158715e-06,0.049112538965583055,True,1373.0
3169,-0.1155404891328408,2.1891195711141613e-05,3.819751140221508e-05,1.7150293302964835e-05,0.38291239900757046,True,1374.0
229,-0.021386610194850317,2.186271336843736e-05,3.49127608673023e-06,8.468625428581696e-06,0.04427762580316814,True,1375.0
1292,-0.03020076235277308,2.176375888462859e-05,0.00016527138449704833,0.00028389022799306764,0.9998727654430943,True,1376.0
3253,-0.08395140504209232,2.1760189967289053e-05,4.241670085451985e-06,2.621075925997729e-06,0.05350213117882817,True,1377.0
1485,-0.04554056369683818,2.174239474184719e-05,4.107187046153133e-05,4.6786091289849556e-05,0.5448183726700172,True,1378.0
2132,0.029146855857735632,2.1690472065692347e-05,0.0002282375380230162,0.00040622443661072886,0.9999363827215472,True,1379.0
3882,0.028137284563275963,2.1670634733962446e-05,7.726308405037843e-05,0.0001424493726801618,0.9111902792798524,True,1380.0
1922,-0.0746201415033491,2.1669070211594977e-05,2.590824708862131e-06,1.8011614626628702e-06,0.07271454927158216,True,1381.0
621,-0.053687550230915274,2.1548689176502007e-05,4.1304017207452175e-05,3.991070410973565e-05,0.7130224568992939,True,1382.0
3894,-0.02962192578044594,2.1544755954643053e-05,1.6389240271751625e-06,2.870226811671158e-06,0.04186016922196068,True,1383.0
2516,0.07954938446963011,2.1501249459434635e-05,2.7223099457349786e-05,1.775298681575437e-05,0.37534194287168393,True,1384.0
345,-0.15772603603110164,2.144855786094015e-05,1.5809337536118935e-05,5.1997320866663414e-06,0.12284496469241046,True,1385.0
3741,-0.03674234155086557,2.1391071045695222e-05,3.5078706349005536e-05,4.952761592149626e-05,0.6180418601692219,True,1386.0
3806,0.14187821651169574,2.136976848785744e-05,4.4665233301480856e-05,1.633144341722271e-05,0.40893186589477704,True,1387.0
1893,0.009789772967184156,2.1329799553359578e-05,0.0001480710640848816,0.000784636056344135,0.9999363827215472,True,1388.0
3517,0.01510301951796415,2.1295408628289007e-05,0.00021334555276027856,0.0007328084945674545,1.0,True,1389.0
2642,-0.029532682210717084,2.1291961325087093e-05,2.1222986758746766e-05,3.727986192963584e-05,0.4238183090527387,True,1390.0
1774,-0.04913722529338858,2.1274907352459135e-05,2.0330819193046734e-05,2.1464211225106433e-05,0.34951332781983585,True,1391.0
3852,-0.021952126283117136,2.1256513333373074e-05,0.00010122254772432792,0.00023920560735917444,0.9937018894331701,True,1392.0
3799,0.0707823112022251,2.1208987798113746e-05,7.060794733478823e-05,5.1748710370595544e-05,0.8538711113938545,True,1393.0
1697,-0.04900734955424573,2.1189340833828493e-05,9.83226854566701e-07,1.0407902153489217e-06,0.007506838857433679,True,1394.0
869,0.07606098526562613,2.1173250568461723e-05,3.342745789069106e-06,2.2798805200414077e-06,0.06279025383294103,True,1395.0
2776,-0.06090414439429886,2.11713429425773e-05,6.796248839883521e-06,5.788860841939042e-06,0.11362045931675042,True,1396.0
2575,0.04065804708710458,2.1101995441834048e-05,4.584547001268977e-05,5.849524971335102e-05,0.7029709269037471,True,1397.0
2683,0.03199596764811418,2.109171206939677e-05,1.0880841529569756e-06,1.7641597956226447e-06,0.006934283351358229,True,1398.0
2702,0.08776549604317409,2.1062633580904175e-05,2.2282526696276302e-05,1.3170774313821328e-05,0.2900311724664419,True,1399.0
2812,0.011195798622427835,2.1060001587887823e-05,2.5280424007048946e-05,0.00011713858126772363,0.6742159170430689,True,1400.0
84,-0.10222896036060292,2.1040980557982953e-05,1.711232843561973e-05,8.683720712192633e-06,0.21502640117055793,True,1401.0
3722,0.019592504837152323,2.10227523208416e-05,8.402606912096263e-05,0.0002224819429569421,0.9984731853171321,True,1402.0
1295,0.1492828327356946,2.1021263084115742e-05,9.000347796162902e-06,3.127664125694237e-06,0.08569247407595904,True,1403.0
2163,-0.08474307510449773,2.1009460818474865e-05,1.6362331543735185e-05,1.001639985513855e-05,0.23754691774285897,True,1404.0
2145,-0.009744023902571843,2.0912895812998036e-05,6.122731726953751e-05,0.00032596995646749023,0.990012087282906,True,1405.0
3755,-0.061136152088859884,2.090879927361036e-05,2.1279301262138243e-05,1.8056349262400178e-05,0.2964565175901775,True,1406.0
550,-0.01702801908685112,2.089859319943069e-05,4.171438966742473e-05,0.0001270844605205932,0.7648069215598957,True,1407.0
692,-0.02560318689101681,2.0871419179358756e-05,8.341081032350523e-06,1.690047839645609e-05,0.08187543736878937,True,1408.0
1416,-0.036672005540966036,2.0849690614920465e-05,5.0040714313204624e-05,7.078798059466405e-05,0.8700299001208728,True,1409.0
3040,-0.06649498511829405,2.0798540661653407e-05,2.3505325449102674e-06,1.8337834961743083e-06,0.016794961511546535,True,1410.0
682,0.03590783662976683,2.0731480119841343e-05,1.5288047176688877e-06,2.208683353031366e-06,0.010178764552452447,True,1411.0
341,-0.06826271258941712,2.0698613828002303e-05,7.116639314267816e-05,5.4083164831814624e-05,0.7957885361664228,True,1412.0
2799,-0.014201126095005267,2.0678159809236242e-05,1.5868410188881675e-05,5.7967065959147096e-05,0.3400343533303645,True,1413.0
4078,-0.031296877670852916,2.0676659616264116e-05,5.829835783010122e-06,9.663311813088244e-06,0.06641643870475221,True,1414.0
3245,-0.03473450766113428,2.061406083308226e-05,1.461428797248216e-05,2.1826655692403775e-05,0.29314841911063044,True,1415.0
2224,0.04706399526398291,2.0586945556015257e-05,3.324084659787284e-06,3.6639873764296565e-06,0.10261467014441122,True,1416.0
2530,0.1283229756859156,2.0508057359051185e-05,3.751194413226582e-05,1.5164770258308427e-05,0.39639926203956993,True,1417.0
3920,0.00756133903974191,2.0448968668636752e-05,1.662254881255926e-05,0.00011404325111429611,0.5095107831286978,True,1418.0
4053,-0.029576330626154217,2.0443310119498306e-05,6.791590549754641e-05,0.00011912362126732866,0.9286214135759272,True,1419.0
1038,-0.04831757073020766,2.0439268656662352e-05,9.89878718802985e-06,1.0627902969582896e-05,0.17660156498504995,True,1420.0
2056,0.026457915045293302,2.0429350543486508e-05,2.1384065396550246e-05,4.192811525798254e-05,0.5273872383739424,True,1421.0
2399,0.036420773640323714,2.0414591271163962e-05,8.300262146894342e-05,0.00011822608992082276,0.9673643361536993,True,1422.0
3308,-0.06705995624703606,2.040186360635622e-05,1.147605114573801e-05,8.877688320050264e-06,0.15579871493097525,True,1423.0
3861,0.027939471773562933,2.038565480908256e-05,6.3447971886611645e-06,1.178067669897027e-05,0.13079712449901393,True,1424.0
2520,-0.024395755309896624,2.0367501042085053e-05,1.1085044273295335e-05,2.357185970299936e-05,0.22450537566002926,True,1425.0
1400,-0.06968202725603932,2.0330357174363423e-05,2.1057554017345348e-05,1.567681490195166e-05,0.2813156053184045,True,1426.0
2682,0.054244604126845515,2.02781260359956e-05,6.202910829939352e-06,5.932116591331441e-06,0.08728290603727973,True,1427.0
1507,-0.04743915130019819,2.0264238810132576e-05,1.2393620411906965e-05,1.3552891579544954e-05,0.307716775876328,True,1428.0
3147,-0.0436571821188718,2.017742007273493e-05,2.361033985593029e-05,2.805544892097262e-05,0.44659329473885107,True,1429.0
1293,-0.009374642624731606,2.0171354118379426e-05,0.00011690668848698949,0.0006469270672956233,1.0,True,1430.0
3735,0.00884148098229683,2.0170594554963424e-05,8.658232636795157e-06,5.080131073929077e-05,0.1687130224568993,True,1431.0
399,0.04522694672442731,2.0131129343128246e-05,1.9287045863369987e-05,2.2122750836474378e-05,0.4486290476493416,True,1432.0
2161,0.06783914511298032,2.0100383379643387e-05,5.015578878432751e-05,3.835406347324186e-05,0.7952795979388002,True,1433.0
3051,0.021528125751895163,2.0060579382459745e-05,9.819881538236304e-06,2.3663049455279322e-05,0.2079012659838412,True,1434.0
1975,-0.06763502781492169,2.0031156072606043e-05,4.0990764202599766e-05,3.144018018778632e-05,0.5801259622113366,True,1435.0
1966,-0.03170656719834772,2.0016950481418553e-05,5.1466300963046746e-05,8.420626706775754e-05,0.7356065907500478,True,1436.0
501,-0.07506957703990623,1.999942766308569e-05,1.966885454448992e-05,1.3592075678670377e-05,0.2944843819581398,True,1437.0
3536,-0.04976118819622424,1.996542015163508e-05,5.096724162159264e-05,5.313382393423099e-05,0.6903110884916344,True,1438.0
222,0.022384585264181505,1.9942837248615974e-05,4.111109224512282e-06,9.527537071948265e-06,0.04637699599211146,True,1439.0
199,-0.013160155613721893,1.993423035825215e-05,2.6537369849170665e-05,0.00010460863539173876,0.7551370952350659,True,1440.0
2518,-0.009379446240927986,1.9921354094369048e-05,1.0703482734612402e-06,5.919957632068058e-06,0.04014250270373433,True,1441.0
2934,-0.018112489124543527,1.9871106593551907e-05,0.000111561304226142,0.00031952594604863524,0.9965010496850945,True,1442.0
1813,-0.008716553029085809,1.986776505579539e-05,0.00011877605275529841,0.000706894814822105,1.0,True,1443.0
885,0.03732660894918403,1.980086255847991e-05,4.061806702431456e-05,5.6450968756835666e-05,0.7706597111775558,True,1444.0
1435,-0.05248461477635814,1.9799238103844412e-05,3.2292067666611335e-06,3.1917915761033465e-06,0.04001526814682868,True,1445.0
2063,-0.04210141939527576,1.9798540999927317e-05,4.778657335306808e-05,5.8881631644760375e-05,0.8302054838094026,True,1446.0
910,-0.044176331526271415,1.9792162895247122e-05,7.771896093183778e-05,9.1265790834648e-05,0.8920414784655513,True,1447.0
2351,0.12457986541999067,1.977206798134425e-05,2.231057267577692e-05,9.290381429898485e-06,0.2211972771804822,True,1448.0
3538,-0.0627456536778981,1.973286089514141e-05,3.951595073905656e-05,3.26707776195301e-05,0.5200076340734143,True,1449.0
378,-0.06207398800673965,1.9730375828453786e-05,1.6955875708739188e-06,1.4170372301090929e-06,0.012468986576754246,True,1450.0
1300,0.005494499701081581,1.9721271412511352e-05,7.524049597770334e-06,7.103856498487004e-05,0.15439913480501305,True,1451.0
1546,0.011696165504413797,1.9699582240049203e-05,6.827903383096231e-05,0.0003028409126365887,0.9975189261403398,True,1452.0
1193,0.07622093562554978,1.9680190521558045e-05,3.086100199448075e-05,2.1004213853157256e-05,0.4347604809466251,True,1453.0
1500,-0.04172077431857055,1.9640849714463442e-05,1.952616789523195e-06,2.427925427056163e-06,0.029200330809847956,True,1454.0
3553,-0.017018795486148094,1.9636192927208995e-05,6.830307166045998e-05,0.00020820065891851558,0.8760099242954387,True,1455.0
247,0.03242750777112861,1.956790159128345e-05,4.37396893730505e-06,6.997337259617619e-06,0.05865513073350722,True,1456.0
3206,0.028666414107410654,1.9519792771855643e-05,4.002119503311474e-06,7.242481032888216e-06,0.03918824352694192,True,1457.0
971,-0.037638084688812926,1.9518914468113082e-05,5.567790970622459e-06,7.674075922335692e-06,0.13582288949678734,True,1458.0
3349,-0.06060388680601863,1.946785878171994e-05,4.8826558763550094e-05,4.179519181497222e-05,0.7119409631655957,True,1459.0
2861,-0.10230937224324464,1.946541974885721e-05,2.122477114705621e-05,1.0762131160703785e-05,0.36395445002862775,True,1460.0
1608,-0.028298902650131408,1.9454306564575687e-05,7.317447851803903e-06,1.341407484516638e-05,0.10662255868693937,True,1461.0
3678,0.012891011275895866,1.9434921564937948e-05,5.979871939348543e-06,2.4064430015300442e-05,0.0966346459698454,True,1462.0
2842,-0.014521267723769073,1.9422509402358496e-05,2.014222761677934e-06,7.195709984173506e-06,0.04383230485399835,True,1463.0
3689,-0.092202764064638,1.9390376572597682e-05,3.591906779736304e-05,2.0209324651541096e-05,0.38927412685285323,True,1464.0
2304,0.06812542625246902,1.937864529576382e-05,3.7999255210420556e-06,2.89358694352811e-06,0.08244799287486482,True,1465.0
3757,-0.06926110345674731,1.9369497839592566e-05,3.5222887304929634e-05,2.6381909799898695e-05,0.5405560150136777,True,1466.0
2698,-0.04034405249876443,1.936352825641476e-05,3.968465442206842e-06,5.102861332327485e-06,0.039251860805394743,True,1467.0
1675,-0.009426409529707793,1.9354144381378873e-05,9.103434203612125e-07,5.00990670163707e-06,0.010242381830905273,True,1468.0
3487,0.10546259389321157,1.934485192276909e-05,2.933948281206266e-06,1.4431939163040926e-06,0.036961638781092945,True,1469.0
3320,-0.048580018357310205,1.9332847394789433e-05,8.82120601393569e-06,9.419784655865148e-06,0.17093962720274827,True,1470.0
2756,-0.02704203374716845,1.932203683722864e-05,4.488061322575415e-06,8.609741574689385e-06,0.06768878427380877,True,1471.0
3944,0.02936739304875319,1.930636963880666e-05,0.000522544715026812,0.0009230574846696342,1.0,True,1472.0
400,-0.02278283014560608,1.9273760348773415e-05,2.0743576625409077e-05,4.723312194335321e-05,0.6257395508620142,True,1473.0
1631,0.09439564681740997,1.925692924469646e-05,4.119004073100174e-05,2.2636586567029758e-05,0.5406832495705833,True,1474.0
2208,0.09297646422754832,1.924906934116628e-05,3.655376558775021e-05,2.039528508321138e-05,0.47700235383930273,True,1475.0
1347,0.05815997559716558,1.924066719008967e-05,1.318023430531255e-05,1.1756271291353633e-05,0.17851008333863477,True,1476.0
480,-0.04166769620426367,1.9231772308229023e-05,1.9527227947462854e-05,2.4311502005798972e-05,0.3582288949678733,True,1477.0
1390,-0.019315338151614497,1.922097504911932e-05,1.0030825404620342e-06,2.694046203955966e-06,0.012977924804376869,True,1478.0
943,0.0488535167506566,1.9208577229068654e-05,5.495900663089535e-05,5.835979080999511e-05,0.7861187098415929,True,1479.0
1692,-0.028838817455956255,1.9199001932233142e-05,4.725019650050178e-06,8.499568047226578e-06,0.12640753228576881,True,1480.0
604,-0.09921682545846429,1.9186738158557518e-05,7.866683330885808e-06,4.113173463605689e-06,0.08588332591131752,True,1481.0
2385,-0.04442110269980768,1.913194682457317e-05,2.596362785969559e-06,3.0321223719431666e-06,0.03079076277116865,True,1482.0
3998,-0.0323941703106062,1.9069786088655127e-05,0.0001478059912188389,0.00023669869383558561,0.9998091481646415,True,1483.0
3702,-0.06435815807469529,1.904069965157896e-05,2.9915953569411137e-05,2.4114037316665244e-05,0.4193650995610408,True,1484.0
1405,-0.08739734536973963,1.902656635357295e-05,6.9234469650428875e-06,4.109555145775479e-06,0.1561804186016922,True,1485.0
2553,-0.028301642738639974,1.902429849008524e-05,6.134483694078035e-05,0.00011244419930635406,0.9694000890641898,True,1486.0
348,-0.05824421179219866,1.9021522636889675e-05,3.3493711476172444e-05,2.9831918695749828e-05,0.5289776703352631,True,1487.0
1937,0.043860976030362236,1.8989614237736568e-05,5.31705319721002e-06,6.288736499528535e-06,0.0723328456008652,True,1488.0
1641,-0.06643601406970502,1.898758642745001e-05,6.802051001609033e-05,5.311375424782979e-05,0.8095298683122336,True,1489.0
3372,-0.03415630118233668,1.8981746669021012e-05,8.723732396498078e-06,1.3249582230146177e-05,0.25376932374833006,True,1490.0
2320,0.02715925347167826,1.894690677169125e-05,1.5044885241619654e-05,2.8737020341008577e-05,0.29333927094598894,True,1491.0
287,-0.09236443726198679,1.890436375127528e-05,3.174958109280977e-05,1.7832157659063364e-05,0.47261276162605764,True,1492.0
2251,0.05010210001153622,1.8903031903073697e-05,3.526167643067573e-05,3.6510494126510855e-05,0.5470449774158661,True,1493.0
2692,-0.03536462873129443,1.8897761438013335e-05,4.460082577302752e-05,6.542511291149458e-05,0.7013168776639735,True,1494.0
17,-0.08209355424546735,1.8888449515092195e-05,3.062401497547639e-05,1.935190635855565e-05,0.37597811565621225,True,1495.0
3513,-0.05090933205819425,1.880678126662275e-05,3.536787411789212e-05,3.603978914188036e-05,0.5290412876137159,True,1496.0
1151,-0.05600401932912971,1.874830404071793e-05,5.098610322787771e-05,4.722840821456725e-05,0.7420955531522362,True,1497.0
1942,-0.013099867777335893,1.87427546571875e-05,0.00027733628670012636,0.001098273408458534,1.0,True,1498.0
183,-0.006555987493118807,1.8739604699846953e-05,8.002607105571785e-06,6.332337638307917e-05,0.2741904701316878,True,1499.0
1749,-0.01784037680734808,1.8650506950604785e-05,6.095526809396439e-05,0.0001772465975289232,0.9513327819835867,True,1500.0
1368,0.07364924280205247,1.862371594205274e-05,1.7819673361741889e-06,1.2551688052447517e-06,0.028055219797697054,True,1501.0
720,-0.04384993753234597,1.8607207279271587e-05,3.140757309760302e-06,3.715661003380231e-06,0.06368089573128062,True,1502.0
362,0.03520413684280962,1.860090321786413e-05,3.0979331636775333e-06,4.565086674526007e-06,0.03568929321203639,True,1503.0
2061,-0.058953900582277,1.8495856938846694e-05,3.986432140913756e-05,3.507862124886599e-05,0.6880844837457853,True,1504.0
1519,-0.1027561439443624,1.8480506883652587e-05,3.414024922860295e-05,1.7235725667700443e-05,0.49436987085692474,True,1505.0
1853,-0.031369784953678134,1.8472520560296382e-05,1.6077037361585866e-05,2.6586744608508088e-05,0.31993129333927095,True,1506.0
2771,0.010072708910895069,1.8438804293678515e-05,0.00027807962134995346,0.0014321666756419804,1.0,True,1507.0
3782,0.01399579475745736,1.843309624213067e-05,4.5491896435474325e-06,1.686192529774818e-05,0.06692537693237484,True,1508.0
3796,-0.022414220584191322,1.8419680903072428e-05,6.367407315090715e-05,0.00014737020059777108,0.9530504485018131,True,1509.0
2507,0.07222716584717578,1.840453803333004e-05,1.4925260043768359e-05,1.0719931670638036e-05,0.21025510528659583,True,1510.0
2182,0.06497841239333826,1.839744435372709e-05,2.0561753524355738e-05,1.6415788086019682e-05,0.33042814428398753,True,1511.0
2606,0.002307411642349614,1.8395740800436344e-05,7.274440355611686e-05,0.0016354798285495677,0.9824416311470195,True,1512.0
3104,0.021292799948161235,1.8325678456176332e-05,5.56002071446444e-05,0.00013546101333139452,0.8977034162478529,True,1513.0
900,-0.04778992206705282,1.8308350476893155e-05,1.1334917766960497e-05,1.23041816951422e-05,0.14231185189897577,True,1514.0
4062,-0.06866035867133377,1.8287745822719826e-05,2.699804699200945e-06,2.0398440470208406e-06,0.03505312042750811,True,1515.0
2837,0.04406872390064253,1.8277704036387455e-05,9.13600552570314e-06,1.0754656977974515e-05,0.20312997009987913,True,1516.0
2990,0.03367226970879735,1.8270845804323433e-05,2.3494601308774945e-06,3.6196482819129606e-06,0.05140276098988485,True,1517.0
1172,-0.007254645879294095,1.8262497365675445e-05,0.0003839359962894942,0.0027454484773254983,1.0,True,1518.0
1714,-0.018150010524379978,1.8239005372387735e-05,7.284697714684156e-06,2.082117997249823e-05,0.09650741141293975,True,1519.0
2330,-0.03774066435376535,1.8207744314762114e-05,6.9422559707979946e-06,9.542491155968284e-06,0.07640435142184618,True,1520.0
380,-0.02717692738513574,1.8201210502860742e-05,4.869756681128102e-06,9.295603534272623e-06,0.10681341052229786,True,1521.0
318,-0.0341286830464134,1.8182508509115485e-05,3.3889301254078826e-05,5.151263534547559e-05,0.5541701126025829,True,1522.0
1459,-0.06988714733874192,1.8172665192476735e-05,2.7509041966061726e-05,2.0419675507735044e-05,0.44462115910681344,True,1523.0
261,-0.06140047803232936,1.8153005060611466e-05,7.127351548116615e-05,6.021810884112642e-05,0.8361855079839684,True,1524.0
2424,-0.03821697303917874,1.8137599647370034e-05,2.3130247933765902e-05,3.139747232662364e-05,0.4208282969654558,True,1525.0
1950,-0.06342059118320177,1.8116173325451604e-05,1.8061560276942915e-05,1.477391728005339e-05,0.26592022393282017,True,1526.0
18,-0.04415524555537125,1.8098335272427332e-05,2.665455430999396e-05,3.131553279389474e-05,0.47509383548571793,True,1527.0
1106,-0.059953078482450774,1.809512535579139e-05,1.874942408407517e-06,1.6223596198651284e-06,0.028627775303772505,True,1528.0
249,-0.04097588757246275,1.7985079846815047e-05,4.412616735795821e-05,5.58648352777463e-05,0.7565366753610281,True,1529.0
493,-0.10167758063717704,1.7955488416675204e-05,2.737027331870682e-05,1.3964475058387899e-05,0.3747693873656085,True,1530.0
97,-0.08920023259140379,1.795008956375584e-05,2.6689154385864195e-05,1.552170808185228e-05,0.34811374769387365,True,1531.0
931,-0.07595437146793305,1.7943711315314858e-05,3.257699243268949e-05,2.2249942705344447e-05,0.5662573955086201,True,1532.0
906,-0.033682235176871446,1.793881802260906e-05,3.889033503677248e-05,5.989788186775675e-05,0.6907564094408041,True,1533.0
3403,0.0938923395957344,1.792874766966004e-05,1.3081567269999824e-05,7.2277030659271325e-06,0.12895222342388193,True,1534.0
421,0.04864692368590958,1.7861883739124703e-05,1.5559227990408604e-05,1.6592176050320053e-05,0.2916852217062154,True,1535.0
2301,-0.02781694488849348,1.7856524171580293e-05,6.181086443951488e-06,1.1527259539567909e-05,0.12901584070233477,True,1536.0
1158,-0.0524085188768607,1.7853920112447496e-05,2.2103143255771654e-05,2.1878766660199636e-05,0.3455054392773077,True,1537.0
3997,0.07550262620657848,1.7821494339191212e-05,2.647330042350609e-05,1.8189330512128792e-05,0.3631910426871938,True,1538.0
1363,0.012560439078761386,1.7821351593738645e-05,8.823261472195204e-05,0.0003644139656410028,0.9970736051911699,True,1539.0
3171,-0.030787510287948662,1.778841067191968e-05,4.572769516080751e-05,7.705049377785023e-05,0.6794961511546536,True,1540.0
1744,-0.11780922558554902,1.7723050787173935e-05,2.59529282376118e-05,1.1428197810200555e-05,0.3617278452827788,True,1541.0
2653,0.05953262560555262,1.772027643923081e-05,3.174263824459317e-05,2.7660413427379018e-05,0.5247789299573764,True,1542.0
298,0.0865927311537746,1.7628379847865738e-05,8.847005816309008e-07,5.30011825344168e-07,0.00400788854252815,True,1543.0
1120,-0.03673866835330697,1.7594332760533115e-05,2.8820754514701997e-05,4.069608389462978e-05,0.5352121636236402,True,1544.0
3739,-0.04773410067420413,1.7594110556243584e-05,3.1946279049697344e-06,3.471860129120758e-06,0.030409059100451684,True,1545.0
3451,0.0791239288746026,1.758317508405777e-05,3.0177441087210325e-05,1.978541896811678e-05,0.5077931166104714,True,1546.0
535,-0.016528190835550283,1.758282262749728e-05,2.62940038193226e-06,8.252814573172401e-06,0.07398689484063872,True,1547.0
963,0.028326915957490834,1.7572058589687654e-05,1.868921619813362e-06,3.4226499033790493e-06,0.02990012087282906,True,1548.0
2252,0.1039711965876043,1.756552666929824e-05,6.23849340484913e-05,3.1127006928036434e-05,0.7670971435841974,True,1549.0
1444,-0.050930119138924604,1.7538094229756627e-05,2.371931946417222e-05,2.4160071577274007e-05,0.5352121636236402,True,1550.0
2559,-0.05576713867293694,1.7459158130038852e-05,3.2048500021472864e-05,2.9812612146022733e-05,0.5773268019594122,True,1551.0
2410,0.11021750720544421,1.741054888995967e-05,1.161460671163005e-05,5.466692031844381e-06,0.1655321585342579,True,1552.0
1877,-0.043551271744344415,1.739896814407042e-05,2.9566471610983625e-05,3.521837738586237e-05,0.48724473567020804,True,1553.0
2375,-0.13348651919730462,1.739493589985343e-05,4.752097017377808e-05,1.84679450742614e-05,0.5799351103759781,True,1554.0
632,-0.030903766478786083,1.7369422499972998e-05,8.03041944287243e-06,1.3480236159800904e-05,0.1350594821553534,True,1555.0
2169,-0.023064404632281984,1.7365833201275776e-05,3.9771371135791075e-05,8.945384229598761e-05,0.7869457344614798,True,1556.0
416,-0.03409812941252482,1.7329808682452152e-05,3.134724012095373e-05,4.769133067206579e-05,0.4969781792734907,True,1557.0
3174,0.06496359027966275,1.728211777059099e-05,4.317319102666583e-05,3.447583671697714e-05,0.6212863413703161,True,1558.0
1938,-0.04089326202061734,1.7213102355399702e-05,5.515466095936892e-06,6.996827200095892e-06,0.07475030218207265,True,1559.0
1039,0.03396998241358872,1.720962800300685e-05,4.2775745810429395e-05,6.53240274444188e-05,0.6908836439977097,True,1560.0
2128,-0.053238276580590334,1.7182053604762508e-05,1.8816814027881662e-05,1.833550132380656e-05,0.41802913671353137,True,1561.0
638,0.02089794041690765,1.7150309978652928e-05,2.6715114958225357e-05,6.631690430508068e-05,0.5290412876137159,True,1562.0
1773,-0.04493278518912757,1.708662443954765e-05,1.2736038827071291e-05,1.4704210767670812e-05,0.25625039760799034,True,1563.0
3616,-0.06405053264050083,1.708137316802136e-05,4.162911712772269e-06,3.371670600197502e-06,0.04694955149818691,True,1564.0
3562,-0.04842695899977389,1.7069195045916218e-05,4.384861112811144e-05,4.697202984169312e-05,0.6544945607226923,True,1565.0
3474,-0.0245621432766383,1.7063529643894354e-05,1.9051748853500617e-05,4.023826734264824e-05,0.307716775876328,True,1566.0
4000,-0.08321597476207009,1.703561702885159e-05,3.803802327305501e-05,2.3712749822199732e-05,0.5160633628093391,True,1567.0
4008,-0.11267292727000348,1.702351043460745e-05,3.1128387608940676e-05,1.4332030785556798e-05,0.4847000445320949,True,1568.0
2963,0.10135420035372517,1.7020701978550785e-05,1.2880504238619606e-05,6.59267698506655e-06,0.16934919524142758,True,1569.0
2791,-0.04411277087657202,1.701518407741906e-05,2.0565861306277656e-05,2.41853985630899e-05,0.41109485336217316,True,1570.0
1483,0.07801558811149571,1.6994416314026706e-05,1.9995391246516136e-05,1.329594481411097e-05,0.32171257713595014,True,1571.0
282,0.07434880416624841,1.6979597589701032e-05,2.3735954995432295e-05,1.6561642528277884e-05,0.36649914116674087,True,1572.0
278,-0.0650773588427375,1.6956352166233087e-05,1.7706966893660212e-05,1.4115131897903852e-05,0.33640816845855337,True,1573.0
2067,-0.040607206240207736,1.6941674635394257e-05,1.5870422099177973e-05,2.027477534508789e-05,0.38984668235892866,True,1574.0
2929,-0.027813696580001775,1.6900765504468507e-05,3.4910685751862646e-06,6.511339671565325e-06,0.11909154526369362,True,1575.0
4085,0.008779846098928472,1.6887899213287035e-05,1.1621350768465309e-05,6.866578521932089e-05,0.35899230230930723,True,1576.0
3617,-0.03505379250665427,1.6884763418108365e-05,1.765315645580923e-05,2.61251048990301e-05,0.3676442521788918,True,1577.0
2038,0.04729007428262157,1.6847722066918708e-05,3.066845131580165e-05,3.3642830983712506e-05,0.49169794516190596,True,1578.0
1100,-0.03258540508587241,1.6847106809293547e-05,4.226486838582671e-05,6.728636713123224e-05,0.6780965710286914,True,1579.0
3893,-0.01964978215394441,1.684486830369163e-05,1.5429748592206457e-05,4.0735382080633376e-05,0.32724728036134615,True,1580.0
38,-0.06844917015988772,1.6805926452067202e-05,3.879702759883817e-05,2.9403630102067168e-05,0.5938036770786945,True,1581.0
2370,0.013166582337867778,1.680334389066142e-05,1.821633710385911e-05,7.177260006549349e-05,0.5996564666963548,True,1582.0
3975,0.027452045931109788,1.676711404778605e-05,1.5233845622513706e-06,2.878760384652145e-06,0.01870347986513137,True,1583.0
532,0.029020800391882248,1.675871733181263e-05,2.2033174399484736e-05,3.9385682013080834e-05,0.474330428144284,True,1584.0
4020,-0.0432531970156867,1.6734984640296926e-05,5.304549404482975e-05,6.362107007691482e-05,0.8293784591895159,True,1585.0
3512,-0.003867357537354747,1.6709460894928832e-05,5.0465166611296664e-05,0.0006769367175931429,0.988548889878491,True,1586.0
3504,0.0627005506540619,1.6696524827947907e-05,9.732621609822323e-05,8.05247097877259e-05,0.9852407913989439,True,1587.0
807,0.06844107506820286,1.6694630209462073e-05,1.7919567915887588e-05,1.358255258355873e-05,0.24123671989312298,True,1588.0
3343,-0.13406006145247334,1.6673077347296947e-05,4.303678279227783e-05,1.6653712707542483e-05,0.5130733507220561,True,1589.0
1147,-0.03121058432370854,1.6672876425904634e-05,3.760605765399618e-06,6.250670302114739e-06,0.08849163432788346,True,1590.0
289,-0.10315933435218295,1.666792775460061e-05,3.356911909659449e-06,1.6881152686677577e-06,0.03518035498441377,True,1591.0
2649,0.04391385272006511,1.665335506501978e-05,1.0360333520640903e-05,1.2238913905451498e-05,0.14116674088682485,True,1592.0
570,-0.029428692696357818,1.6643789119928672e-05,3.943847973278898e-05,6.952161940049724e-05,0.7690056619377823,True,1593.0
579,0.024833060149220244,1.663152794801925e-05,2.1588313151750967e-05,4.5098194256302336e-05,0.6007379604300528,True,1594.0
3373,-0.017404584947442993,1.6601277681078593e-05,9.54123586645451e-06,2.843882477457743e-05,0.328774095044214,True,1595.0
2329,0.02327086151120165,1.6549204531317935e-05,4.502275971600442e-06,1.0036685937623133e-05,0.1318150009542592,True,1596.0
2921,-0.11834236095028573,1.65087087962757e-05,9.048295057379903e-06,3.966406390349794e-06,0.1344233093708251,True,1597.0
2011,0.016235239487154652,1.6468777522508917e-05,1.0801869407665918e-05,3.451524078047742e-05,0.33863477320440233,True,1598.0
2935,-0.0760534470040178,1.646600833300203e-05,8.814876367514674e-07,6.012678841031402e-07,0.006425345123735607,True,1599.0
2654,0.050728283312230615,1.6446285023234494e-05,4.642739263171671e-05,4.7478262024130375e-05,0.7230739868948406,True,1600.0
4042,-0.03481630945234456,1.6427998279317026e-05,2.0988162046258525e-05,3.1272482571666256e-05,0.48597239010115145,True,1601.0
283,-0.026575368696222817,1.6424818887925077e-05,3.0711591404203365e-05,5.99506238800192e-05,0.7853553025001591,True,1602.0
825,-0.011694615540396552,1.642098512738954e-05,3.8319360428156034e-05,0.00016998202047502735,0.8407023347541193,True,1603.0
3317,-0.03957615624408806,1.6313475578736437e-05,1.4792014277268099e-05,1.9389400871557625e-05,0.3145238246707806,True,1604.0
588,-0.020357950478755608,1.630345548395149e-05,3.1950002382782644e-06,8.141558083304898e-06,0.10216934919524143,True,1605.0
3577,-0.02994833006054322,1.6269416355020315e-05,7.186474282304107e-06,1.2448411874384667e-05,0.208346586933011,True,1606.0
2631,0.014567906347630557,1.6263669824832885e-05,1.5304792083883688e-06,5.450056160034466e-06,0.03874292257777212,True,1607.0
721,0.029085268745169677,1.6234112144986122e-05,8.116099232455972e-06,1.4475879244119392e-05,0.23182136268210446,True,1608.0
797,-0.0195766259834228,1.6224294427279933e-05,2.026464090543989e-06,5.369968683741186e-06,0.02557414593803677,True,1609.0
3948,0.09702668143986475,1.620552079044882e-05,9.33815547567518e-06,4.992759044269322e-06,0.181754564539729,True,1610.0
1698,-0.059792697965479105,1.6179376180518527e-05,4.807577338024451e-05,4.171082823164998e-05,0.7684967237101596,True,1611.0
3313,0.032070199769387006,1.6167665750079085e-05,1.8841424517686308e-06,3.047773957982646e-06,0.02385647941981042,True,1612.0
2464,-0.06080332623682628,1.6152994217496143e-05,4.805889843787074e-06,4.100314399992605e-06,0.05808257522743177,True,1613.0
4072,-0.0574208135889709,1.6131427356108372e-05,3.432999396776006e-05,3.101523454171186e-05,0.5588141739296393,True,1614.0
2412,-0.030000365375368418,1.6125455978291863e-05,5.822211146952066e-05,0.0001006774232522285,0.9375278325593231,True,1615.0
1321,-0.047187024292782785,1.612071074727212e-05,4.078995627015365e-05,4.484368913086458e-05,0.7389783065080476,True,1616.0
2245,-0.023418892491859186,1.6105740580679002e-05,2.57425775274712e-06,5.702382703559559e-06,0.06514409313569565,True,1617.0
3676,0.09599367118071744,1.6100665362428726e-05,9.775391487303875e-07,5.282776561126628e-07,0.00604364145301864,True,1618.0
1099,0.006801173263662145,1.6095117505622915e-05,2.211863213632982e-05,0.00016871166488104558,0.7552007125135187,True,1619.0
1863,0.009413709138689219,1.6027395623658844e-05,3.4253419882980285e-05,0.00018876168566456881,0.9027291812456263,True,1620.0
3136,0.04932399445015747,1.602104442534464e-05,3.942623766353456e-05,4.146653814558557e-05,0.6582479801514092,True,1621.0
3038,0.08137993835459296,1.6013170468886132e-05,2.3699275254630925e-05,1.5107353547037752e-05,0.31878618232712,True,1622.0
26,-0.06550233642186376,1.600989574645774e-05,1.7227954497079512e-05,1.3644185305435711e-05,0.33736242763534574,True,1623.0
3044,-0.055311731132577556,1.599742448577888e-05,2.21666461411052e-05,2.0789948886535593e-05,0.4791653413066989,True,1624.0
1034,0.031738233301395705,1.597286980829675e-05,2.801461180580857e-05,4.579020047602309e-05,0.6920287550098607,True,1625.0
1108,-0.10731857230256428,1.5971301792502718e-05,2.2884028221895395e-05,1.1061862924159142e-05,0.2836694446211591,True,1626.0
747,-0.03754883130672445,1.5941578815730702e-05,2.634596933435879e-05,3.639891532012746e-05,0.5086201412303581,True,1627.0
978,0.0428144262969674,1.5904444814049e-05,4.640849963526607e-05,5.6231294747831364e-05,0.7934346968636682,True,1628.0
201,-0.019554536268420342,1.5900342721642536e-05,8.060824905698508e-06,2.1384674823001428e-05,0.19225141548444558,True,1629.0
3506,-0.022234513837735684,1.589010739833375e-05,2.3571581773882373e-05,5.499608483334899e-05,0.6392264138940136,True,1630.0
3738,-0.0085483749260589,1.5837925978376954e-05,2.6128335762270856e-05,0.00015856191081788117,0.9244226731980406,True,1631.0
1909,0.021970678033369797,1.5816521148416263e-05,3.0395680203375224e-06,7.17693629090886e-06,0.0588459825688657,True,1632.0
1367,-0.003338212774240782,1.581530571553305e-05,2.407791333354752e-05,0.0003741756454408927,0.926840129779248,True,1633.0
1701,0.016429081192462044,1.5795067993584494e-05,4.20909131861445e-05,0.00013290635774957328,0.9070551561804187,True,1634.0
1943,0.007391293734080928,1.574339473077993e-05,3.5570238611891247e-06,2.4965312179414198e-05,0.08588332591131752,True,1635.0
1,0.005985863509382483,1.5742555653901908e-05,0.0003713406191577226,0.003218224462613979,1.0,True,1636.0
444,-0.015130476928310611,1.574003209911944e-05,4.708188448381987e-06,1.6142541220514117e-05,0.058718748011960045,True,1637.0
1019,-0.015338032757201048,1.5708954517072146e-05,5.636290675191394e-06,1.9063138615195833e-05,0.12666200139958012,True,1638.0
2337,0.06080101275592084,1.570155239852089e-05,2.5286830518483784e-05,2.1575172102144076e-05,0.4586169603664355,True,1639.0
4057,-0.10507016209636577,1.5687950636622255e-05,2.1570354647171664e-05,1.0649974491928479e-05,0.2537057064698772,True,1640.0
3615,-0.037594377351500195,1.568512835099127e-05,9.336373290829678e-06,1.2883266645172324e-05,0.246771423118519,True,1641.0
3732,0.03240776269926176,1.567059295476703e-05,1.9984310856145363e-05,3.1989747391637946e-05,0.46688720656530314,True,1642.0
2472,0.0831370191710967,1.564842375419261e-05,2.540946235751242e-05,1.5855199502938854e-05,0.3692983014186653,True,1643.0
827,-0.04484931504246744,1.5635142963055228e-05,6.972828682603384e-06,8.065361997592394e-06,0.10674979324384502,True,1644.0
2979,0.046232039462082805,1.557424706590989e-05,1.1703038649802346e-05,1.3131860828374869e-05,0.206501685857879,True,1645.0
1113,0.029056263881344066,1.5535113678483882e-05,1.4225994236526255e-05,2.5398820082480605e-05,0.2918760735415739,True,1646.0
342,0.03161335558855152,1.548575197773014e-05,4.162934779820592e-05,6.831242379943785e-05,0.8803995165086838,True,1647.0
3950,-0.04530010469268464,1.5474493195348715e-05,2.9975535193451947e-06,3.4327203485148104e-06,0.05133914371143203,True,1648.0
3627,0.014585668272882924,1.543193221096254e-05,1.8645994216064326e-05,6.631776743531295e-05,0.6493415611680132,True,1649.0
907,-0.016987089221978086,1.540207152312673e-05,1.8120646559069264e-06,5.533824808607651e-06,0.04605890959984732,True,1650.0
3093,-0.011868998735554262,1.5353571111602522e-05,7.629829201633566e-06,3.3348124700804695e-05,0.20611998218716204,True,1651.0
1811,-0.01219537521856831,1.535081297875497e-05,3.885393908062476e-05,0.00016527629635413975,0.8487181118391756,True,1652.0
206,0.01691024414311954,1.5295787256990807e-05,3.678754468166826e-05,0.00011285520891557603,0.7031617787391056,True,1653.0
340,-0.0241920877944593,1.5217757800082535e-05,4.175133608310817e-05,8.952982018733918e-05,0.8182454354602711,True,1654.0
2146,-0.044937803819130755,1.5217103764306407e-05,2.5879543880533984e-05,2.987551896203868e-05,0.48438195813983076,True,1655.0
1928,0.06503569460008839,1.5099319137027447e-05,2.7672220075629543e-05,2.2073078317598937e-05,0.4476111711940963,True,1656.0
3192,-0.025095784622696727,1.5098584363921749e-05,2.2028383996565048e-05,4.55357552606491e-05,0.6286023283923914,True,1657.0
1801,0.06707367259412472,1.5097374747231539e-05,2.9671781139733224e-05,2.2948918023629182e-05,0.5354666327374515,True,1658.0
1684,0.021491928841467944,1.509148854743057e-05,1.2294650981163348e-06,2.9676419042193766e-06,0.029836503594376233,True,1659.0
3641,0.03431010836761691,1.5085443217075543e-05,1.944600376770226e-06,2.9402141278999267e-06,0.018639862586678543,True,1660.0
3600,-0.01410669251653781,1.5082890780356074e-05,2.6938817384317466e-05,9.906585916717182e-05,0.8123926458426108,True,1661.0
843,0.06901074887237202,1.5053506462926288e-05,3.149674568077751e-05,2.3676615850205737e-05,0.5065207710414148,True,1662.0
3139,0.016997441508407533,1.5018497804478871e-05,2.0293290387657964e-05,6.19354930001708e-05,0.5469813601374133,True,1663.0
3626,0.04072917274237688,1.4998781878976451e-05,3.925852609700294e-06,5.000334823454467e-06,0.08791907882180801,True,1664.0
3761,-0.013986881061764121,1.4998046071813776e-05,3.4289062912053276e-05,0.00012717607543735632,0.9419810420510211,True,1665.0
3405,-0.005810920900873018,1.499199432090078e-05,3.287482916889956e-05,0.0002934872407521674,0.9661556078630956,True,1666.0
4034,-0.023589768543080116,1.4982127300613564e-05,4.882532535252105e-06,1.073722738786129e-05,0.11024874355875056,True,1667.0
4013,-0.012498399493464481,1.4976392881288241e-05,1.5242771022750602e-05,6.326743212185737e-05,0.5144093135695655,True,1668.0
1581,-0.015405265257038963,1.4970032921705471e-05,4.697800163184316e-05,0.0001581961982069806,0.8259431261530632,True,1669.0
1217,-0.034179421142900034,1.4954622489682428e-05,1.9789764570027742e-05,3.0036312118415194e-05,0.5885234429671099,True,1670.0
3971,0.022060715511709485,1.4942871532344962e-05,4.4472020095946285e-06,1.0457742581502392e-05,0.07952159806603473,True,1671.0
438,-0.07353030116766525,1.4919807376055569e-05,3.525795474814665e-05,2.4874906416542493e-05,0.5539792607672244,True,1672.0
2432,-0.0414124244932667,1.4903852762364101e-05,3.1103947396884866e-06,3.8963282381233894e-06,0.08015777085056301,True,1673.0
823,-0.035359029696368206,1.4830065218705052e-05,4.2504120911396e-06,6.23593218701295e-06,0.06495324130033717,True,1674.0
1090,-0.0283797902580661,1.482872089961702e-05,3.1577670959176868e-06,5.772203022141944e-06,0.04593167504294166,True,1675.0
2408,-0.06748820947953037,1.4808754339884522e-05,2.873657794322221e-05,2.2089090152196582e-05,0.5180991157198295,True,1676.0
3771,-0.029688887917015707,1.4807793590236278e-05,4.349632606877651e-06,7.6002754060661675e-06,0.1497550734779566,True,1677.0
3402,0.003938916081537329,1.4801666512912801e-05,6.188447438656502e-05,0.0008150338807391577,0.9837775939945289,True,1678.0
3041,-0.019811035786755266,1.478063371954634e-05,1.0931881848998004e-05,2.862585262104069e-05,0.24047331255168905,True,1679.0
3748,-0.06491263779927686,1.4775222565230128e-05,2.260554779458649e-05,1.806576939927912e-05,0.49417901902156625,True,1680.0
2421,0.03518495820727466,1.476014665412564e-05,4.604717763420916e-05,6.789169647376362e-05,0.7061517908263885,True,1681.0
2690,-0.05952142778961103,1.474765966039478e-05,5.385656310857307e-06,4.69392319380481e-06,0.06768878427380877,True,1682.0
3703,0.04894625570066832,1.4729429876767577e-05,2.436575822432501e-05,2.5824453523173574e-05,0.4715948851708124,True,1683.0
3098,0.015186147722099863,1.469833001934846e-05,1.884791936963649e-05,6.438526379021884e-05,0.6770150772949933,True,1684.0
2504,0.051206722118059614,1.469442900595255e-05,2.4355313872063434e-06,2.467387945866189e-06,0.020739232775621858,True,1685.0
1810,-0.08685546216413627,1.4684221285300124e-05,2.295552505034871e-05,1.371073633966618e-05,0.41039506329919206,True,1686.0
2353,-0.05643639958126182,1.464641303879132e-05,8.733360898745707e-06,8.027730641407305e-06,0.216107894904256,True,1687.0
268,-0.01631491221788805,1.4584767934205597e-05,1.9490330441824407e-05,6.197337459241831e-05,0.3933456326738342,True,1688.0
1501,-0.02419137831728649,1.4545844122985441e-05,2.8366647972599797e-05,6.083003834006227e-05,0.6796233857115592,True,1689.0
2729,-0.019102527214344713,1.452474350059424e-05,2.6914136232658526e-05,7.309039409695759e-05,0.7079330746230676,True,1690.0
1681,0.050456135905983496,1.4513556338145547e-05,5.996656332455006e-05,6.165465283699249e-05,0.9218779820599274,True,1691.0
409,-0.04584825444180513,1.4504720227911406e-05,6.14019771316685e-06,6.947526855294715e-06,0.10649532413003372,True,1692.0
2175,0.010194094834057364,1.4501021861677457e-05,1.7857281844555064e-06,9.087352360011685e-06,0.0558559704815828,True,1693.0
3184,-0.12521559924665135,1.4482999736237037e-05,2.6482553480155135e-05,1.0971654067723958e-05,0.3474775749093454,True,1694.0
2600,0.04763121666305301,1.44820024132358e-05,1.412659293539131e-05,1.538567095561439e-05,0.2861505184808194,True,1695.0
1269,0.036779255345105316,1.4460957699069292e-05,1.3711995239034918e-05,1.934053155483514e-05,0.39290031172466444,True,1696.0
1278,-0.03151087949529202,1.445735899477787e-05,9.869880767310125e-06,1.6248828901477158e-05,0.21629874673961447,True,1697.0
2133,0.029591614192626618,1.4455697202182112e-05,5.2939591346791734e-05,9.280740141382291e-05,0.9175520071251352,True,1698.0
1983,-0.06352728232127984,1.4443631020747452e-05,4.557211236480787e-06,3.72142753831597e-06,0.07455945034671417,True,1699.0
2503,-0.057117327647679475,1.4432809537532161e-05,2.4107437136471648e-05,2.1895448588850344e-05,0.49526051275526434,True,1700.0
2136,-0.03995727403967178,1.442751476420944e-05,3.933428866034909e-06,5.1067680510078946e-06,0.07322348749920478,True,1701.0
4024,-0.036471684513440836,1.440819033952204e-05,2.4647490208270308e-05,3.5058034537319174e-05,0.4603982441631147,True,1702.0
1551,-0.08468743628250273,1.4403975686589316e-05,1.1490138781611774e-05,7.038449075252674e-06,0.20472040206119982,True,1703.0
2886,-0.0521933144518091,1.4334093977265772e-05,1.7252858110021466e-05,1.7148133583892177e-05,0.3147782937845919,True,1704.0
844,-0.02377922437703883,1.4326841662131195e-05,5.010537345994484e-06,1.0930934776270314e-05,0.10681341052229786,True,1705.0
891,-0.09934148471257766,1.4321907035375731e-05,3.308160293586353e-06,1.727533916096538e-06,0.06037279725173357,True,1706.0
4003,0.06525386475147636,1.4321151619846599e-05,8.352283515007318e-06,6.640024375511114e-06,0.13951269164705135,True,1707.0
2691,0.01721322532754768,1.4250566154712942e-05,4.164299998236641e-06,1.2550193999896117e-05,0.08359310388701571,True,1708.0
1803,0.029085768346473015,1.424821065602623e-05,1.4786750900254862e-05,2.6373204367380532e-05,0.4404860360073796,True,1709.0
3045,-0.06274927137429404,1.4246616485833852e-05,3.980536162976255e-05,3.2908157773473964e-05,0.7062154081048413,True,1710.0
3226,-0.03140158047979544,1.4221406345908478e-05,9.047726281424138e-06,1.4947158182604338e-05,0.24365417647433044,True,1711.0
2604,-0.13796637701236855,1.4207217849350516e-05,2.4745826150205468e-05,9.30463586704674e-06,0.30160951714485656,True,1712.0
2299,-0.03096974520297406,1.4181682937284043e-05,4.1894936285852514e-05,7.017696568558509e-05,0.8570519753164959,True,1713.0
3695,0.024315612137132517,1.4154150369589281e-05,1.5945245590319637e-05,3.401861981657445e-05,0.36077358610598637,True,1714.0
3683,0.11810237661943099,1.414448064569865e-05,2.1969247797784166e-05,9.649998248474769e-06,0.3367898721292703,True,1715.0
2862,0.007389970639057926,1.4142752920636044e-05,6.464867952602458e-07,4.538241783514412e-06,0.026019466887206567,True,1716.0
479,0.02561008520667278,1.4126852870360528e-05,1.6838462913777416e-05,3.4108459543416035e-05,0.3783319549589669,True,1717.0
3686,-0.03162773062911123,1.4126234985654184e-05,4.255682540421376e-06,6.980264453582998e-06,0.13976716076086265,True,1718.0
2826,0.023509652243258544,1.4096995626308322e-05,9.568808568242106e-06,2.111457505955235e-05,0.26547490298365034,True,1719.0
1481,-0.025302881421885384,1.403409122687653e-05,1.889204294623859e-05,3.873286553867292e-05,0.590686430434506,True,1720.0
1017,0.022139160896838494,1.3973035336922026e-05,1.985788601315577e-05,4.65310166205667e-05,0.5852153444875628,True,1721.0
743,-0.04263902381809907,1.3947645245885868e-05,3.394917769134129e-06,4.130405499484208e-06,0.07634073414339335,True,1722.0
2052,0.0205594482037327,1.3939500110319537e-05,7.35645886242565e-06,1.856213985774901e-05,0.2032572046567848,True,1723.0
2022,-0.01702316885668351,1.3918891126216073e-05,3.4879433279663594e-06,1.0629178420533869e-05,0.05057573636999809,True,1724.0
2815,-0.055734467179422216,1.3881697839201619e-05,2.743868914588643e-05,2.5539370602016944e-05,0.5826706533494497,True,1725.0
856,0.03161235159489358,1.3835218912238575e-05,1.1791710931691363e-05,1.9350433769576908e-05,0.33780774858451557,True,1726.0
1677,-0.026646842231633924,1.3824262286072405e-05,1.1021545591599998e-05,2.1456922627262763e-05,0.3350085883325911,True,1727.0
2675,0.01533313672993644,1.378745260802282e-05,1.147529637325757e-06,3.882429576193854e-06,0.014059418538074941,True,1728.0
2427,-0.0474689450773707,1.3776067361514632e-05,9.55718699639301e-06,1.0444584972570465e-05,0.16763152872320122,True,1729.0
4046,-0.05325503646006055,1.3762466408918909e-05,1.3212091462048213e-05,1.287008956961674e-05,0.26782874228640496,True,1730.0
3277,0.060860528131947735,1.3758586079936919e-05,1.0182185509772811e-05,8.679125588734024e-06,0.1778739105541065,True,1731.0
667,-0.04166414152866513,1.3754129052206664e-05,1.2192475683798659e-05,1.5180991761710412e-05,0.3203129970099879,True,1732.0
1939,-0.07043364452854878,1.3738934098514582e-05,2.1925144578602434e-05,1.614852978846938e-05,0.43304281442839876,True,1733.0
2392,0.03898535733494058,1.372818336016266e-05,5.0686422486689394e-05,6.744671532364555e-05,0.9085183535848337,True,1734.0
1054,-0.027704999804708,1.3725595960614213e-05,2.0130168116117536e-05,3.769293319179335e-05,0.6151154653603919,True,1735.0
3445,0.04238928471213893,1.3710402352685692e-05,1.2774235968630039e-05,1.5633259263288522e-05,0.2777530377250461,True,1736.0
992,-0.040391435005179055,1.3686744058981568e-05,2.1749856740271935e-05,2.7934300594612485e-05,0.46739614479292574,True,1737.0
1846,-0.053915301846713615,1.3674897508022513e-05,3.685428764600056e-05,3.5460647749762414e-05,0.638717475666391,True,1738.0
1361,0.06598479617333168,1.3646221668896015e-05,2.9805201958029236e-05,2.343251338070499e-05,0.6017558368852981,True,1739.0
3747,-0.02386760574209182,1.3624758593416211e-05,6.86435357704185e-06,1.491974754308831e-05,0.16515045486354094,True,1740.0
593,-0.04494066370543236,1.3620371514285273e-05,1.1200584032513257e-05,1.292920647263467e-05,0.16228767733316368,True,1741.0
560,0.024043211126307938,1.3610066363575995e-05,4.7572768265295834e-05,0.00010264472559526275,0.9531140657802659,True,1742.0
1022,-0.06536967910386424,1.359786451479457e-05,1.4072063949277909e-05,1.116740151922355e-05,0.19886761244353968,True,1743.0
3758,-0.010004351291000113,1.3581214738519534e-05,2.2548415846683434e-06,1.16922417650686e-05,0.04383230485399835,True,1744.0
678,-0.05533610496310796,1.3581085208403446e-05,1.3938528117476613e-05,1.3067093941125929e-05,0.24848908963674535,True,1745.0
207,0.06699856574929008,1.3577620654663147e-05,1.74375636288544e-05,1.3501778650151326e-05,0.3241936509956104,True,1746.0
946,0.003810584811619526,1.355980095785102e-05,2.0701193401901072e-05,0.00028182170301734716,0.8517717412049113,True,1747.0
3832,-0.1178624690609757,1.355637698709003e-05,3.0915054515675656e-05,1.360708714545457e-05,0.40428780456772057,True,1748.0
1612,0.041830727210092865,1.353808842659643e-05,6.857888120339767e-05,8.504830553520536e-05,0.9269673643361537,True,1749.0
3335,-0.052071967935899625,1.3501744101611343e-05,2.4925730820758012e-05,2.483216548663726e-05,0.5114193014822825,True,1750.0
159,0.033166484118556966,1.349896634555643e-05,1.7466212632065141e-06,2.731932668709316e-06,0.01953050448501813,True,1751.0
1549,-0.0934092376919491,1.3472633057834052e-05,3.4641880989727455e-05,1.9238992343413772e-05,0.5222342388192633,True,1752.0
1059,0.04721912678227582,1.3452252412385326e-05,1.7975632972047172e-05,1.974862780261499e-05,0.33869839048285516,True,1753.0
3901,-0.004478607848958265,1.340733444991265e-05,3.222913318609441e-05,0.0003733157152542423,0.9559132260321903,True,1754.0
905,-0.05421963283845292,1.3402488237436369e-05,2.2295478265993756e-05,2.133196708476076e-05,0.3991984222914944,True,1755.0
1235,-0.017472107791898398,1.3373559434867924e-05,7.720142131910967e-06,2.2921903503917044e-05,0.311788281697309,True,1756.0
824,0.02519932589568322,1.333981559682427e-05,4.806505202694253e-06,9.894894722029266e-06,0.14371143202493797,True,1757.0
600,-0.010145304131084465,1.3336076406052525e-05,4.914669657233217e-05,0.0002513043148365753,0.9895031490552834,True,1758.0
1602,-0.042273178846527266,1.3334403205349374e-05,2.6724972687950598e-05,3.279616383642588e-05,0.6245944398498632,True,1759.0
1962,-0.02506474167700749,1.3331305433067234e-05,4.8841624821369844e-05,0.0001010875228964926,0.8966219225141548,True,1760.0
214,-0.03524443657394698,1.3330929053776049e-05,1.9844309781149383e-05,2.9208961081540454e-05,0.40645079203511675,True,1761.0
3068,-0.06650290693865012,1.3303428291173913e-05,2.278807385503462e-05,1.7776148645844345e-05,0.49532413003371717,True,1762.0
23,-0.05124992663477844,1.328190145387051e-05,2.2494728823414592e-05,2.276974664404953e-05,0.5120554742668109,True,1763.0
3519,-0.07278715540137841,1.3248062597574155e-05,7.524413803060065e-06,5.362763053708847e-06,0.1486099624658057,True,1764.0
3439,-0.10375570391523663,1.3243542470822247e-05,2.4701896740499717e-05,1.2350626977884534e-05,0.3619823143965901,True,1765.0
1636,-0.07726979964890082,1.3204257678301525e-05,2.15772081523725e-05,1.4486255783650533e-05,0.4027609898848527,True,1766.0
2203,0.033254504573374644,1.3192130047446768e-05,5.57847319122911e-07,8.702330088048129e-07,0.002099370188943317,True,1767.0
637,-0.02691616359749193,1.3169138863614935e-05,2.9288726942098563e-05,5.644922971841131e-05,0.8336408168458553,True,1768.0
2220,-0.05336885853090807,1.313297933033973e-05,3.2379380988682276e-05,3.1473954458612184e-05,0.7018258158915962,True,1769.0
1456,0.07272172242295107,1.3124113987397227e-05,3.4350997535984264e-06,2.4504502001792888e-06,0.0428144283987531,True,1770.0
3279,0.02260954247877099,1.3112168819454637e-05,4.223596715882407e-06,9.690838446751134e-06,0.10655894140848654,True,1771.0
554,-0.03296297293944758,1.3110007666360902e-05,2.9535084286514818e-05,4.6481755821608836e-05,0.688211718302691,True,1772.0
3859,0.03717651841194953,1.3084446952774593e-05,2.791751849640377e-05,3.8956396839457424e-05,0.7381512818881608,True,1773.0
139,-0.04128671507074865,1.3075679747869711e-05,9.169246302775042e-06,1.1521101241208586e-05,0.24371779375278327,True,1774.0
1874,0.02413979910192587,1.3051237872583441e-05,5.78115677453204e-07,1.2423723567960175e-06,0.0046440613270564285,True,1775.0
1809,-0.06742346757252451,1.3050546444140576e-05,1.7484238461874593e-05,1.3452602845112138e-05,0.34722310579553406,True,1776.0
1693,-0.007759717879217544,1.2996247331139985e-05,7.860280409948927e-06,5.2548798658028626e-05,0.24804376868757555,True,1777.0
3554,-0.05980287712885484,1.2986149873660726e-05,1.817724555523673e-05,1.576800249146453e-05,0.3908645588141739,True,1778.0
234,0.05177268015717432,1.298607793677517e-05,2.29020792328789e-05,2.2948005699688346e-05,0.38183090527387237,True,1779.0
3639,-0.11785254001723636,1.298182991329946e-05,6.681981428398586e-06,2.9412842773163665e-06,0.09148164641516636,True,1780.0
226,-0.050086693337558524,1.296491557144622e-05,1.945948062202395e-05,2.015484988755995e-05,0.38787454672689103,True,1781.0
2154,0.028218337620925377,1.295287443522898e-05,1.6212309225853084e-05,2.9804657645814167e-05,0.37604173293466503,True,1782.0
3348,0.01335199456139038,1.2945478700467162e-05,2.427293313479799e-05,9.430762263588139e-05,0.8069215598956677,True,1783.0
2885,0.01686821376697282,1.289366101035502e-05,1.5546795837372446e-05,4.781261351277497e-05,0.500159043196132,True,1784.0
407,-0.019905975269088112,1.2863530104065621e-05,2.088052735643837e-05,5.441625967643997e-05,0.665309498059673,True,1785.0
852,-0.12152363185797187,1.2848867907523402e-05,2.0357002333620156e-05,8.69007991541702e-06,0.30873465233157327,True,1786.0
803,-0.06931917529783149,1.2790475943937125e-05,1.8516427927704428e-05,1.3857168762671634e-05,0.43946815955213436,True,1787.0
2015,-0.022324283286855078,1.2775939793895691e-05,1.896322907617058e-05,4.406618472927868e-05,0.5803168140466951,True,1788.0
203,-0.05400737869897938,1.2754838703895427e-05,7.912248089740381e-06,7.600068061273413e-06,0.14822825879508875,True,1789.0
605,-0.11658013834741746,1.2746348862245163e-05,1.434211283642596e-05,6.382036047642056e-06,0.21375405560150137,True,1790.0
1935,-0.017503027035176297,1.2735583404459619e-05,3.7554886618443323e-06,1.113073839853234e-05,0.07112411731026147,True,1791.0
5,-0.005478675905422486,1.2719650993634946e-05,2.4745878311415034e-05,0.0002343138429974124,0.9653285832432088,True,1792.0
82,-0.01728669551292137,1.2715181818667653e-05,3.231815671600244e-05,9.698515951484542e-05,0.8933138240346078,True,1793.0
391,0.01791925695419329,1.2712126406348497e-05,7.645771486670907e-07,2.2134616457738075e-06,0.02417456581207456,True,1794.0
1998,0.0451339299198376,1.271136965655744e-05,2.4931089316655525e-05,2.865555264785089e-05,0.560786309561677,True,1795.0
435,-0.10502225397500876,1.2687284498931987e-05,1.8523462843582304e-05,9.149798457454625e-06,0.2566957185571601,True,1796.0
1482,-0.10352493055634303,1.2624314613764468e-05,1.7010208020588366e-05,8.523841414928461e-06,0.27164577899357467,True,1797.0
2565,0.008940399021396714,1.2607535906681507e-05,1.0287550447028298e-05,5.9693323548068436e-05,0.36668999300209937,True,1798.0
2354,-0.03996327289843105,1.2549549342596412e-05,2.155848655987663e-05,2.7985167135262072e-05,0.483936637190661,True,1799.0
136,0.04393540397930232,1.2540852659748087e-05,3.106608316244787e-05,3.668111772337528e-05,0.7354793561931421,True,1800.0
3252,-0.02365685742829289,1.251194328621007e-05,7.62836301905527e-06,1.6728037131855204e-05,0.25071569438259433,True,1801.0
188,-0.009538777878900933,1.2493951395036683e-05,3.476417304036659e-05,0.00018906443943508488,0.872956294929703,True,1802.0
2342,0.03419700111852011,1.2481559662506198e-05,1.9222651583500336e-06,2.9160566449492607e-06,0.05782810611362046,True,1803.0
3909,0.061321333522548295,1.2467063288932864e-05,8.346009597394202e-06,7.060540904369677e-06,0.19797697054520008,True,1804.0
434,0.02500303937366591,1.2457372854594863e-05,1.49873937113845e-06,3.1095961909229523e-06,0.02786436796233857,True,1805.0
2347,-0.04118894357970484,1.2421859378060906e-05,1.3292616835447636e-05,1.674173707890124e-05,0.30345441821998853,True,1806.0
4035,0.0050591055502348554,1.2410079204286428e-05,0.0002807646867067684,0.0028789851663258833,1.0,True,1807.0
964,0.08126419325069319,1.2404172938199157e-05,1.4274227969040268e-05,9.112217648289843e-06,0.25408741014059416,True,1808.0
2535,0.08091277702137051,1.2382688850639256e-05,9.748558246745856e-06,6.250200772848336e-06,0.16292385011769198,True,1809.0
936,0.06272553869733315,1.23505711537945e-05,9.680630078695887e-06,8.006264053772299e-06,0.14822825879508875,True,1810.0
1889,0.0355284005983843,1.234133362248474e-05,1.724447648202201e-05,2.5179380546183216e-05,0.5345123735606591,True,1811.0
3456,0.021744906245230514,1.2336376635125887e-05,7.0488099368024974e-06,1.6816241869420728e-05,0.24486290476493416,True,1812.0
1667,-0.044231905488567515,1.2280188126012524e-05,4.578455754044573e-06,5.369749878495555e-06,0.10973980533112794,True,1813.0
1188,-0.02565963666956681,1.2269144746241837e-05,3.690224327721019e-05,7.460586142194717e-05,0.8313505948215535,True,1814.0
120,0.051711679461652844,1.22614553746546e-05,2.3943370942511273e-05,2.401968653373121e-05,0.527514472930848,True,1815.0
2372,-0.0479721387656664,1.2260375457067119e-05,3.3029017593080284e-05,3.571718796805861e-05,0.6748520898275971,True,1816.0
3937,0.031159827331841285,1.2258253099170893e-05,1.4315227274348946e-05,2.3832735289208502e-05,0.3678987212927031,True,1817.0
264,0.019727203240192916,1.223768544555745e-05,1.6138937967934472e-06,4.244046344141954e-06,0.03435333036452701,True,1818.0
2844,-0.09724813375889263,1.220288434999468e-05,1.9910374314441965e-05,1.062108374937184e-05,0.3488771550353076,True,1819.0
486,-0.03179302437811903,1.2182797555338901e-05,1.708467165858948e-05,2.787696423842238e-05,0.47560277371334053,True,1820.0
2308,-0.018725102791944243,1.217671576360922e-05,7.545207477587215e-06,2.0903435095579418e-05,0.2328392391373497,True,1821.0
802,0.030561490567905244,1.2144136338966957e-05,2.6040856066113785e-06,4.420296578887443e-06,0.06349004389592214,True,1822.0
1035,-0.022179096965764457,1.2143547164300775e-05,5.2118427458631376e-05,0.00012190404825487909,0.9638017685603409,True,1823.0
2153,0.044980701767423234,1.2109228707762778e-05,1.6113246332290652e-05,1.858349965393736e-05,0.4060054710859469,True,1824.0
3727,-0.026067181302083214,1.209351678064232e-05,6.193569980287888e-05,0.0001232587220696852,0.9632292130542656,True,1825.0
1911,0.017313110885994545,1.2091021719568899e-05,2.1525874552961613e-05,6.449950455731114e-05,0.729944652967746,True,1826.0
3477,0.04038998194343005,1.209100454655097e-05,2.9152085144392257e-05,3.744265609422798e-05,0.6197595266874483,True,1827.0
3658,0.0017530210014593255,1.2064153501448736e-05,0.00013783790541186593,0.004078986145096941,1.0,True,1828.0
154,-0.04418342448855568,1.2051988784184813e-05,8.268047105718272e-06,9.707653203782134e-06,0.19167885997837011,True,1829.0
607,-0.025871033609446762,1.2035350100311911e-05,6.322786173008453e-05,0.0001267842771797305,0.9908391119027928,True,1830.0
4068,-0.024924956440733007,1.2034231263930202e-05,4.237450915665519e-05,8.819438921079385e-05,0.8264520643806857,True,1831.0
689,-0.008938500630814588,1.2024532541967766e-05,1.5765849191002399e-06,9.150048101034471e-06,0.040651440931356954,True,1832.0
1422,-0.07089614841205578,1.2016541592708548e-05,7.073550365884144e-07,5.175895418660453e-07,0.005916406896112984,True,1833.0
858,-0.034085585555124864,1.201593922813673e-05,3.8572591397414346e-05,5.870549332017798e-05,0.7842101914880082,True,1834.0
1498,-0.05072696579532744,1.1988316393527806e-05,2.468616926235014e-05,2.5245588598777607e-05,0.5429734715948852,True,1835.0
3983,0.026133714148754487,1.1956235907201407e-05,2.263044876916611e-06,4.492237553208349e-06,0.07201475920860105,True,1836.0
1851,0.016101538559767634,1.1946755838774351e-05,2.218363534938835e-05,7.147201489460196e-05,0.8518353584833641,True,1837.0
959,0.05134376535510718,1.1941164266871415e-05,6.176167952571012e-06,6.240251118779132e-06,0.08422927667154399,True,1838.0
1152,0.030816221634998864,1.1924697750833086e-05,2.54052577247994e-05,4.276760204447614e-05,0.6775876328010688,True,1839.0
2471,-0.03877436736407605,1.1924511121756283e-05,2.735201568120149e-06,3.6594456412742794e-06,0.056555760544563904,True,1840.0
2965,-0.028301352575102173,1.1909625393524452e-05,2.3947887563780962e-06,4.389658176291501e-06,0.041923786500413514,True,1841.0
1391,0.0605065247881669,1.1903242755509655e-05,4.372284475241608e-06,3.7486671918100014e-06,0.09243590559195877,True,1842.0
933,-0.06843663957494098,1.1901674240235956e-05,1.6456344704824085e-05,1.2474277001955293e-05,0.33093708251161014,True,1843.0
991,0.09453214271249394,1.1846325314803426e-05,1.535142505252746e-05,8.424417449212985e-06,0.3097525287868185,True,1844.0
4047,0.0740299954793809,1.1840685206709884e-05,7.955652824702458e-06,5.574921855271796e-06,0.13830396335644762,True,1845.0
108,-0.06430843159135623,1.1824133479107269e-05,2.5659410951007334e-05,2.0699004015655338e-05,0.5011133023729245,True,1846.0
1005,-0.08772349124966994,1.1822389563945165e-05,8.145638988903862e-06,4.8170364785172815e-06,0.14453845664482473,True,1847.0
3121,-0.08270184473344193,1.1821519663818954e-05,2.836984225599695e-05,1.7795590697306872e-05,0.49118900693428336,True,1848.0
3625,-0.04073783795893283,1.1783131526642053e-05,7.311891552803185e-06,9.31113126845486e-06,0.18913416884025702,True,1849.0
1221,-0.07756524759834076,1.175167018683738e-05,8.815845183100726e-06,5.896135505432722e-06,0.15598956676633374,True,1850.0
1673,0.03207272291582963,1.1746422490095018e-05,3.221820642099279e-05,5.2111816465089144e-05,0.73993256568484,True,1851.0
3257,-0.06204856127203082,1.171942508802319e-05,1.1850241961197316e-05,9.907548028586262e-06,0.22705006679814238,True,1852.0
2095,-0.017876848349595225,1.1704815545725418e-05,1.7848505436960202e-05,5.179425422486621e-05,0.6198867612443539,True,1853.0
884,-0.010409450776447594,1.1670265949441067e-05,2.251113934347421e-05,0.00011218643427558466,0.6297474394045423,True,1854.0
3109,-0.02792591539861518,1.16374322885038e-05,1.6070615644628078e-05,2.9853536146426114e-05,0.376805140276099,True,1855.0
1708,0.016576809070140357,1.1633940115755633e-05,1.86982050001874e-05,5.8515330975511624e-05,0.6252942299128443,True,1856.0
3244,0.04622363338660791,1.1612903742937172e-05,4.327170632224539e-06,4.856357225716656e-06,0.0940899548317323,True,1857.0
3345,0.005259451681592279,1.1594923119641553e-05,6.4094778457325634e-06,6.321976328912576e-05,0.26770150772949936,True,1858.0
1143,-0.06646749276179935,1.158999790618375e-05,1.1130754215689155e-05,8.687323222817128e-06,0.20860105604682233,True,1859.0
3670,-0.024206099210830306,1.1578235560820255e-05,2.31064359077485e-05,4.9519794922309934e-05,0.6133977988421655,True,1860.0
2743,-0.09209285059360163,1.1513584760651162e-05,1.2141102397681088e-05,6.839161985595806e-06,0.23722883135059483,True,1861.0
2786,-0.06419327690607711,1.1504679849274455e-05,1.775171918841965e-06,1.4345693825365019e-06,0.030090972708187544,True,1862.0
54,-0.032504596593505304,1.1493719261476825e-05,1.995511342040662e-05,3.1847848917793166e-05,0.5158088936955277,True,1863.0
1133,-0.03788401631498906,1.1483522350535007e-05,1.5318294353761422e-05,2.0976116186052804e-05,0.35472994465296775,True,1864.0
211,-0.046588492151630155,1.1458938524413761e-05,4.005219051795926e-05,4.459829983567115e-05,0.7693873656084993,True,1865.0
3548,0.018943551442562368,1.1456345373376845e-05,7.934271234414217e-06,2.1727828537332296e-05,0.2705642852598766,True,1866.0
202,0.07055090640427158,1.1454147644093533e-05,9.011729910790865e-06,6.6263787192605695e-06,0.17144856543037088,True,1867.0
1923,0.008278247512346255,1.1444141824472892e-05,3.756171948800627e-06,2.3538443536211706e-05,0.16050639353648452,True,1868.0
534,0.021195993628013617,1.1443151437921579e-05,1.7215360278310305e-06,4.213403191833815e-06,0.02614670144411222,True,1869.0
1533,-0.08564819737916651,1.1428141165885062e-05,1.2094228015511184e-05,7.325387610512865e-06,0.22017940072523698,True,1870.0
1892,-0.07134477406185054,1.1397573603729476e-05,2.3510772636315557e-05,1.709524852996073e-05,0.43444239455436096,True,1871.0
521,0.011994539672440924,1.139588568481777e-05,6.359220285159706e-07,2.7503690254725543e-06,0.01291430752592404,True,1872.0
1265,-0.03590484850414642,1.1382288512662688e-05,2.9922983278217992e-05,4.323370705682889e-05,0.6123163051084675,True,1873.0
3795,-0.05386825050914566,1.136116602795423e-05,1.3376303789198997e-05,1.2881722421553579e-05,0.24874355875055665,True,1874.0
913,-0.020973800435526525,1.1356062457705413e-05,4.12815265837357e-05,0.00010210553892411226,0.9527959793880018,True,1875.0
1061,0.03447208625274225,1.135383187728237e-05,2.751817218785612e-05,4.1411665784343835e-05,0.697817927349068,True,1876.0
3742,0.15607052270816493,1.1275588331761685e-05,1.6081514852311033e-05,5.345357490112471e-06,0.22603219034289712,True,1877.0
1619,0.04610087431425195,1.124284658853804e-05,1.928954458223612e-05,2.1706184820966168e-05,0.5079839684458299,True,1878.0
1947,0.011369265446023478,1.1238874500616015e-05,1.7617170251348426e-06,8.038489137896089e-06,0.06132705642852599,True,1879.0
546,-0.03644108419518342,1.1237328316515646e-05,4.595459153722084e-05,6.541966335126303e-05,0.8784909981550989,True,1880.0
1194,-0.060980779924889685,1.123118992745626e-05,2.711647351790368e-06,2.3068051846196104e-06,0.050957440040715056,True,1881.0
3460,-0.04293098273233181,1.1220881133593707e-05,6.340649640606486e-06,7.6618493890576e-06,0.1380494942426363,True,1882.0
2191,-0.08644629383666957,1.1190014511788826e-05,1.4248485177559378e-05,8.55052931864941e-06,0.2666836312742541,True,1883.0
3721,-0.03273893296048488,1.1173389702332115e-05,2.147592064191912e-05,3.4029686968435075e-05,0.6676633373624277,True,1884.0
3875,-0.03165191557666222,1.1149373636503692e-05,4.854064184107753e-06,7.955659738471037e-06,0.16896749157071062,True,1885.0
3176,0.03629824528754802,1.1116397123284206e-05,1.1745676599085739e-05,1.6786613536348948e-05,0.3645906228131561,True,1886.0
3498,-0.026381764607754262,1.1116133513328079e-05,4.7146718990160976e-07,9.270823611596066e-07,0.003308098479547045,True,1887.0
1670,-0.021025210463995938,1.111186742154238e-05,1.17401998561615e-06,2.89671536209966e-06,0.03766142884407405,True,1888.0
3957,-0.06737517079995224,1.1110095936874983e-05,1.630511190448445e-05,1.255436031444897e-05,0.30071887524651697,True,1889.0
523,-0.013428603539860315,1.1090689651069614e-05,2.073259792486346e-06,8.009281491621053e-06,0.04077867548826261,True,1890.0
3388,-0.06553095341202823,1.108238900517377e-05,7.141398722570772e-06,5.653370901675198e-06,0.1666772695464088,True,1891.0
3979,0.028675622281950985,1.1078144791531473e-05,3.085375306220159e-05,5.5816915391728986e-05,0.7351612698008779,True,1892.0
2240,0.007933959530228792,1.1072371483101147e-05,2.235764783897982e-05,0.00014618634726035177,0.7592722183344996,True,1893.0
3858,0.08523248795558555,1.1069509000135855e-05,7.482705629074978e-06,4.5543266764877906e-06,0.11565621222724091,True,1894.0
764,-0.07314573951856232,1.10538019863259e-05,2.4576164821674426e-05,1.7429934704834652e-05,0.47280361346141614,True,1895.0
3316,-0.044373193424811844,1.1048720606834337e-05,3.5336296098362384e-05,4.1311505755019636e-05,0.7550734779566131,True,1896.0
3699,-0.03554503411411334,1.1038900402089466e-05,1.7672220123378804e-05,2.5791871792581583e-05,0.47064062599401996,True,1897.0
3013,0.11554860001754544,1.1025365755932425e-05,2.1382242820468474e-05,9.59973519769836e-06,0.35059482155353394,True,1898.0
1285,-0.008275781666443804,1.101365970537046e-05,1.092845259924631e-06,6.850469430808485e-06,0.04077867548826261,True,1899.0
3679,0.02264138438780854,1.1000713088174597e-05,1.4823272447625036e-05,3.396344983760826e-05,0.4768751192823971,True,1900.0
2312,-0.007709208557700434,1.0999018799138074e-05,4.309393167063705e-06,2.8998598444388668e-05,0.1661683313187862,True,1901.0
2912,-0.06656709639190933,1.0983453584558895e-05,1.3523531717702995e-05,1.053904343659514e-05,0.2857688148101024,True,1902.0
1904,-0.045989868347537655,1.0965743101910478e-05,3.89617461416853e-06,4.3948790779740086e-06,0.09924295438641136,True,1903.0
555,-0.008066721629516709,1.096035572181552e-05,3.442590219169106e-05,0.0002213904813170408,0.9678096571028691,True,1904.0
3463,0.055258011440975086,1.0959996654863676e-05,2.20201956753282e-05,2.06726716253658e-05,0.5122463261021694,True,1905.0
1441,0.024347271927299897,1.0954817752093616e-05,9.589156412905249e-06,2.04315248708018e-05,0.25644124944334884,True,1906.0
1051,0.003910087675606692,1.0954800109311149e-05,6.471765038979256e-06,8.586317236335728e-05,0.30854380049621477,True,1907.0
1138,-0.13885527755212448,1.094340614035836e-05,6.1383243972812595e-06,2.2932855239008676e-06,0.09345378204720402,True,1908.0
403,-0.01451732719357698,1.0925108635301868e-05,2.6706888112052576e-05,9.543491831005318e-05,0.7761307971244991,True,1909.0
165,0.07504010844741454,1.0921049893485349e-05,5.927801270849068e-06,4.097989740402841e-06,0.0963801768560341,True,1910.0
42,-0.05273320202051264,1.0840959269293962e-05,6.07819482232056e-06,5.979448882861688e-06,0.09421718938863795,True,1911.0
1296,0.018750206243947586,1.0838617273861503e-05,2.5749309718262837e-05,7.124103596254021e-05,0.852980469495515,True,1912.0
98,-0.0728049344480073,1.081205352183899e-05,1.8362371697767554e-05,1.3083942997706016e-05,0.33685348940772314,True,1913.0
308,-0.049867964897597455,1.0800944131770499e-05,1.2681360356472563e-05,1.3192128801735796e-05,0.2731089763979897,True,1914.0
3415,-0.02417393714578478,1.0787112650472189e-05,1.1936962956835369e-05,2.5616343712540045e-05,0.4911253896558305,True,1915.0
393,0.038305845701891245,1.077623047081606e-05,2.7199490855448527e-06,3.683548597223879e-06,0.11845537247916534,True,1916.0
2343,0.038440740811003994,1.0767915690934785e-05,5.611469084563432e-06,7.5727829666468985e-06,0.16317831923150328,True,1917.0
64,-0.03465344321768774,1.0759599941296913e-05,1.4369630753064004e-05,2.1511460605726626e-05,0.3626184871811184,True,1918.0
1915,0.02655461680276387,1.0716469820269825e-05,2.694232448418207e-05,5.2633919013496396e-05,0.668235892868503,True,1919.0
2537,-0.07832041378187851,1.0714161956058605e-05,1.766277001462141e-05,1.1699155812685678e-05,0.35237610535021313,True,1920.0
491,0.039292137209472514,1.0703144894352761e-05,4.897837422238561e-07,6.466501720688159e-07,0.003308098479547045,True,1921.0
585,0.011531451471687397,1.0699839111013694e-05,1.4655173980975303e-05,6.592918197098627e-05,0.6344551180100515,True,1922.0
741,0.0245429433578597,1.0695662568641858e-05,2.3410686400311502e-05,4.9483246665651846e-05,0.7765761180736688,True,1923.0
524,-0.13981575270610436,1.0689878236858233e-05,2.1683196789188974e-05,8.04521936924092e-06,0.32438450283096887,True,1924.0
2688,0.010759027173149466,1.0667190769311948e-05,4.592888821859895e-05,0.00022145404260061355,0.9928748648132832,True,1925.0
3945,-0.033598728620784654,1.06327977118404e-05,4.708079820897961e-06,7.269284354298727e-06,0.17920987340161587,True,1926.0
892,-0.020610529884321577,1.062839051710707e-05,3.186124925589005e-05,8.01944525594226e-05,0.8611870984159298,True,1927.0
3528,-0.03236994592910661,1.0614663792858006e-05,7.262900024758249e-06,1.1639619310788804e-05,0.20357529104904892,True,1928.0
838,-0.11867195144018326,1.0613076576476845e-05,5.119421633838876e-07,2.2379145488871735e-07,0.0028627775303772503,True,1929.0
1952,0.11396482854060783,1.0585349277007654e-05,1.5856962915111997e-05,7.218049454876467e-06,0.28621413575927224,True,1930.0
3127,0.036931769229156364,1.0578564114773858e-05,2.1268533663425686e-05,2.987501417745185e-05,0.5712195432279407,True,1931.0
73,-0.020321076056710095,1.0572047072740933e-05,1.9058454716432793e-06,4.865322887560414e-06,0.024874355875055664,True,1932.0
4090,-0.06246881455390263,1.052790479560778e-05,1.5141462639903771e-05,1.2574051911623231e-05,0.3314460207392328,True,1933.0
3361,-0.05685906738506056,1.0504457906711502e-05,1.4797537645675424e-05,1.3500828042177785e-05,0.3299828233348177,True,1934.0
3182,-0.03705697186570412,1.0487447017063068e-05,1.55480586980975e-05,2.176591495956965e-05,0.4220370252560596,True,1935.0
29,-0.09888551290520348,1.0484153277853546e-05,1.1466676230807753e-05,6.015553088089185e-06,0.21241809275399198,True,1936.0
1534,-0.014381911704634577,1.046913217847634e-05,2.999762782410509e-05,0.00010820341774044406,0.8837712322666836,True,1937.0
2574,0.038340263708820224,1.0440071098181768e-05,1.9445483348970953e-05,2.6310816839452764e-05,0.5639671734843184,True,1938.0
1907,0.005482036612655561,1.0417777370722286e-05,2.1376960176002958e-06,2.022901333706665e-05,0.1719575036579935,True,1939.0
85,-0.0049032368075633695,1.0404342309308112e-05,7.696516118173236e-07,8.142954328677734e-06,0.033208219352376105,True,1940.0
1015,-0.04094828037599534,1.0400536493476215e-05,1.1137886410871517e-06,1.4110350458292509e-06,0.02468350403969718,True,1941.0
663,-0.0015272134299538786,1.035453739993879e-05,6.535366383387463e-06,0.00022199382264970216,0.3806857942617215,True,1942.0
2107,-0.027192995189508653,1.0346076991653735e-05,2.397471463712394e-05,4.573693789046365e-05,0.7577454036516318,True,1943.0
1496,-0.018719500342833827,1.0320453168972247e-05,2.5318846494912803e-06,7.016497059239108e-06,0.06851580889369553,True,1944.0
357,0.06965173130186247,1.0312244390067622e-05,2.4343442229114507e-05,1.8130958213111038e-05,0.5466632737451492,True,1945.0
2008,-0.013362067048539938,1.0310085203564501e-05,2.3316080756587706e-06,9.052167646049624e-06,0.08779184426490234,True,1946.0
1224,-0.07853590533315405,1.0305184704020088e-05,1.921877528083449e-05,1.2694866510261758e-05,0.3795406832495706,True,1947.0
708,0.07605937065823297,1.0288723314979435e-05,2.48706622450215e-05,1.6963103280419292e-05,0.4408041223996437,True,1948.0
134,0.023543419381322123,1.027969977911305e-05,3.759881651631251e-06,8.2846720306581e-06,0.08130288186271391,True,1949.0
2869,-0.04138566818299135,1.0272317177266796e-05,3.0348940397496187e-05,3.804207921787568e-05,0.7511928239709905,True,1950.0
358,-0.003031754218118031,1.0258754753794254e-05,0.000262815068458436,0.004497042123469293,1.0,True,1951.0
2663,-0.0910929155812687,1.0254733481885037e-05,6.121825095163212e-06,3.486318006417539e-06,0.10255105286595839,True,1952.0
2261,-0.10999162144152694,1.0244493505110262e-05,2.7933681390776937e-05,1.3174655121872913e-05,0.4941154017431134,True,1953.0
4050,0.030330012723229747,1.0228006448316664e-05,1.1333409486513679e-05,1.9384681614253774e-05,0.47172211972771805,True,1954.0
979,-0.047894420433438,1.0216893477350643e-05,1.3790516828607018e-05,1.4937100553472166e-05,0.28977670335263056,True,1955.0
3479,-0.006942290831576922,1.021421659434159e-05,3.436119196572919e-05,0.00025676516401968016,0.9799605572873592,True,1956.0
1239,0.100687454374772,1.0185752837599122e-05,5.191892972122432e-06,2.6749831731406368e-06,0.08550162224060055,True,1957.0
4048,-0.03699918122298423,1.0174890610793214e-05,1.8909529874331174e-05,2.651302629112828e-05,0.49118900693428336,True,1958.0
1625,-0.02618971837338349,1.0174070217810346e-05,6.886537323211315e-06,1.3640828900465518e-05,0.17068515808893694,True,1959.0
2341,-0.04894319784302021,1.0162263561294266e-05,1.1891476041626715e-05,1.2604165807517449e-05,0.3519307844010433,True,1960.0
317,0.05955027198216692,1.015495069795087e-05,4.818798478285193e-06,4.197838240178693e-06,0.11158470640625993,True,1961.0
2110,0.061177496923580474,1.0117257030420934e-05,2.0719995115379743e-05,1.7569873275011268e-05,0.44124944334881355,True,1962.0
3731,0.048826604440858165,1.0109240181034567e-05,3.494024758045409e-05,3.712274987293632e-05,0.7338889242318214,True,1963.0
3725,0.012244347036325869,1.0106296029680388e-05,1.6624665354136193e-06,7.043491033734812e-06,0.027164577899357466,True,1964.0
3379,-0.07333339740847314,1.0103599203420983e-05,1.5160441111390338e-05,1.0724590453539616e-05,0.342451809911572,True,1965.0
3680,0.030409098979677564,1.0099071325822631e-05,9.655045496127043e-06,1.64710564891009e-05,0.34703225396017556,True,1966.0
1991,-0.007445195563980582,1.0093200219464534e-05,3.3115752866934204e-05,0.00023074335729240917,0.9641834722310579,True,1967.0
890,0.01467997261822334,1.0072920264096954e-05,9.568061410047388e-07,3.3811885748649216e-06,0.012723455690565558,True,1968.0
3410,-0.0766906015934479,1.0069373588855789e-05,7.228771999121163e-06,4.8898221860751725e-06,0.11527450855652395,True,1969.0
1520,0.015674514140333502,1.0057396422783067e-05,3.0016982602540646e-06,9.934445459322066e-06,0.08505630129143076,True,1970.0
1547,-0.05929966614122725,1.0046003461633195e-05,7.605342403429657e-07,6.653301546944787e-07,0.01437750493033908,True,1971.0
2790,-0.02888240958357414,1.0044463679513272e-05,8.197306734528381e-06,1.4723411426312833e-05,0.24791653413066989,True,1972.0
1071,-0.015791193621680275,1.0043594922690738e-05,1.084963221198842e-05,3.564271205373017e-05,0.4722946752337935,True,1973.0
939,0.012819544204843544,1.003679909769487e-05,2.3033672839474865e-05,9.320973946019552e-05,0.8842165532158535,True,1974.0
2285,-0.04726855537999428,1.0036089841239781e-05,3.864655163293847e-06,4.241398742378335e-06,0.1190279279852408,True,1975.0
1847,0.015509728769062304,1.0030573807241662e-05,2.34684760755741e-05,7.849669484301103e-05,0.8216807684967237,True,1976.0
3807,-0.022382406935675055,9.9998261967765e-06,9.090796843017154e-06,2.1070063735576932e-05,0.3482409822507793,True,1977.0
172,0.02695568045536939,9.916398634045357e-06,1.573872963925782e-05,3.0289357417709308e-05,0.4917615624403588,True,1978.0
1095,-0.041355602932810286,9.91397881635526e-06,1.719277781100109e-05,2.1566634492113177e-05,0.565557605445639,True,1979.0
1126,-0.02935527237865482,9.913766908864245e-06,3.997065762763981e-05,7.063596188020703e-05,0.9016476875119283,True,1980.0
1316,-0.03968904264108307,9.897836888191114e-06,1.0794929753700133e-05,1.4109768283382261e-05,0.35428462370379793,True,1981.0
3172,-0.09388443171916883,9.881226855694556e-06,9.982127276518584e-06,5.515694521787187e-06,0.1634964056237674,True,1982.0
1130,-0.00825711018042261,9.857653260733918e-06,2.0928663518550603e-05,0.00013148738860723814,0.7552007125135187,True,1983.0
974,-0.023999984929034723,9.856719490001276e-06,1.0397398560963184e-05,2.2474208585179834e-05,0.3761689674915707,True,1984.0
2699,-0.01074166441462795,9.835291604693346e-06,2.1097969235100844e-05,0.00010189192299847843,0.9104268719384184,True,1985.0
177,0.009948432256759092,9.830914428053568e-06,1.823383705108048e-05,9.508108011387404e-05,0.8055855970481582,True,1986.0
1706,-0.037449077515425346,9.83058066984761e-06,9.197225642852217e-06,1.27404979292808e-05,0.23888288059036836,True,1987.0
770,0.048299193505031264,9.82920680275201e-06,7.128489847922012e-06,7.656465689813659e-06,0.14441122208791907,True,1988.0
271,0.09437628849465318,9.82026445165576e-06,1.8274722066713823e-05,1.0045199606061134e-05,0.38882880590368346,True,1989.0
2425,0.02676319779424888,9.781956533961191e-06,2.32617488474594e-05,4.5089460911791984e-05,0.6443157961702398,True,1990.0
300,-0.0629401991090006,9.762150499015349e-06,4.088337826339061e-06,3.369685327723501e-06,0.07545009224505375,True,1991.0
3808,-0.04237662173999399,9.75672843217965e-06,1.9858033602698523e-05,2.4309755657402002e-05,0.5549971372224696,True,1992.0
1115,-0.015103680257396541,9.752020034243347e-06,5.992612332990304e-06,2.058278250291719e-05,0.16146065271327692,True,1993.0
1751,0.013319356857799261,9.750202306881035e-06,2.0736084799900825e-05,8.076332485612389e-05,0.833386347732044,True,1994.0
2020,-0.07347561594665963,9.724584552423868e-06,1.662321706415491e-05,1.1736605978926374e-05,0.34722310579553406,True,1995.0
661,-0.009584293921949327,9.715779422627501e-06,2.4981482749286526e-05,0.00013521621421308254,0.8727018258158916,True,1996.0
1398,0.04210299869457409,9.708415742338716e-06,9.370947029207411e-06,1.1546254838367721e-05,0.2764806921559896,True,1997.0
3150,0.016530299149663127,9.704945031295374e-06,2.3168019731413984e-05,7.270744535594215e-05,0.7600356256759336,True,1998.0
2458,0.04876611204295195,9.655232954840407e-06,2.068033493477871e-05,2.1999363735336464e-05,0.5221706215408105,True,1999.0
2632,0.04236033992519824,9.643662428006881e-06,7.990326718210751e-07,9.785336963345357e-07,0.012023665627584453,True,2000.0
1078,-0.048115601943322275,9.632401664004744e-06,1.5307138192701722e-05,1.6503602846770805e-05,0.4443030727145493,True,2001.0
2620,-0.018386397314415135,9.62770578704574e-06,4.303224659206647e-06,1.2141380329225268e-05,0.135568420382976,True,2002.0
2419,0.049889928799435754,9.575117902131006e-06,5.0480046773360075e-06,5.2490117963103165e-06,0.09129079457980788,True,2003.0
3874,-0.005631817238043093,9.552629285651595e-06,0.00012057529993291333,0.001110658340784575,1.0,True,2004.0
1008,0.04919914716123183,9.54931570152222e-06,5.186974716076384e-06,5.469243265486104e-06,0.16165150454863542,True,2005.0
3826,-0.02299836497543143,9.544098121972336e-06,2.1381876703360358e-05,4.823025336554374e-05,0.6794961511546536,True,2006.0
2232,0.06695705725794664,9.53394815792646e-06,1.3055500881446463e-05,1.0115046052514877e-05,0.24505375660029263,True,2007.0
383,0.017215558016126023,9.533121517039695e-06,1.9949420315322042e-05,6.0114586009759667e-05,0.7416502322030664,True,2008.0
1001,-0.058024522317861225,9.524186791449217e-06,6.523452386276795e-06,5.832256385817863e-06,0.14682867866912652,True,2009.0
2,-0.04485421300163531,9.493897457172434e-06,1.9548505162154928e-05,2.2608981396702332e-05,0.5439277307716776,True,2010.0
2105,0.06385195750574461,9.458099131137369e-06,1.1245180137859007e-05,9.136142928129542e-06,0.1994401679496151,True,2011.0
3601,-0.02922197063790806,9.44767106713296e-06,5.11181307425983e-06,9.074780907230212e-06,0.12589859405814618,True,2012.0
305,-0.006585022864411217,9.438109787667578e-06,8.927952739916013e-07,7.033399394126812e-06,0.030917997328074306,True,2013.0
2810,-0.06864286877278698,9.419661952605683e-06,9.874276493470791e-06,7.462434678344122e-06,0.2677651250079522,True,2014.0
3140,-0.04312657796165197,9.419369478600893e-06,6.38524140855374e-06,7.680738987762973e-06,0.1265983841211273,True,2015.0
1891,-0.07893300523639932,9.347490296057242e-06,4.303163478548476e-06,2.828133404669635e-06,0.08028500540746866,True,2016.0
3993,-0.03300917818833998,9.342027872284057e-06,1.223229805377532e-05,1.922401190786542e-05,0.36643552388828804,True,2017.0
2302,-0.060969693518883455,9.329619543832806e-06,1.0788759351447626e-05,9.179693448791365e-06,0.28087028436923467,True,2018.0
911,0.016649609996191937,9.317188907837128e-06,1.2328932364703773e-05,3.8414226203064406e-05,0.5096380176856035,True,2019.0
1597,-0.07812832232230851,9.311122517635874e-06,4.620977393909791e-06,3.0682873500063366e-06,0.10725873147146765,True,2020.0
3358,0.017323599147527406,9.30901779406219e-06,1.4300769217895159e-05,4.2824466021452095e-05,0.5386474966600929,True,2021.0
1187,-0.04537842507888307,9.308158867284723e-06,1.7512874252306467e-06,2.0020674026347224e-06,0.048921687130224566,True,2022.0
1431,0.030146287232299566,9.289941130380925e-06,1.0402257969732957e-05,1.7900471534250107e-05,0.31954958966855396,True,2023.0
1956,0.044618321863975755,9.272322974488945e-06,9.770349880657383e-06,1.135971847524572e-05,0.2470258922323303,True,2024.0
3922,-0.04409131089192364,9.24246042947463e-06,1.2341323410017341e-05,1.4520427624457296e-05,0.30797124499013934,True,2025.0
2956,-0.13076541847656512,9.237004968029612e-06,5.439070994964743e-06,2.1577568495145373e-06,0.08200267192569502,True,2026.0
3416,-0.01796032029925018,9.220842879665128e-06,8.283794654514461e-06,2.39268722871884e-05,0.3899102996373815,True,2027.0
3542,0.0143186009837142,9.210431343478083e-06,1.2953100426497301e-05,4.692927340194709e-05,0.6997900629811057,True,2028.0
3786,0.008716225918892448,9.203718515860348e-06,1.8292463323885846e-05,0.00010887154821382912,0.7113684076595204,True,2029.0
3987,-0.014332293082045137,9.193708904012527e-06,1.1944028135448511e-05,4.323204919249861e-05,0.5283414975507348,True,2030.0
1315,-0.012400177531587772,9.191684044842853e-06,1.605242067398883e-05,6.715576702207486e-05,0.5642852598765825,True,2031.0
1843,-0.024947862555291578,9.187780940511362e-06,1.633662743454139e-05,3.3970328482056634e-05,0.45314587441949233,True,2032.0
3265,0.022212970279674848,9.184614281107972e-06,2.5727350148993014e-06,6.008403715877607e-06,0.061390673706978816,True,2033.0
1594,-0.06288482809996902,9.1611842734403e-06,4.19371322238353e-06,3.4595812532133417e-06,0.0963801768560341,True,2034.0
1789,0.041167529083348454,9.152670926378407e-06,2.8332206932392346e-05,3.570230768215992e-05,0.7242827151854444,True,2035.0
2625,0.04956593937860626,9.134703180799835e-06,2.8916873141406005e-05,3.0264860233072628e-05,0.7048158279788791,True,2036.0
3824,0.050760752771141344,9.12639214807223e-06,1.3378075840209998e-05,1.3672133298147579e-05,0.3532667472485527,True,2037.0
1908,0.037359184263504076,9.114021286600921e-06,9.286342347375784e-06,1.2894900328715608e-05,0.3832304853998346,True,2038.0
3137,0.05355184127445291,9.111070062075663e-06,2.0289957962263878e-05,1.9655198027603007e-05,0.5399198422291495,True,2039.0
1912,0.012311746351508559,9.092529143046235e-06,5.09459640188343e-06,2.146647867262339e-05,0.23150327628984033,True,2040.0
860,-0.02248678137514734,9.081510724579485e-06,7.92075076327656e-06,1.827299496663969e-05,0.21706215408104843,True,2041.0
3464,-0.05871496941911179,9.06629486716058e-06,1.4945001406449056e-05,1.3204373657290369e-05,0.3490680068706661,True,2042.0
1469,-0.002250507846033101,9.059521516248419e-06,0.00023039281144042,0.005310789369882921,1.0,True,2043.0
309,-0.04460947424261868,9.058430615176946e-06,1.9486759552794368e-05,2.2661215767565922e-05,0.5073477956613016,True,2044.0
412,-0.025621343490250702,9.056907478812611e-06,1.8523117979284937e-05,3.7504456682030366e-05,0.538965583052357,True,2045.0
3065,-0.029395005541096846,9.03630751537532e-06,1.0600075452499351e-05,1.8707083920717464e-05,0.3765506711622877,True,2046.0
1427,-0.010669179496953854,9.03597530856049e-06,1.5144245468864464e-05,7.363551065148081e-05,0.6543673261657866,True,2047.0
2750,-0.029812470803889848,9.026513764252168e-06,2.1740209617679268e-05,3.783000863386042e-05,0.6668363127425408,True,2048.0
3175,-0.019319245121946826,9.01862541396339e-06,2.410315747321904e-05,6.472237860176591e-05,0.7102232966473694,True,2049.0
2325,-0.15431993964421847,9.018311066350874e-06,4.525979551383205e-06,1.521462410051371e-06,0.05852789617660156,True,2050.0
4059,-0.06029689950750551,9.0066188338961e-06,1.3983795429660272e-05,1.2030973360580105e-05,0.31032508429289396,True,2051.0
1452,-0.05513721208037389,9.001529621275801e-06,1.3158280529183723e-05,1.2380124793257491e-05,0.33182772440994973,True,2052.0
3189,-0.06751191714537623,8.99808793852931e-06,1.6887940859676995e-05,1.2976780026089048e-05,0.4640244290349259,True,2053.0
2508,0.020182602254134183,8.97714028992647e-06,1.0884667701818472e-06,2.797748668832544e-06,0.027164577899357466,True,2054.0
116,-0.009068308535467693,8.956140621593915e-06,1.231799466633773e-06,7.046677696904172e-06,0.04383230485399835,True,2055.0
2031,0.03166657773031402,8.94968681491615e-06,6.441390830215614e-07,1.055235040522307e-06,0.0072523697436223675,True,2056.0
475,-0.037363903812112936,8.949557848270016e-06,7.933845554049175e-06,1.1015448409606188e-05,0.2531331509638018,True,2057.0
719,-0.034492156747152954,8.898842241365835e-06,1.1895917299703373e-05,1.78915624853767e-05,0.42299128443285194,True,2058.0
3830,-0.057734599836507486,8.894558807055834e-06,1.311748114720228e-05,1.178650305038938e-05,0.319167885997837,True,2059.0
364,-0.013448090981986951,8.892806945774824e-06,4.647808903374974e-07,1.7929092555693584e-06,0.010305999109358102,True,2060.0
578,-0.0021611752318479328,8.886540771620198e-06,7.300821913457966e-06,0.00017524775274103507,0.5033399071187734,True,2061.0
1128,0.020150016225056223,8.885181203668693e-06,1.059191264684376e-05,2.7269029045247252e-05,0.45066480055983205,True,2062.0
86,0.015678632637411708,8.883444705261728e-06,1.880114578813663e-05,6.22080827968807e-05,0.6896112984286532,True,2063.0
3804,-0.03917827402570407,8.859739842168602e-06,1.1743285952745568e-05,1.5549449598527875e-05,0.3751510910363255,True,2064.0
2556,-0.0070815410490652,8.833855092623983e-06,6.062212535634144e-06,4.4409314103374666e-05,0.29442076467968703,True,2065.0
1179,-0.08016479128418041,8.829589046941608e-06,2.3641591764136583e-05,1.5299024210027202e-05,0.5017494751574527,True,2066.0
2374,-0.06631806765166397,8.826751563488132e-06,1.963126298382681e-05,1.535631675773606e-05,0.45047394872447355,True,2067.0
1281,0.007734993129136401,8.789864399083775e-06,3.3479002395942265e-06,2.2453459312208835e-05,0.1694128125198804,True,2068.0
3179,0.002566128611926469,8.789570634683943e-06,1.2299494224306013e-05,0.0002486448784646171,0.8430561740568738,True,2069.0
628,-0.06779491352772103,8.789247553292352e-06,9.532615526001135e-06,7.294334084274973e-06,0.22399643743240663,True,2070.0
1576,-0.02806591036009189,8.777550321551185e-06,3.421507771449159e-05,6.32425075481673e-05,0.8797633437241554,True,2071.0
2139,0.037104197519680644,8.771888678683367e-06,6.2929475054953146e-06,8.79836044798632e-06,0.16833131878618232,True,2072.0
3584,0.04578252432096694,8.755298129309017e-06,1.9030634967807536e-05,2.156374703629221e-05,0.5287232012214518,True,2073.0
3271,0.007751054346024991,8.751385045453736e-06,1.0212620872880468e-06,6.835135241968097e-06,0.039442712640753226,True,2074.0
3817,-0.02094217010820028,8.749574418594825e-06,1.716739604566787e-05,4.252589157910896e-05,0.6527132769260131,True,2075.0
2592,0.012769238454264852,8.733054525956088e-06,1.3692755551406281e-05,5.5628396588849065e-05,0.5158088936955277,True,2076.0
1933,0.02129748228004063,8.721548685159756e-06,4.035770784847779e-07,9.830348417487469e-07,0.00547108594694319,True,2077.0
1750,-0.09729369434209084,8.71988882858845e-06,2.2665789952426803e-05,1.2085283696481204e-05,0.46116165150454863,True,2078.0
3737,0.0199669549056727,8.712922513568933e-06,1.8881901207913133e-05,4.905740462547797e-05,0.5859787518289967,True,2079.0
2452,-0.06330033747511267,8.699850052305333e-06,2.4600963401413314e-05,2.0161218379266773e-05,0.5370570646987722,True,2080.0
724,-0.028943944196410335,8.677618093235731e-06,2.048342465832892e-05,3.671263367661611e-05,0.5646033462688467,True,2081.0
694,-0.028713938080560015,8.669504828746991e-06,3.9650616388277927e-07,7.163542928016639e-07,0.0037534194287168394,True,2082.0
1795,-0.08120416497252525,8.655953044724046e-06,1.9963914411346916e-05,1.2753755258962057e-05,0.45549971372224696,True,2083.0
3929,0.009928676742343429,8.640261178726199e-06,1.8429401655121706e-06,9.629207565087302e-06,0.04993956358546981,True,2084.0
3775,-0.029592984729728263,8.603064204089523e-06,9.827508555224068e-06,1.7227622423516776e-05,0.30205483809402633,True,2085.0
3620,-0.038259905366139595,8.591645985970437e-06,3.162159253826691e-06,4.287563163424146e-06,0.08931865894777022,True,2086.0
3211,0.03229690101064788,8.585062687844878e-06,9.754472161282408e-06,1.5668001536889864e-05,0.31687766397353523,True,2087.0
2954,0.03880204509399284,8.574496301813212e-06,2.402577961343335e-06,3.2121332815452457e-06,0.07061517908263884,True,2088.0
2082,-0.030611271456459702,8.574353473100597e-06,1.7957281713133415e-06,3.0431959096921613e-06,0.0588459825688657,True,2089.0
1446,0.010771104243360816,8.572313155201511e-06,3.401367881405211e-06,1.6381892120472813e-05,0.1710668617596539,True,2090.0
1910,-0.08143680638045417,8.557748143397934e-06,5.319554224014695e-07,3.3886381067047407e-07,0.005598320503848845,True,2091.0
849,0.0037402619161767178,8.55746933649682e-06,5.4155683227889885e-05,0.0007511258496685088,1.0,True,2092.0
2469,-0.007600941434313448,8.557170906827493e-06,4.0215545414211076e-05,0.0002744715033661149,0.9821871620332082,True,2093.0
1855,-0.06023682116078798,8.555629599615798e-06,1.1166912902047313e-05,9.617047653481004e-06,0.2904128761371588,True,2094.0
2966,-0.05412281218660378,8.548605644171821e-06,8.495786600537023e-06,8.143177947430786e-06,0.2076467968700299,True,2095.0
3009,0.036447480409982,8.544376091853935e-06,6.2069938091395e-05,8.834551063276247e-05,0.9846046186144157,True,2096.0
4094,0.08247774438150814,8.539912013491468e-06,5.9487121675231564e-06,3.7415957604526046e-06,0.13060627266365546,True,2097.0
1960,-0.07687391206036995,8.531866081073517e-06,1.2513992899163629e-06,8.444765725782293e-07,0.02385647941981042,True,2098.0
387,0.02455029414362379,8.515485424571025e-06,4.140469183339968e-05,8.749103234820985e-05,0.940899548317323,True,2099.0
2411,-0.02093479976221455,8.514794930867097e-06,8.911332297067312e-06,2.208231046213154e-05,0.3548571792098734,True,2100.0
1890,-0.05835187795178604,8.511196487175526e-06,1.1070540691783488e-05,9.842029881414785e-06,0.27139130987976334,True,2101.0
1185,0.04556714010191895,8.502777051277074e-06,9.694048443535683e-06,1.1036315257699321e-05,0.2850690247471213,True,2102.0
3530,-0.03288464352728321,8.48003218394262e-06,1.7954155911493102e-05,2.832321428206835e-05,0.574782110821299,True,2103.0
2048,0.05659836034362681,8.47621828858761e-06,1.7762808355515433e-06,1.6280902092322519e-06,0.049112538965583055,True,2104.0
3842,-0.04187739440482304,8.444894932076261e-06,5.461623258858411e-06,6.765700540528381e-06,0.15719829505693747,True,2105.0
2497,-0.03679579659332279,8.420295355984201e-06,1.3979152189730991e-05,1.9708488028397603e-05,0.4525733189134169,True,2106.0
1885,0.07468164366905242,8.420069378441162e-06,5.643481952304161e-06,3.920161480830466e-06,0.11412939754437305,True,2107.0
1484,-0.03995311963320293,8.398898177609478e-06,2.4863312169709e-06,3.228337800812628e-06,0.05820980978433742,True,2108.0
1676,-0.1390348881748509,8.394545227258447e-06,6.6310405657555765e-06,2.474164533427352e-06,0.10305999109358102,True,2109.0
640,0.01032752582835629,8.390234910664455e-06,1.8701130077243692e-06,9.393820244527246e-06,0.04262357656339462,True,2110.0
2809,0.04189275436168301,8.3804546567982e-06,1.5365377162239306e-05,1.9027204856102448e-05,0.4792925758636046,True,2111.0
4037,0.027976227082738444,8.377882867728987e-06,1.1885038819434877e-05,2.2038505705939487e-05,0.4081684585533431,True,2112.0
1729,0.022052411689237883,8.37184568369473e-06,1.3224751407878667e-05,3.11101503385366e-05,0.5890323811947324,True,2113.0
3389,0.06288973153277112,8.370273445138478e-06,2.4364886789161518e-05,2.0098115664695306e-05,0.5570328901329601,True,2114.0
1201,0.026632920104208715,8.346287199060174e-06,1.492103608857166e-06,2.9063698445255968e-06,0.03817036707169667,True,2115.0
1603,-0.0035889349526099135,8.312438732675115e-06,8.123040970979401e-07,1.1741504285104157e-05,0.04618614415675298,True,2116.0
2594,-0.04863778127180867,8.311773386430559e-06,1.3935279601102194e-05,1.486321006673316e-05,0.4010433233666264,True,2117.0
2933,-0.002787309246870032,8.31133094052252e-06,5.589316573799633e-07,1.040265599503594e-05,0.02589223233030091,True,2118.0
1634,-0.13542513229959127,8.297563914638301e-06,7.2962358517313285e-06,2.794925782189569e-06,0.10579553406705261,True,2119.0
2482,-0.0767606281543391,8.288231467770877e-06,1.3767150886538695e-05,9.304139997237804e-06,0.29461161651504547,True,2120.0
1148,-0.05495838196372048,8.285504685583385e-06,7.595278769707756e-06,7.169361256229215e-06,0.19924931611425664,True,2121.0
3809,0.027220860520894324,8.28486740061237e-06,5.813002456915245e-06,1.1078203549189024e-05,0.1788281697308989,True,2122.0
205,-0.02405264094639249,8.270337323366453e-06,6.247106827386326e-06,1.3473699233431635e-05,0.1458108022138813,True,2123.0
3393,0.023170714932941008,8.26938448113718e-06,3.7384355613005923e-06,8.369916960596499e-06,0.11387492843056174,True,2124.0
1415,0.027523346340548326,8.261242407003315e-06,2.0523246792082444e-06,3.8682587511983724e-06,0.05102105731916789,True,2125.0
1820,-0.06314195510193317,8.257503327173959e-06,1.1745997856699386e-05,9.650339151317342e-06,0.2827151854443667,True,2126.0
683,0.023717723547926395,8.217254329110487e-06,1.6605992106796148e-05,3.632139404732845e-05,0.6461606972453718,True,2127.0
1776,-0.02874064339135312,8.198909207750897e-06,1.6624593732313803e-06,3.000718384797333e-06,0.07379604300528024,True,2128.0
750,0.02292519584235381,8.188929497087231e-06,3.899362514565637e-06,8.823710327787457e-06,0.14937336980723964,True,2129.0
406,0.006101549868603229,8.1882858006352e-06,1.4459059841466785e-06,1.229335927866433e-05,0.05801895794897894,True,2130.0
1473,0.09164395226201756,8.187489974460986e-06,1.4421802905613755e-05,8.163688589811206e-06,0.3057446402442903,True,2131.0
3621,-0.017215621542852333,8.186433369532377e-06,1.5934439755430635e-05,4.801586709648999e-05,0.7133405432915579,True,2132.0
1149,-0.06225374673809019,8.182292410465637e-06,1.1244014604407357e-05,9.369719523371189e-06,0.26821044595712196,True,2133.0
3986,-0.03435665272349687,8.169093523148555e-06,6.252050330418533e-06,9.440224114282848e-06,0.16260576372542782,True,2134.0
1850,-0.003798689097670773,8.167684992636374e-06,7.861742434984628e-06,0.00010736327368114493,0.5368025955849609,True,2135.0
3701,0.012871184805025427,8.153153764443904e-06,1.606464886835662e-05,6.474755835748542e-05,0.8221897067243463,True,2136.0
325,-0.04246246446415733,8.132291541805501e-06,1.1997651094315514e-05,1.465756118849486e-05,0.36452700553470324,True,2137.0
2543,-0.05312202409221254,8.126821567775382e-06,2.6354071049252998e-06,2.5736162036277063e-06,0.06527132769260131,True,2138.0
1056,0.04013496827162531,8.126186223641393e-06,1.3519438662223201e-05,1.747456687083921e-05,0.405242063744513,True,2139.0
2028,0.01021963125787149,8.125918725671482e-06,3.231117900128591e-07,1.6401677321602724e-06,0.001463197404415039,True,2140.0
831,-0.06350352380877441,8.124077761132125e-06,1.4376595967280984e-05,1.174434842112407e-05,0.3319549589668554,True,2141.0
967,-0.12536825475042446,8.117727506272642e-06,1.3433601165649956e-06,5.558729673994577e-07,0.013296011196641007,True,2142.0
1859,-0.03706278058359666,8.106723497751457e-06,6.242386803792995e-06,8.737423001427891e-06,0.2168076849672371,True,2143.0
1563,-0.11416747939003866,8.083622076687405e-06,1.1496399260295814e-05,5.223842923654564e-06,0.21629874673961447,True,2144.0
1261,0.03806598321124556,8.073400242091808e-06,2.1937598186463855e-06,2.989666259445971e-06,0.07048794452573319,True,2145.0
1046,-0.08605063859608676,8.070649648371484e-06,4.160749440824164e-06,2.508350086035538e-06,0.07907627711686493,True,2146.0
487,-0.009567422723728881,8.06051891817538e-06,7.950286340952466e-07,4.310806130847854e-06,0.02162987467396145,True,2147.0
2747,0.031127800450306237,8.05835264215454e-06,8.841491613240431e-06,1.4734920257830498e-05,0.2458807812201794,True,2148.0
1854,-0.03505611400834604,8.037757348573951e-06,1.1775902357704027e-05,1.7426136341635422e-05,0.38151281888160826,True,2149.0
3116,0.019935905412580224,8.027970085881228e-06,2.9072742549427118e-06,7.56520537221802e-06,0.10375978115656212,True,2150.0
917,0.03511805158547279,8.004782609613728e-06,1.584680316373057e-05,2.340895007112929e-05,0.6592022393282015,True,2151.0
1601,0.01142509051258737,7.993194448590909e-06,2.1357327274418617e-05,9.697458676916674e-05,0.7567275271963866,True,2152.0
2818,-0.017523849567992477,7.979200435977131e-06,1.8011451621707177e-06,5.3319968458605205e-06,0.06240855016222406,True,2153.0
1652,-0.02921287863550644,7.977975292782876e-06,1.5915408378125467e-05,2.8262730455414706e-05,0.5264329791971499,True,2154.0
1085,0.01920339543488833,7.974270716301124e-06,3.837122240028533e-07,1.0365691852182574e-06,0.0072523697436223675,True,2155.0
1110,0.08955069398929695,7.952426836484561e-06,1.0654404653829906e-05,6.172071033813384e-06,0.21324511737387875,True,2156.0
2212,0.02528811991637373,7.952356899614576e-06,7.82177502807532e-07,1.6045729350375892e-06,0.01463197404415039,True,2157.0
2109,-0.005857570519204455,7.941505843935804e-06,1.0267056491878965e-05,9.092830807266632e-05,0.7775939945289141,True,2158.0
537,-0.014476727906359994,7.932103044852514e-06,9.225818677768205e-06,3.3060177981362265e-05,0.4568356765697563,True,2159.0
3384,0.020395969499565965,7.900637598346774e-06,2.053885621752382e-05,5.223992984760257e-05,0.8198358674215918,True,2160.0
2231,0.10220454030203815,7.887232745326981e-06,1.8776054359683051e-06,9.530261755817298e-07,0.044086773967809655,True,2161.0
3700,0.011125257563484205,7.87387784567397e-06,6.759176733486179e-06,3.151769236739754e-05,0.33100069979006297,True,2162.0
1572,-0.05733522764673966,7.859837510584706e-06,6.823644336505205e-06,6.173984366339564e-06,0.1792734906800687,True,2163.0
1995,-0.03664715679334853,7.853862571663453e-06,1.6310385754623284e-05,2.3088442144058392e-05,0.563712704370507,True,2164.0
3091,0.06978543881871478,7.840731228789807e-06,1.5806120870614774e-05,1.1749818801443559e-05,0.3871111393854571,True,2165.0
452,-0.020460114375088684,7.833146119189769e-06,7.513559238953483e-07,1.9050586121305881e-06,0.03498950314905528,True,2166.0
879,-0.00792922668821848,7.83127966133507e-06,9.951794158091451e-06,6.510903142705974e-05,0.6359183154144665,True,2167.0
3350,-0.014016192181483396,7.829904743418545e-06,2.2879812803579056e-05,8.468239016005354e-05,0.9048285514345696,True,2168.0
1788,-0.0004561161507363751,7.827848666683398e-06,1.0827441113409104e-05,0.0012314621391182948,0.9627838921050957,True,2169.0
1778,-0.0340428608404675,7.8167344905336e-06,9.105290915744141e-06,1.3875174730372229e-05,0.22889496787327437,True,2170.0
2099,0.007394010911941052,7.813406742586712e-06,1.1013042127392159e-05,7.726768446126145e-05,0.7047522107004263,True,2171.0
3251,-0.01177664908493566,7.803444675251695e-06,9.664547429459322e-06,4.257262915151812e-05,0.462879318022775,True,2172.0
3837,-0.06634817383183073,7.769414676647527e-06,3.1887671941802906e-06,2.493242514472968e-06,0.07926712895222342,True,2173.0
2226,0.03865438116036457,7.756994779129598e-06,1.496208667879191e-06,2.0080019297973614e-06,0.04205102105731917,True,2174.0
2941,-0.04858751326217768,7.75608369519716e-06,1.844313695209734e-05,1.9691590841154023e-05,0.5130097334436032,True,2175.0
109,-0.05603458888963387,7.747153283024158e-06,1.6028332516218353e-05,1.483893859945001e-05,0.44748393663719066,True,2176.0
2981,-0.003888809666222968,7.74634604726745e-06,3.255117214962938e-06,4.3423080385829775e-05,0.20751956231312424,True,2177.0
2222,-0.10253281214792652,7.727444221086973e-06,6.870391662080266e-06,3.4760763836887352e-06,0.13289649468795725,True,2178.0
2273,-0.07467385329746781,7.725383779770744e-06,1.0745146477354385e-05,7.46473615870707e-06,0.2559323112157262,True,2179.0
2294,0.04532506982030082,7.714801304278728e-06,6.003520016579902e-06,6.871288217227493e-06,0.17030345441821998,True,2180.0
3902,0.015931753923195156,7.713698367140727e-06,2.531938243749008e-05,8.244421802003047e-05,0.8380940263375533,True,2181.0
3426,0.060611954311711895,7.678917712269645e-06,3.8890463387844394e-06,3.328553294446497e-06,0.09676188052675107,True,2182.0
103,-0.0964180702027583,7.678361499524468e-06,9.082859444308614e-06,4.886915649933458e-06,0.17367517017621986,True,2183.0
836,0.025240333851286073,7.637604920229827e-06,1.00327177083658e-05,2.0620262133631102e-05,0.40982250779311663,True,2184.0
1068,-0.027121396031538972,7.633806997047306e-06,9.15483068429552e-06,1.7510919859499088e-05,0.33329092181436476,True,2185.0
2183,0.044959969200147665,7.6133425530879696e-06,1.849872235935343e-05,2.1344521019733892e-05,0.534894077231376,True,2186.0
3857,-0.012584768272477623,7.5807861010975475e-06,9.105255338103485e-06,3.753337261463076e-05,0.49901393218398116,True,2187.0
1979,-0.04684225974608027,7.5730350004197456e-06,1.3650877759830514e-05,1.5117968077786272e-05,0.3712068197722501,True,2188.0
24,0.04249862721419312,7.572567786541812e-06,1.9790331844556894e-05,2.4157325941819747e-05,0.5909408995483173,True,2189.0
2911,-0.06928197218407797,7.5709172802331134e-06,9.337011285381474e-07,6.991306243669091e-07,0.010878554615433552,True,2190.0
3904,-0.04973366509150412,7.5649433727466235e-06,1.0657314575410662e-05,1.111649825052608e-05,0.2611489280488581,True,2191.0
3100,0.06087108238143325,7.551514271400441e-06,2.2440516545160895e-06,1.912460656348327e-06,0.03657993511037598,True,2192.0
3165,0.07174238986354543,7.550944445976443e-06,1.1540949687590883e-05,8.345193138853425e-06,0.2896494687957249,True,2193.0
80,0.013090427311973053,7.535217323974303e-06,1.4498443089188452e-05,5.7456375878264244e-05,0.6648005598320503,True,2194.0
1791,-0.06764927890025386,7.533687599803626e-06,9.926591676742705e-06,7.6121558342175505e-06,0.23843755964119856,True,2195.0
3433,-0.02434469216408407,7.532272239853362e-06,9.606165567666093e-06,2.046993504831091e-05,0.3750238564794198,True,2196.0
3392,-0.0052667888614315326,7.496534079756975e-06,2.5564442863081266e-06,2.5180312073216948e-05,0.14816464151663591,True,2197.0
1093,-0.05115483658260288,7.494361827830673e-06,8.968618002128924e-06,9.095142529762754e-06,0.24728036134614162,True,2198.0
424,-0.0283824592261335,7.436660273773748e-06,4.896336409723147e-06,8.949358601101066e-06,0.1815637127043705,True,2199.0
2983,-0.06183783493174749,7.436525050991085e-06,9.426489230827142e-06,7.907994968786793e-06,0.2731089763979897,True,2200.0
3814,-0.0809739485327674,7.403217617478099e-06,2.8116182303130318e-06,1.801282034732238e-06,0.0659075004771296,True,2201.0
3866,0.042140700366281154,7.4018246751013245e-06,6.969261311075973e-06,8.579375645466099e-06,0.26051275526432977,True,2202.0
1279,-0.11375293323031987,7.40168037839581e-06,2.472724965098736e-06,1.1276748473813075e-06,0.04465932947388511,True,2203.0
1058,0.014433070449196323,7.397805245380022e-06,6.601000598283631e-07,2.3725846970934237e-06,0.018767097143584197,True,2204.0
2711,-0.024870759830404553,7.395976418408282e-06,1.3527423818510656e-05,2.82160832110894e-05,0.6332463897194478,True,2205.0
1010,-0.07047115426188216,7.393881839100357e-06,1.1606579849654488e-05,8.544045704868377e-06,0.2893949996819136,True,2206.0
414,0.02587545315602088,7.355880374026047e-06,8.99591318460482e-06,1.803549122715376e-05,0.3544118582607036,True,2207.0
504,0.0465709750795368,7.354504207579479e-06,6.577502012355262e-06,7.326833843944012e-06,0.16724982505248426,True,2208.0
1218,0.035491329790499765,7.348740428310355e-06,4.015575678135766e-06,5.8694340551282396e-06,0.14873719702271138,True,2209.0
1574,0.033123958937518225,7.347851918030554e-06,1.6239529039463243e-05,2.5433250971909066e-05,0.5036579935110376,True,2210.0
2529,0.03426660468260632,7.31863331141561e-06,6.071200354658221e-06,9.191241452509795e-06,0.17246644188561613,True,2211.0
908,0.04128198513101302,7.315739321245589e-06,1.2394573910339574e-05,1.557548980069581e-05,0.3983713976716076,True,2212.0
1649,-0.026840660011584676,7.3000428844597395e-06,1.2526872187803485e-05,2.4211413204322574e-05,0.3220942808066671,True,2213.0
3122,-0.104711646788235,7.292077735034818e-06,2.452174930484213e-06,1.2148625449944155e-06,0.034607799478338315,True,2214.0
1142,-0.08700807104058904,7.289394291212822e-06,1.5214296987628982e-05,9.071164304702705e-06,0.3472867230739869,True,2215.0
1609,0.05831616753748391,7.286568764726665e-06,2.0365530951916655e-05,1.8116631321195822e-05,0.5379477065971118,True,2216.0
841,0.08486077049599633,7.2831591970866685e-06,7.514241525782613e-06,4.59355439892981e-06,0.16247852916852218,True,2217.0
3016,-0.021506739594962947,7.277362146783502e-06,3.2269968822034115e-07,7.783853498737948e-07,0.0018449010751320058,True,2218.0
3183,0.03908175039148013,7.242846393101639e-06,1.0770798772889175e-05,1.4296989223447112e-05,0.30300909727081876,True,2219.0
227,-0.012383029627366907,7.233023503224719e-06,1.0621267368857833e-05,4.449591211354968e-05,0.5149182517971881,True,2220.0
3609,0.011421056186226146,7.213538801178589e-06,1.6806366276181755e-06,7.633755404705781e-06,0.06762516699535594,True,2221.0
2457,-0.04116107579336352,7.196515366696011e-06,2.846712169342729e-06,3.5877942139645213e-06,0.10592276862395826,True,2222.0
3423,0.022762707958202982,7.183588506788223e-06,1.4297650008093465e-06,3.258452688190421e-06,0.04529550225841338,True,2223.0
3243,0.034288365424280765,7.171887099343812e-06,4.620268161015487e-06,6.990223872478985e-06,0.12303581652776895,True,2224.0
3419,-0.01922288141043699,7.160856946575881e-06,5.082589654792435e-06,1.3716308539190294e-05,0.21171830269101088,True,2225.0
2794,-0.03285472900846363,7.160707837966289e-06,1.8278427750318737e-05,2.8861017044660686e-05,0.5945034671416757,True,2226.0
1796,0.031019012276123355,7.155134223822127e-06,1.433749515937695e-06,2.39781682865552e-06,0.06667090781856352,True,2227.0
3307,0.04371172412434809,7.147369509237115e-06,7.531135662158579e-06,8.937853222094408e-06,0.24925249697817928,True,2228.0
3049,-0.02542016910717421,7.123328614356374e-06,2.374440588009683e-06,4.845666896031717e-06,0.06915198167822381,True,2229.0
2762,0.05202941966187257,7.122920475055244e-06,1.1651895341806547e-05,1.1617649707343707e-05,0.3289013296011197,True,2230.0
3284,-0.040478026191219804,7.1198994466141625e-06,7.45664938449946e-06,9.556416732083281e-06,0.2927667154399135,True,2231.0
2258,-0.009094552409920147,7.099372919354794e-06,6.596244621844804e-07,3.762583159164685e-06,0.01844901075132006,True,2232.0
3473,0.01935709546038904,7.0641966392331545e-06,1.6029199377695413e-05,4.295782884480052e-05,0.6095171448565431,True,2233.0
3644,-0.10993831210123725,7.046408232273219e-06,5.125637293866476e-06,2.4186303054013794e-06,0.1162923850117692,True,2234.0
2866,-0.04330986517249105,7.039007183552326e-06,3.4087625059526018e-06,4.083011440557697e-06,0.08912780711241174,True,2235.0
1721,-0.017607584228475647,7.03000502438703e-06,5.141289989997198e-06,1.5147571468870912e-05,0.3002099370188943,True,2236.0
2003,-0.010939363966340213,7.0213512835443735e-06,4.7955739164051944e-06,2.2741504960821283e-05,0.2880590368344042,True,2237.0
2684,0.021977818087264806,7.020418691585421e-06,1.7633855806042276e-05,4.1623001542580074e-05,0.7434951332781984,True,2238.0
3117,-0.009167273258005535,7.019661851300134e-06,7.987671572552959e-07,4.520127727391624e-06,0.021502640117055792,True,2239.0
3356,-0.06767175694483808,7.01828429199004e-06,9.720683146175075e-06,7.451779908308989e-06,0.24594439849863223,True,2240.0
2413,-0.05407920086399228,7.0134248769458475e-06,6.467911937819112e-06,6.2044675452996565e-06,0.21426299382912398,True,2241.0
1814,-0.05965517128341872,7.008935730916909e-06,1.1796288384409604e-05,1.0258124566692735e-05,0.3628093390164769,True,2242.0
763,0.019766135582985803,7.006803150360361e-06,1.1605656561068317e-06,3.045920955962652e-06,0.048794452573318915,True,2243.0
3283,-0.01994527507303546,6.993792051123335e-06,4.65281878160809e-06,1.2101711407228201e-05,0.16336917106686175,True,2244.0
2079,0.015653091677920488,6.9907300996466155e-06,1.1705226944840211e-05,3.8792734471520465e-05,0.6174693046631465,True,2245.0
650,-0.105164837176108,6.990223373043571e-06,6.099640115578936e-06,3.0088763621645642e-06,0.11794643425154272,True,2246.0
624,0.00650809542908405,6.971724784441642e-06,1.5917553604428382e-05,0.00012687997748903475,0.8760735415738915,True,2247.0
2495,-0.08327561704919897,6.943178623021224e-06,8.008374874470872e-07,4.988812932109032e-07,0.01094217189388638,True,2248.0
2528,-0.012512192689588496,6.892748303531696e-06,7.459913893558689e-07,3.092937007022518e-06,0.01953050448501813,True,2249.0
66,-0.13054136843004677,6.881932750390055e-06,2.6824172171578823e-06,1.065979496219746e-06,0.04141484827279089,True,2250.0
1577,0.037439156666054726,6.875221292550784e-06,0.00011217717811011462,0.0001554351145647161,0.9998091481646415,True,2251.0
3108,0.013844110476642486,6.869465087277879e-06,2.5957879558166535e-06,9.7269087336515e-06,0.09008206628920415,True,2252.0
965,-0.03875084164495548,6.862889329596196e-06,1.2490541673706612e-05,1.6721329982107155e-05,0.3582288949678733,True,2253.0
1765,-0.034498418841599696,6.859755492952981e-06,8.272969431325311e-06,1.244035900008036e-05,0.3171321330873465,True,2254.0
665,-0.047818060497071144,6.849284850674005e-06,1.0372394820434576e-05,1.1252726587969614e-05,0.37457853553025,True,2255.0
2828,0.006221342514750893,6.844663173634023e-06,1.598874144909291e-06,1.3332170282198985e-05,0.08467459762071379,True,2256.0
4027,-0.07752450540719406,6.840592627320843e-06,1.0200174637847954e-06,6.82557569781647e-07,0.012278134741395764,True,2257.0
2902,-0.0860082209343359,6.808799737617282e-06,2.5281266013395533e-06,1.5248584761863002e-06,0.05611043959539411,True,2258.0
4079,-0.0031400256012590125,6.808031938692683e-06,4.8633883740372575e-05,0.0008034825469422498,0.998536802595585,True,2259.0
1495,0.0028228549605905278,6.805237341399283e-06,2.182343181408084e-06,4.0105613648313393e-05,0.13995801259622112,True,2260.0
1589,0.02052356061510652,6.803528080429517e-06,1.5951319490030735e-05,4.031944909997112e-05,0.6187416502322031,True,2261.0
1687,-0.03572338303288955,6.8007583756515204e-06,6.892098003636466e-07,1.000851278846615e-06,0.0160315541701126,True,2262.0
942,-0.016605233781636714,6.799616817788214e-06,5.0575579058694486e-06,1.5800344416389588e-05,0.21260894458935048,True,2263.0
1980,0.014441173299394625,6.765276437749011e-06,5.665121091322444e-06,2.0350608609315715e-05,0.2678923595648578,True,2264.0
901,0.11891903024617093,6.7629424070232115e-06,9.598725790551918e-06,4.187288752075474e-06,0.17246644188561613,True,2265.0
65,-0.019593673738012456,6.758348189728558e-06,7.67142753041211e-06,2.031098562804676e-05,0.37343342451809913,True,2266.0
3023,0.038677227386638625,6.7568334327054814e-06,9.154034139564943e-06,1.227800704752042e-05,0.2570138049494243,True,2267.0
2104,0.022125294314097363,6.73763304525268e-06,5.219631238450001e-06,1.2238309989631246e-05,0.2000763407341434,True,2268.0
3839,-0.04571513923126409,6.734443746654791e-06,1.0777260041845908e-05,1.2229789991104354e-05,0.4061327056428526,True,2269.0
1027,0.0273548470441796,6.721067986124562e-06,1.9334839917732077e-05,3.6667134720812014e-05,0.7380240473312552,True,2270.0
564,-0.045212566461097066,6.720626230155899e-06,7.90533289347208e-06,9.070509591243328e-06,0.22934028882244417,True,2271.0
2010,0.08189018227628538,6.692332129038762e-06,3.5041273483684307e-06,2.2198249457323346e-06,0.06985177174120491,True,2272.0
2007,-0.006789155522094797,6.685710762086575e-06,5.499274847913739e-06,4.202041649620036e-05,0.3585469813601374,True,2273.0
2924,0.0038298968100915006,6.660304602511402e-06,1.9503591658616055e-05,0.0002641789484236675,0.9838412112729817,True,2274.0
2539,0.0672640535206768,6.655447506487346e-06,1.3332036857957284e-05,1.0282155187591116e-05,0.3446147973789681,True,2275.0
3776,0.08028491880005677,6.6507694685006445e-06,1.3258646329034134e-05,8.567140668571288e-06,0.3573382530695337,True,2276.0
1251,-0.029137641501707792,6.629089379139612e-06,8.847101998450007e-06,1.5751333359277525e-05,0.39022838602964566,True,2277.0
147,0.022679796306471326,6.623847128766752e-06,1.2487912638410947e-05,2.8564155353107558e-05,0.5359755709650741,True,2278.0
2479,0.029363487522552696,6.620421305311729e-06,1.4455795952521015e-05,2.5539068790682244e-05,0.5967936891659775,True,2279.0
1785,-0.02433153720653595,6.601494789323839e-06,3.0989204345669343e-06,6.6071103845586015e-06,0.15121827088237166,True,2280.0
2406,-0.07073524955093666,6.579789682326169e-06,9.124448661804787e-06,6.691776481178308e-06,0.2271136840765952,True,2281.0
1373,-0.023487085703894798,6.577257048706842e-06,8.89781608119401e-07,1.965282451944771e-06,0.028436923468414022,True,2282.0
1884,-0.03513072050586695,6.5621349871635555e-06,1.706363827992323e-05,2.5197372919284377e-05,0.571092308671035,True,2283.0
2248,-0.02531924967363085,6.561384167049097e-06,8.051296631926268e-06,1.649626712027967e-05,0.4871811183917552,True,2284.0
2833,-0.08886103306695273,6.5603230015258605e-06,3.9721701529590065e-06,2.318927496204709e-06,0.0837839557223742,True,2285.0
796,-0.02068647929624596,6.548907684044742e-06,1.0112392083370676e-05,2.5359343207526274e-05,0.5598956676633373,True,2286.0
832,-0.11585127297907125,6.536928407035261e-06,1.9361487497704244e-06,8.66979032033208e-07,0.025446911381131115,True,2287.0
3836,0.02454304581772965,6.534786773298059e-06,1.0656537614816217e-05,2.2524665401747468e-05,0.528277880272282,True,2288.0
51,0.03003247082583416,6.49481912918527e-06,5.299018570798162e-06,9.153244470892235e-06,0.21871620332082192,True,2289.0
200,-0.09401464196075844,6.491103937705998e-06,5.5663606431374525e-06,3.07147177358959e-06,0.12748902601946688,True,2290.0
3711,0.08355067588906974,6.466156734239298e-06,9.33077971930217e-06,5.793468547120924e-06,0.20783764870538837,True,2291.0
1944,0.006364575856712973,6.464661105595091e-06,1.497300843185235e-05,0.00012204227264832836,0.8270882371652141,True,2292.0
2446,-0.08388870444756877,6.4539041388278465e-06,4.814594653461532e-06,2.9773296757607864e-06,0.0931993129333927,True,2293.0
1852,-0.04283277230181385,6.435267280262138e-06,8.550031192803724e-06,1.0355288404524036e-05,0.282969654558178,True,2294.0
1028,-0.01972619045358621,6.433915140559143e-06,5.7408102095524555e-06,1.5097347512178045e-05,0.28424200012723455,True,2295.0
2164,0.027967204084678277,6.41369376091953e-06,8.301213628058012e-07,1.5397961274545377e-06,0.033208219352376105,True,2296.0
631,0.016030447779258498,6.41334390318677e-06,5.966859126419679e-06,1.930949052213658e-05,0.22107004262357657,True,2297.0
2036,-0.03194552426775885,6.406615318372733e-06,6.804005728325997e-06,1.104906007728483e-05,0.25790444684776387,True,2298.0
1827,-0.10645334770327312,6.38706117676475e-06,1.8066408355203025e-06,8.804063841624865e-07,0.025192442267319804,True,2299.0
117,0.013120776986154683,6.385156191920394e-06,7.514843969443285e-06,2.971194607526689e-05,0.3630001908518354,True,2300.0
1002,-0.08698810235906204,6.383412213027383e-06,1.1128278506364624e-05,6.636495642925369e-06,0.28029772886315923,True,2301.0
3690,-0.020195710627566584,6.35458455432368e-06,1.3244162235722986e-05,3.402013533959707e-05,0.6480692155989567,True,2302.0
921,-0.02549934772174343,6.33959801892919e-06,1.6131679649313925e-05,3.281868700597265e-05,0.6503594376232584,True,2303.0
2230,-0.03801558195741345,6.325629071089641e-06,1.1640925503892264e-05,1.5885341330981594e-05,0.42394554360964437,True,2304.0
2834,0.14179181830008922,6.319671958701314e-06,1.358023481068671e-06,4.968517132268062e-07,0.0244926522043387,True,2305.0
1249,-0.022592208553608762,6.313980043906183e-06,1.1782795382675433e-05,2.7055796997035637e-05,0.6404351421846174,True,2306.0
1325,-0.024471631906126237,6.308058897261624e-06,1.369985880606138e-05,2.9041820978759352e-05,0.5686748520898276,True,2307.0
2134,0.06430683965978469,6.294551631329096e-06,1.4867940180088571e-05,1.1994007677919965e-05,0.4566448247343979,True,2308.0
3939,-0.03065471016525415,6.279983334100267e-06,4.042552771250523e-06,6.841150864868183e-06,0.15420828296965455,True,2309.0
1596,0.07725589637948138,6.26083366805609e-06,3.579086192950807e-06,2.403317814953861e-06,0.08206628920414785,True,2310.0
2795,-0.02456388826075906,6.258852061124449e-06,1.061291802289034e-06,2.241343297491979e-06,0.041796551943507856,True,2311.0
2802,-0.11441266470892436,6.256786297575677e-06,6.125277464169736e-06,2.777297159227574e-06,0.13168776639735352,True,2312.0
2097,0.02136138297876746,6.250777087315286e-06,1.1223601598676805e-05,2.725671795036998e-05,0.5117373878745467,True,2313.0
3017,0.0567556931112804,6.243784087610429e-06,5.095276408954445e-06,4.657244099677071e-06,0.16705897321712576,True,2314.0
1523,-0.037969957893327494,6.236794730996565e-06,1.3880294198102678e-05,1.8963969143091355e-05,0.5115465360391882,True,2315.0
847,-0.011362971305565477,6.227657182239351e-06,2.1819204210748967e-05,9.96133810986172e-05,0.9383548571792099,True,2316.0
490,0.0084766899299812,6.22162431137057e-06,2.439392527489053e-05,0.00014928840431625127,0.9889942108276608,True,2317.0
872,0.013491404413629603,6.2125725642196175e-06,1.3054952764701855e-05,5.0198279034717915e-05,0.6318468095934856,True,2318.0
1888,-0.07341844080617933,6.211477667845831e-06,1.1221408022520047e-05,7.928898917384826e-06,0.28316050639353646,True,2319.0
1282,-0.02985471675748088,6.207767589438605e-06,1.0656424381853902e-05,1.851694073485378e-05,0.45231884979960557,True,2320.0
1655,0.054943521103954715,6.207246944875961e-06,1.2957754539379894e-06,1.2234435760361782e-06,0.03721610789490425,True,2321.0
404,-0.15204805390339707,6.2069866878523325e-06,9.567804634408605e-06,3.2643905896623697e-06,0.16947642979833322,True,2322.0
3233,-0.03813641507876836,6.179452550100383e-06,1.0085610379267824e-05,1.3719333241510604e-05,0.39436350912907947,True,2323.0
129,0.040233380735395466,6.17406682865163e-06,1.3704553060002368e-05,1.7670507955210424e-05,0.562249506966092,True,2324.0
3102,0.10588011745386681,6.162474846221158e-06,3.381496687533324e-06,1.6567814989506411e-06,0.04809466251033781,True,2325.0
3947,-0.03667109371693625,6.147857517340951e-06,5.566922113544438e-06,7.875206789207961e-06,0.20942808066670907,True,2326.0
1559,-0.024715995520447284,6.139403713249687e-06,1.164648797064342e-05,2.4444860256880144e-05,0.5320949169794517,True,2327.0
331,-0.025090175063663494,6.1360415725536705e-06,1.0370988587633403e-05,2.1443079170896812e-05,0.37483300464406133,True,2328.0
244,0.0076424404358827885,6.116045706984627e-06,3.05270628528919e-06,2.072161701099777e-05,0.25122463261021694,True,2329.0
1736,-0.08351066975127142,6.100605425761261e-06,8.091127121793316e-06,5.026176578861484e-06,0.17380240473312553,True,2330.0
2225,0.050289602542156975,6.0995759172472055e-06,1.2711026106575403e-05,1.3112125330511124e-05,0.4005980024174566,True,2331.0
2055,-0.00859545329078612,6.0785855669256716e-06,2.8933120518621314e-07,1.7462128336153755e-06,0.017176665182263504,True,2332.0
1918,-0.004185793364103376,6.0679511576413004e-06,5.439680558202034e-06,6.741651459099078e-05,0.6516317831923151,True,2333.0
2633,-0.03086842314048117,6.054885109663033e-06,7.965084552608063e-06,1.3385870827118513e-05,0.3482409822507793,True,2334.0
3123,-0.006508414681861738,6.032834449989974e-06,1.2368029482139712e-05,9.858162665415752e-05,0.6589477702143902,True,2335.0
3596,-0.015069741732233204,5.996910451194308e-06,8.858111204456614e-07,3.04934106940359e-06,0.06972453718429926,True,2336.0
1402,-0.047919773882310106,5.9923577910983595e-06,7.151757036454973e-06,7.742276480285662e-06,0.2460716330555379,True,2337.0
3441,0.06310606505533208,5.97300868708526e-06,7.921918949773897e-06,6.512233712446414e-06,0.23334817736497232,True,2338.0
690,-0.07391103055959145,5.971432939383195e-06,4.588697296168051e-06,3.2207041723153866e-06,0.11279343469686366,True,2339.0
3106,-0.08734007257598754,5.9685323339540894e-06,7.076885559241051e-06,4.203386339209953e-06,0.1586614924613525,True,2340.0
3712,0.06378080160523958,5.965631370358235e-06,4.112220168519938e-06,3.3446992271134492e-06,0.08473821489916661,True,2341.0
1190,-0.07668806833918539,5.9576075827683556e-06,8.04127079481141e-06,5.4396076153203095e-06,0.22749538774731218,True,2342.0
3709,-0.014966745480048496,5.954375340221314e-06,4.7863306608889256e-06,1.6589985610191023e-05,0.23754691774285897,True,2343.0
3559,-0.08842575535995209,5.941404742937641e-06,7.508719102058771e-06,4.405120205051359e-06,0.16629556587569183,True,2344.0
670,0.003997398332703698,5.941360161650394e-06,6.386670386935154e-06,8.28834385725684e-05,0.6665818436287295,True,2345.0
2485,0.011553342731188151,5.934497722556408e-06,6.743971027653528e-07,3.02815933626166e-06,0.018512628029772885,True,2346.0
2602,0.015335658688330821,5.908022879408206e-06,1.951099750220683e-06,6.600057563169544e-06,0.06737069788154462,True,2347.0
1873,0.008159601145573393,5.8954225562095394e-06,1.1671572700363165e-05,7.420465214371239e-05,0.7915261785100833,True,2348.0
3624,0.04480293632434639,5.881922926483849e-06,1.5276178222105467e-05,1.7688007868324218e-05,0.5257331891341689,True,2349.0
645,-0.018191742841688004,5.870260712637337e-06,2.718581900597448e-07,7.752446846644136e-07,0.004325974934792289,True,2350.0
1616,-0.017204498123062285,5.857377766231974e-06,1.0170856117320298e-05,3.066805169377509e-05,0.4848908963674534,True,2351.0
374,0.058952528242807785,5.834468072483521e-06,1.0075017112953237e-05,8.86572062436874e-06,0.29639290031172466,True,2352.0
3381,-0.13589572646547804,5.830255752109949e-06,7.393852450795788e-06,2.822511137724988e-06,0.1360137413321458,True,2353.0
513,0.006810060290049072,5.827118266985695e-06,1.9000381935332832e-05,0.00014473783045365285,0.8479547044977416,True,2354.0
1875,-0.1011249908195519,5.825374812984913e-06,8.48713061652357e-06,4.353846115689343e-06,0.2110821299064826,True,2355.0
69,-0.016461014320087317,5.808535532108771e-06,3.2788962678416583e-06,1.0333364974870219e-05,0.19485972390101153,True,2356.0
3058,0.011400467121062777,5.806956497686981e-06,4.838083409780408e-05,0.00022015136841501673,0.9972644570265284,True,2357.0
2671,-0.010471500716743451,5.8052542177527035e-06,5.0435496804808715e-06,2.4986076228181978e-05,0.3208855525160634,True,2358.0
2661,-0.07925759516443326,5.803593193153745e-06,1.64190792546378e-05,1.0746785796013658e-05,0.4346968636681723,True,2359.0
2367,-0.016447968139786686,5.797117566927046e-06,1.376811997322686e-05,4.342432435309139e-05,0.7910808575609135,True,2360.0
2156,-0.044714663448822835,5.789039710572734e-06,2.712883975872299e-06,3.14739998402602e-06,0.07754946243399707,True,2361.0
3007,0.005665091133881497,5.7870961778212925e-06,1.3021093887162906e-05,0.00011923705854562544,0.7552007125135187,True,2362.0
1202,0.08391518614298996,5.767079392601064e-06,7.426170586724099e-06,4.590870509480902e-06,0.17806476238946498,True,2363.0
2971,0.014790142503769449,5.76390432882075e-06,8.146444986854364e-06,2.85736983006853e-05,0.4457662701189643,True,2364.0
1869,-0.01099968446180851,5.757760081895352e-06,8.051519873828856e-06,3.7972424423673197e-05,0.41745658120745593,True,2365.0
1781,-0.02822414563469668,5.752639592947214e-06,1.1869077323170898e-05,2.181558377602959e-05,0.4649786882117183,True,2366.0
2999,-0.009688486626610083,5.752477629327525e-06,1.119193045013289e-06,5.992661442978932e-06,0.047204020611998215,True,2367.0
980,0.0030977425659879858,5.74313181622178e-06,3.622727799680182e-06,6.0668193684542216e-05,0.31630510846745974,True,2368.0
1105,-0.015090715498160273,5.7347650930358516e-06,4.264845732180722e-06,1.4661019765468922e-05,0.181754564539729,True,2369.0
3131,0.02127998882147651,5.722070221393084e-06,3.0016179077230134e-06,7.3173646248876634e-06,0.12761626057637254,True,2370.0
3662,-0.0836432401852929,5.7203081295658505e-06,7.883994686059318e-06,4.8897444104790224e-06,0.19263311915516254,True,2371.0
1407,-0.03185830654207553,5.708613597630746e-06,2.5327983924433707e-06,4.124284532213839e-06,0.10166041096761881,True,2372.0
1722,0.009263624729485326,5.698854678222601e-06,5.622750531915367e-07,3.148752651180445e-06,0.02735542973471595,True,2373.0
2900,-0.004787129171594837,5.6948942525294585e-06,7.760762983017404e-07,8.410076729678796e-06,0.03155417011260258,True,2374.0
1658,-0.08075596739188541,5.686445486021582e-06,2.8584283075558636e-06,1.8362142963373921e-06,0.07023347541192188,True,2375.0
3113,-0.012983804904703383,5.678014439111201e-06,1.7056433954205417e-06,6.8148600259033055e-06,0.07780393154780839,True,2376.0
425,-0.0270668182934149,5.675505228915951e-06,1.0680588388653136e-05,2.0470509647459616e-05,0.5455817800114511,True,2377.0
347,0.04829318412474482,5.673055848266818e-06,7.405131873739415e-06,7.954587080709817e-06,0.3105795534067053,True,2378.0
2123,0.027503522680759385,5.655022821403368e-06,2.8771726112888607e-06,5.426855769796159e-06,0.10706787963610917,True,2379.0
242,-0.013922905876395966,5.653481846586717e-06,1.0248202651113742e-05,3.8184622530600344e-05,0.7718684394681595,True,2380.0
2016,-0.031044486896166346,5.650494421872514e-06,5.3753578109727406e-06,8.982424519134753e-06,0.18048221897067243,True,2381.0
3132,0.022205938117230612,5.6469749457435115e-06,2.513340851543743e-06,5.871552512040396e-06,0.10426871938418475,True,2382.0
3492,0.004712765685973943,5.628199371550365e-06,8.341704373982567e-06,9.182260959915633e-05,0.6014377504930339,True,2383.0
3744,-0.014683864949476794,5.617556848467961e-06,6.112498905407497e-06,2.159479556897925e-05,0.36936191869711815,True,2384.0
1466,0.017524378540618855,5.611490635626653e-06,1.4425155149938097e-06,4.270203296405377e-06,0.039251860805394743,True,2385.0
25,0.02961391316855632,5.607121262679587e-06,4.117569862603917e-06,7.212998837195873e-06,0.16763152872320122,True,2386.0
143,-0.04437583432680224,5.591676676523145e-06,3.6847515858504426e-06,4.307570233797839e-06,0.14803740695973025,True,2387.0
818,-0.06240712781580291,5.584318525892802e-06,8.482698092627e-06,7.051321219954774e-06,0.2575227431770469,True,2388.0
1443,-0.03126458320395863,5.576271893149656e-06,2.1810067626270578e-06,3.618887255428494e-06,0.09199058464278898,True,2389.0
1340,0.06240868474194978,5.576015193082384e-06,7.087424722062334e-06,5.8913403535588766e-06,0.1941599338380304,True,2390.0
3450,0.06815937999060614,5.556762399187721e-06,3.480191769048858e-06,2.6487942719503913e-06,0.07888542528150645,True,2391.0
470,-0.090581497757823,5.549521516463848e-06,3.630047764489798e-06,2.078947520285383e-06,0.08187543736878937,True,2392.0
1294,0.06898717981062419,5.5465993529332784e-06,8.126661804282864e-06,6.111030898403388e-06,0.22285132642025574,True,2393.0
410,-0.08222077895624683,5.5426831359683965e-06,2.8779396551128997e-06,1.8158115770190508e-06,0.08276607926712895,True,2394.0
2480,0.029346917655498163,5.514253063928387e-06,6.226859874541246e-07,1.1007210794110477e-06,0.02245689929384821,True,2395.0
2805,-0.04340975148737717,5.514208708045696e-06,6.9392775896642e-06,8.29273228910281e-06,0.24664418856161333,True,2396.0
4030,0.0051889725107780735,5.50512178128833e-06,4.902968200684792e-06,4.9017187735073196e-05,0.42178255614224824,True,2397.0
1669,-0.020461595532805937,5.4940948149986905e-06,1.0777028283195202e-05,2.732311507614287e-05,0.478020230294548,True,2398.0
3390,-0.09085941378619633,5.4910947325156616e-06,7.39620572840313e-06,4.2228896857229846e-06,0.16375087473757874,True,2399.0
3111,-0.0451967334836376,5.4824041843071275e-06,4.001152604294888e-06,4.5924956322387455e-06,0.13932183981169285,True,2400.0
3570,-0.0506594295832734,5.478423721285465e-06,5.259667376058966e-06,5.386028769872761e-06,0.1568165913862205,True,2401.0
2422,-0.057043513697895704,5.47415143664883e-06,7.300567156824626e-06,6.639280476018525e-06,0.2392009669826325,True,2402.0
92,0.01411640786943959,5.471062016136768e-06,3.350936334100552e-06,1.2314383168565757e-05,0.11482918760735415,True,2403.0
2947,0.057209413428782344,5.461579275559674e-06,4.78115914261061e-06,4.335472031640459e-06,0.1446656912017304,True,2404.0
1985,-0.09236702989593798,5.448460583660352e-06,1.4595254360844645e-05,8.197197019601096e-06,0.38081302881862716,True,2405.0
2176,-0.03449595127757522,5.440453102162311e-06,3.0394114667876512e-06,4.570798288595697e-06,0.11368407659520326,True,2406.0
3557,0.01729310797159758,5.432276722394184e-06,6.641134369416234e-06,1.9922319401635467e-05,0.36732616578662763,True,2407.0
3716,-0.010702821760778053,5.413667346565244e-06,1.1743792385679984e-05,5.692207932694286e-05,0.5849608753737515,True,2408.0
3938,0.007974880630004632,5.408794699942862e-06,1.9964643349518923e-05,0.00012986976343367678,0.8542528150645715,True,2409.0
2130,0.014894867927313904,5.405525210576779e-06,2.025062649248989e-05,7.052977381524447e-05,0.8385393472867231,True,2410.0
1659,0.04761831383412597,5.402717712248032e-06,7.2262354072829935e-06,7.87242943816397e-06,0.22520516572301036,True,2411.0
3413,0.01598317816857531,5.400958031017435e-06,6.5690929437963785e-06,2.1321264125444584e-05,0.2893313824034608,True,2412.0
3704,-0.0335097449377141,5.39819105413217e-06,4.015676040649205e-06,6.216675972242941e-06,0.19517781029327566,True,2413.0
904,-0.00351068228982757,5.391485859044084e-06,8.235597567167397e-07,1.2169543082166843e-05,0.06775240155226159,True,2414.0
2101,0.05365173023830886,5.384267603308676e-06,8.69669182033561e-06,8.408935717179455e-06,0.28017049430625357,True,2415.0
3883,0.01130885443366067,5.377845880636378e-06,1.613194040907793e-05,7.40011858804948e-05,0.7316623194859724,True,2416.0
1277,0.018084754508859935,5.377032653230968e-06,3.6763670625385556e-06,1.0545736919581067e-05,0.19778611870984159,True,2417.0
1969,0.05228701381572169,5.3760126098427005e-06,3.644268727850695e-07,3.61565712373651e-07,0.009160888097207201,True,2418.0
1725,-0.015919503566513893,5.365437717542935e-06,2.5108094155581466e-06,8.181914036843904e-06,0.13385075386474968,True,2419.0
477,-0.005319833900122747,5.360933846058686e-06,1.977686333822275e-05,0.00019285460974140223,0.9814237546917742,True,2420.0
3640,0.04892379872589325,5.360388269050558e-06,6.243076190840141e-06,6.6198652392280295e-06,0.21668045041033143,True,2421.0
3026,-0.07646691526900455,5.340757863115354e-06,5.617581109501334e-06,3.8110659582335115e-06,0.13658629683822127,True,2422.0
3355,-0.006452197134767899,5.324713087593416e-06,6.283447041936659e-06,5.051972937064768e-05,0.3553025001590432,True,2423.0
1934,0.021869703647560468,5.315658027342121e-06,9.027153620501908e-07,2.141305435484758e-06,0.040396971817545646,True,2424.0
1653,-0.03832963404798042,5.294397276488637e-06,6.3176697572639185e-06,8.550527966030496e-06,0.23506584388319868,True,2425.0
1666,-0.02436628096567713,5.292339181018876e-06,6.65286909686946e-06,1.4164146656422117e-05,0.3278198358674216,True,2426.0
3090,0.00035752586866993023,5.289740314990876e-06,3.5566955818179695e-05,0.005160715396120368,0.9999363827215472,True,2427.0
1244,0.04199073720814893,5.288360431051383e-06,1.716900758108367e-06,2.1211060235921953e-06,0.05738278516445067,True,2428.0
3501,0.011790345258596669,5.28395704467831e-06,1.0574542599013284e-05,4.652707519163696e-05,0.682677015077295,True,2429.0
2129,0.00806662403591303,5.272240428373043e-06,3.0062082642635454e-07,1.933294131054945e-06,0.011578344678414657,True,2430.0
951,-0.022540222426409025,5.2672884428757556e-06,8.010981550386034e-06,1.843733804533539e-05,0.36039188243526943,True,2431.0
2953,-0.022403237601380223,5.259096620572549e-06,2.0438400583699476e-06,4.7326763560099965e-06,0.08073032635663846,True,2432.0
986,-0.02941968935017099,5.258895731651937e-06,7.1047438243508864e-06,1.2527979234944117e-05,0.3112793434696864,True,2433.0
2213,-0.043752771457034184,5.2529528992751195e-06,2.151384401577005e-06,2.550839490023254e-06,0.06482600674343152,True,2434.0
1720,0.017817707253672897,5.25086247608602e-06,9.732408862557403e-06,2.833604350564821e-05,0.6825497805203894,True,2435.0
2185,0.11349833853621469,5.247129381125802e-06,6.701042055857632e-06,3.0628344534069795e-06,0.14072141993765508,True,2436.0
952,-0.0659808815667781,5.246420078123322e-06,7.191299785783023e-06,5.65405415820351e-06,0.22679559768433105,True,2437.0
2724,-0.022063719315380568,5.235562571639906e-06,1.2878066507782494e-06,3.027907641108585e-06,0.033208219352376105,True,2438.0
1900,-0.04591889463982451,5.232047186251675e-06,9.025863133430234e-06,1.0196896302646781e-05,0.34098861250715695,True,2439.0
4060,-0.0211103462644702,5.230803741776111e-06,1.044982746066181e-05,2.567937486507394e-05,0.4842547235829251,True,2440.0
2459,0.004106532659754189,5.218758613253339e-06,2.915504888332874e-06,3.683063248934096e-05,0.23296647369425535,True,2441.0
623,-0.06546903017865768,5.199389186007664e-06,3.0034577341838014e-06,2.3798868068792414e-06,0.07977606717984605,True,2442.0
2305,-0.015570266709230821,5.199372973078719e-06,1.665685718694012e-06,5.549676838931928e-06,0.05604682231694128,True,2443.0
294,0.025403054415052122,5.19583479976056e-06,6.232337589620193e-06,1.272728342845244e-05,0.32705642852598765,True,2444.0
4011,0.0545321037949856,5.194481750329431e-06,3.3545032845714214e-06,3.1911458438415478e-06,0.10445957121954323,True,2445.0
1997,-0.05376511445784811,5.192173909646446e-06,2.2053012501169073e-07,2.1278354168083662e-07,0.0013359628475093836,True,2446.0
615,-0.04252533665501889,5.172325501247811e-06,8.53295561281573e-06,1.0409321214363542e-05,0.34467841465742094,True,2447.0
657,-0.01075712548360741,5.152036886975094e-06,1.1763891948469654e-05,5.6731658027839956e-05,0.7732044023156689,True,2448.0
173,-0.02105601404584499,5.149638746795915e-06,4.98812276089665e-06,1.2289427612626073e-05,0.30351803549844136,True,2449.0
3386,0.053923162397936084,5.14861421815158e-06,4.6894435869121705e-06,4.51145516767587e-06,0.14390228386029646,True,2450.0
833,0.0990791575800382,5.145107578438067e-06,2.783239944760455e-06,1.4572666553940877e-06,0.05948215535339398,True,2451.0
2435,-0.017908288258144778,5.137762181234454e-06,5.767967985757519e-07,1.67085764137717e-06,0.033208219352376105,True,2452.0
115,0.06547629230751895,5.12197047099062e-06,9.178511095464759e-06,7.2720832610268505e-06,0.2976652458807812,True,2453.0
1156,-0.024432414326527478,5.092764135444557e-06,1.3084105481986868e-05,2.778102954751574e-05,0.6827406323557478,True,2454.0
1150,-0.013922544453570565,5.084189806362898e-06,3.3626497225690303e-06,1.2529498876458335e-05,0.2893949996819136,True,2455.0
2725,0.024384580123389104,5.074154818926719e-06,1.1887133849090879e-05,2.528905233895173e-05,0.6092626757427317,True,2456.0
3060,0.04638708775473671,5.069052077648831e-06,6.455183257702561e-06,7.219084953280944e-06,0.22794070869648198,True,2457.0
3917,-0.031292020793573155,5.0687039574212525e-06,4.9344882108793855e-06,8.180487584160809e-06,0.23862841147655703,True,2458.0
3064,0.012654165074279904,5.0624156126318556e-06,4.243509718046935e-06,1.7396520364742284e-05,0.32991920605636493,True,2459.0
327,-0.046224125844669096,5.058249649309923e-06,5.617979548074942e-06,6.304957032430386e-06,0.21267256186780328,True,2460.0
1346,-0.014108132540944661,5.0546048417313816e-06,4.890046337511241e-06,1.798101186785942e-05,0.3267383421337235,True,2461.0
2821,-0.05645865870728457,5.0428447635456045e-06,2.1338192642618926e-06,1.9606395526195256e-06,0.07926712895222342,True,2462.0
3636,0.036817979337592815,5.025446428347797e-06,1.2869837496747324e-06,1.813359023953736e-06,0.04682231694128125,True,2463.0
3685,-0.019574150233883394,5.024406031518698e-06,5.952386206714191e-06,1.577534510164826e-05,0.3779502512882499,True,2464.0
441,0.007673214883284744,5.0213611324020424e-06,4.553036090951454e-06,3.078182867442823e-05,0.3418156371270437,True,2465.0
3085,0.021765954916081815,5.01604190530818e-06,2.4237317330431745e-06,5.776669326169524e-06,0.1599974553088619,True,2466.0
3069,0.034426559931080986,5.00989930737928e-06,5.5833671971792424e-06,8.413433122605405e-06,0.23061263439150073,True,2467.0
3216,0.012701479330392769,5.0023567565090964e-06,5.6940145661591225e-06,2.3255996439239893e-05,0.32565684840002546,True,2468.0
2027,0.013598403028093705,4.980329798439168e-06,2.8334666208375387e-06,1.0809382288837115e-05,0.17520198485908772,True,2469.0
1289,-0.01785244763525016,4.974237401561506e-06,9.298735409668791e-06,2.7020713126667468e-05,0.491316241491189,True,2470.0
193,0.031266013202431754,4.968497565726915e-06,1.5498080316574017e-06,2.571438160257791e-06,0.06037279725173357,True,2471.0
2158,-0.03496864422325924,4.954510639908136e-06,7.084104958716011e-06,1.0509374706567492e-05,0.30510846745976206,True,2472.0
1461,0.006029253047884164,4.947440808240415e-06,4.0965414431499304e-07,3.5247192101207737e-06,0.03301736751701762,True,2473.0
2032,0.011091667422944153,4.945687699057784e-06,2.6294308889804093e-07,1.2298031629814332e-06,0.014313887651886252,True,2474.0
1726,-0.014326638663974564,4.9363660210368664e-06,1.4313092002496184e-05,5.182744979042165e-05,0.7172848145556333,True,2475.0
2707,0.004774024238410741,4.924472379147719e-06,7.248775315891446e-06,7.876816045720304e-05,0.6207137858642408,True,2476.0
3429,0.014935901358416005,4.907866253627164e-06,5.353037154503487e-06,1.8592573426674123e-05,0.33259113175138366,True,2477.0
930,0.017373701382398802,4.9075979190305635e-06,4.454034200858543e-07,1.3299394819985105e-06,0.03219034289713086,True,2478.0
194,0.04044491895770858,4.906968913652962e-06,8.407387791538247e-06,1.0783699928149895e-05,0.33131878618232713,True,2479.0
2995,0.028726298292374094,4.8981875554812975e-06,3.3851847737310283e-06,6.113267464118455e-06,0.15808893695527707,True,2480.0
829,0.022331426274559394,4.894486584386739e-06,5.742199364875106e-06,1.3339283090370555e-05,0.2958203448056492,True,2481.0
3118,-0.02874561869638778,4.873673400462107e-06,3.996311173832805e-06,7.212043227444022e-06,0.1639417265729372,True,2482.0
582,-0.014346592248620817,4.866801726299943e-06,1.0562021021414312e-05,3.81916970414554e-05,0.6474966600928812,True,2483.0
3341,-0.04802293189438489,4.859376219591629e-06,2.364205789791303e-06,2.553920003750653e-06,0.09122717730135504,True,2484.0
2200,0.009950338662617367,4.857110904364282e-06,4.476725864695293e-07,2.3339595383436917e-06,0.032572046567847825,True,2485.0
217,-0.10926008750465507,4.849835756893479e-06,4.823240860737576e-06,2.290066481882852e-06,0.11362045931675042,True,2486.0
1065,-0.019047173480623143,4.84629552266565e-06,1.2128737190450146e-05,3.303358683991844e-05,0.7376423436605382,True,2487.0
2832,-0.005851698481849084,4.842172660320675e-06,2.3362248661432e-06,2.0711110515674275e-05,0.11718302691010879,True,2488.0
83,0.023295785026141144,4.833800380820949e-06,6.439882848536152e-06,1.434073138788844e-05,0.40511482918760733,True,2489.0
1710,-0.056941974398006065,4.83312711771108e-06,4.404837672436457e-06,4.0129899389565264e-06,0.15624403588014504,True,2490.0
1084,0.011994969083133378,4.8330879147861714e-06,6.608178682391423e-06,2.857941461266638e-05,0.5272600038170367,True,2491.0
245,-0.05533630589930345,4.81092583954464e-06,6.947559622043135e-06,6.513175840586477e-06,0.22176983268655767,True,2492.0
812,-0.06623491901093939,4.8053167817725366e-06,6.572691080319299e-06,5.147861990689229e-06,0.21445384566448247,True,2493.0
625,0.045883837488833394,4.798483366110015e-06,4.172086073248774e-06,4.71698191358407e-06,0.1819454163750875,True,2494.0
1050,0.03611352810072673,4.79792146332962e-06,7.608217867479746e-06,1.0929082541768213e-05,0.292575863604555,True,2495.0
133,0.0302941085612722,4.782966121776218e-06,4.1638796345497645e-07,7.130347136312317e-07,0.022202430180036897,True,2496.0
1107,0.03152531365037027,4.77861669956751e-06,8.700119050661817e-06,1.431648701154141e-05,0.36236401806730706,True,2497.0
1524,0.007978798485929505,4.767831635951254e-06,8.913117288351129e-07,5.7951250145131945e-06,0.08053947452127998,True,2498.0
3325,-0.020514253819384046,4.765833723179952e-06,9.664964557006132e-06,2.444078920310471e-05,0.5780265920223933,True,2499.0
809,-0.022193609454020744,4.753557306559489e-06,8.374820474116107e-06,1.9575742830415697e-05,0.411158470640626,True,2500.0
1901,-0.010621706722009228,4.752854488865614e-06,7.301351033430189e-07,3.5659857823921256e-06,0.05140276098988485,True,2501.0
2839,-0.06038160576262975,4.743425766795452e-06,3.1323546672704357e-07,2.691144118100936e-07,0.0031808639226413894,True,2502.0
280,0.022738795615525532,4.743329857138713e-06,2.811712136508624e-06,6.414666491780236e-06,0.13251479101724029,True,2503.0
2229,0.11568514429344627,4.718417055899334e-06,1.8528381118560049e-06,8.308651955194549e-07,0.0279279852407914,True,2504.0
2035,0.04125009565900546,4.717444461622497e-06,2.7915693892304653e-06,3.5107034957164554e-06,0.11788281697308989,True,2505.0
1886,0.010829358802486387,4.717183492323811e-06,8.321948312442389e-06,3.986510893425986e-05,0.596221133659902,True,2506.0
1471,0.031108210537243202,4.71503630512853e-06,3.463029888484777e-06,5.774998749997751e-06,0.17163941726572937,True,2507.0
2876,-0.008731243082348898,4.711164485307863e-06,1.6331712397581604e-06,9.703453483233134e-06,0.10770405242063745,True,2508.0
2635,-0.03283701187783512,4.7107409220036165e-06,5.1947462224684505e-06,8.20675352095875e-06,0.25535975570965075,True,2509.0
2562,-0.05507207202388997,4.710686562084247e-06,4.603378172866072e-06,4.336266064754796e-06,0.15503530758954132,True,2510.0
57,0.008643773216815085,4.709136009836002e-06,7.667560682525444e-06,4.601766117341626e-05,0.7027164577899357,True,2511.0
1731,-0.049190473672835945,4.708769555050993e-06,9.263441777626677e-06,9.76926872433802e-06,0.361282524333609,True,2512.0
1260,-0.015207954186039685,4.702384561957688e-06,8.627573034972337e-06,2.9429882836738365e-05,0.6661365226795598,True,2513.0
3282,0.022560036723045792,4.6861559256215725e-06,5.516376725358273e-06,1.2684834328446777e-05,0.2996373815128189,True,2514.0
485,-0.01494464204233769,4.68385705354357e-06,4.771090777853386e-07,1.6561621189808723e-06,0.016540492397735224,True,2515.0
2622,0.1055136235889701,4.680398224664577e-06,5.148068170114412e-06,2.5310832827599397e-06,0.10923086710350531,True,2516.0
2700,-0.01285476313312662,4.675295251363635e-06,8.811289533946934e-06,3.555871659990666e-05,0.4845091926967364,True,2517.0
1118,-0.020507234610160446,4.6648924677300246e-06,9.273573917570697e-06,2.3459066281282804e-05,0.501304154208283,True,2518.0
1968,-0.0082026635679492,4.663860384813855e-06,2.1074472807237985e-06,1.3328230785855197e-05,0.1545263693619187,True,2519.0
3012,0.036462375430206084,4.66219015584823e-06,8.007500598241204e-06,1.1392596230241586e-05,0.4122399643743241,True,2520.0
1607,0.018345830061094023,4.655065002886163e-06,3.2692584034668496e-06,9.244481692604955e-06,0.14797378968127745,True,2521.0
3793,0.042535621739361006,4.653253241041626e-06,6.662654258337855e-06,8.12578217701641e-06,0.24047331255168905,True,2522.0
2851,-0.1173333176798257,4.6459314562950085e-06,3.384800867049446e-06,1.4965197648185543e-06,0.06921559895667663,True,2523.0
121,0.042623429359139965,4.642764742879161e-06,1.0245909778550558e-05,1.2470182883047369e-05,0.43787772759081367,True,2524.0
2042,0.004184269808721923,4.634863659707667e-06,8.855145963195207e-06,0.00010978594076133414,0.7726954640880463,True,2525.0
1333,-0.01629154592022489,4.6333651674917915e-06,5.940526659650363e-07,1.891617558597428e-06,0.02754628157007443,True,2526.0
2582,0.02732374886825208,4.627498339307316e-06,3.075832959043572e-06,5.839735076199819e-06,0.13423245753546664,True,2527.0
4016,0.08418720126823472,4.619587991898634e-06,3.799398064776055e-06,2.3412048193928695e-06,0.0959348559068643,True,2528.0
3160,0.007753932751696915,4.615231734528502e-06,5.13625249533715e-07,3.4363312324940534e-06,0.03441694764297983,True,2529.0
2701,-0.019320195700271884,4.613669670383196e-06,3.7810995353791794e-07,1.0152599936687449e-06,0.007570456135886507,True,2530.0
2089,0.034215212574270605,4.601236498411129e-06,2.9185789647338162e-06,4.425097964796137e-06,0.19562313124244546,True,2531.0
3119,0.07295747426822749,4.597775959051338e-06,5.968793364305677e-06,4.244117879086488e-06,0.17068515808893694,True,2532.0
2951,-0.01633831112209618,4.576028983051522e-06,5.772432638860277e-07,1.8328308914483311e-06,0.037279725173357085,True,2533.0
2172,-0.06536006810328787,4.5657557959563724e-06,1.1829771692273854e-06,9.389328878767158e-07,0.022902220243018002,True,2534.0
2418,-0.018331642195642713,4.564475914269922e-06,3.87531347482677e-06,1.0966704734733723e-05,0.22673198040587825,True,2535.0
102,0.04770701009217335,4.561816275617439e-06,9.805399194235563e-06,1.0662370373161774e-05,0.3568929321203639,True,2536.0
351,0.05410409271036846,4.555087696692407e-06,1.1213347778840895e-05,1.0751668301523961e-05,0.3942362745721738,True,2537.0
1799,0.042135440266267477,4.529625438467249e-06,6.48259342554495e-06,7.981268707262425e-06,0.2673834213372352,True,2538.0
2009,-0.009968463236184602,4.516284813174389e-06,2.7879601238096786e-07,1.4508717696712166e-06,0.01819454163750875,True,2539.0
21,-0.0070491338105549235,4.513691649573794e-06,6.41295731397238e-07,4.719470532448328e-06,0.033526305744640245,True,2540.0
1309,-0.04475878375049113,4.495495211152298e-06,6.083274816846025e-06,7.050661162213051e-06,0.24626248489089636,True,2541.0
3105,-0.006860643528857276,4.491297568049263e-06,4.904581680688594e-06,3.7085812772724e-05,0.4315159997455309,True,2542.0
3643,0.014521569699981812,4.490822777170718e-06,5.931189356728577e-06,2.1188436438833605e-05,0.4202557414593804,True,2543.0
2306,0.027270669175064356,4.482958862813813e-06,1.1657258113441913e-06,2.21753918123318e-06,0.05852789617660156,True,2544.0
4036,0.03621472162160355,4.4729795345935955e-06,7.589918323253545e-06,1.0872330243444768e-05,0.34760480946625105,True,2545.0
1033,0.0346628210431187,4.470615605005045e-06,5.386218753828005e-06,8.061034260781938e-06,0.24206374451300974,True,2546.0
2382,0.045114242660988305,4.467830518097807e-06,2.1555339185171373e-06,2.478630983450866e-06,0.08734652331573255,True,2547.0
3770,-0.04103925551452883,4.466391387362888e-06,1.5079958063186979e-06,1.9062126370293805e-06,0.03607099688275336,True,2548.0
1195,0.059676580529910095,4.464041361653296e-06,3.3066263727547015e-06,2.874430943362855e-06,0.0998155098924868,True,2549.0
2071,0.05252425308350249,4.463402022847281e-06,1.0004497730629648e-05,9.881118076958839e-06,0.3906100897003626,True,2550.0
666,0.014679908845818006,4.455685183433681e-06,1.115266240732733e-05,3.941176473615233e-05,0.6791780647623895,True,2551.0
2206,-0.03503502089507357,4.450726169179175e-06,7.979824863579002e-06,1.181576005925042e-05,0.37216107894904255,True,2552.0
3992,-0.00806120930689273,4.438892191181857e-06,5.401463163732522e-06,3.476017108566802e-05,0.5171448565430371,True,2553.0
101,0.05852062131242534,4.426311736106156e-06,6.881263179960224e-06,6.1000012503959414e-06,0.2704370507029709,True,2554.0
3302,-0.08510983681001967,4.423556526303659e-06,4.3815832799118264e-06,2.6706808794660607e-06,0.11400216298746739,True,2555.0
1076,-0.02090859956208824,4.418524951245863e-06,5.295328361985262e-07,1.3138283680510014e-06,0.02093008461098034,True,2556.0
122,-0.057978088573733794,4.4138423487740076e-06,2.766711608568886e-06,2.475544190073588e-06,0.1112666200139958,True,2557.0
498,-0.015950877936703016,4.412079423187895e-06,6.53574938188291e-06,2.1255997148563473e-05,0.45340034353330366,True,2558.0
1737,0.039840999405579856,4.408835442844825e-06,1.614068246382965e-06,2.1016594933720517e-06,0.05210255105286596,True,2559.0
3248,0.011338447085178864,4.40732468284794e-06,2.7660901378365143e-06,1.2655620255101147e-05,0.2178891787009352,True,2560.0
1650,0.07620312897363159,4.402561555178435e-06,3.79716276099423e-06,2.584979439196281e-06,0.12742540874101405,True,2561.0
376,-0.03619629433412695,4.39234435808413e-06,2.1351321283648253e-06,3.0600697718990453e-06,0.08671035053120428,True,2562.0
1162,0.0430903122546054,4.391007621847076e-06,7.582158036382802e-06,9.128173272056391e-06,0.30828933138240344,True,2563.0
1145,0.02673159938056941,4.387752969350229e-06,1.2541492446982488e-06,2.4338564590145667e-06,0.07430498123290286,True,2564.0
55,0.03711424335313485,4.386630548928202e-06,5.2026098304967554e-06,7.271957473466059e-06,0.2285132642025574,True,2565.0
3391,-0.04682077093279523,4.385865069964722e-06,4.7829495368845155e-06,5.2994149031705365e-06,0.23983713976716076,True,2566.0
3411,0.08526088254333326,4.369303414561474e-06,4.044491747581959e-06,2.4608481405552927e-06,0.10375978115656212,True,2567.0
1767,-0.037315352866238875,4.333572241685565e-06,3.0689055058684696e-06,4.266449876846576e-06,0.17615624403588015,True,2568.0
1564,0.02116477069704299,4.331989264293655e-06,7.334570201865727e-06,1.797760302999555e-05,0.39805331127934346,True,2569.0
1006,-0.03446405742110576,4.32038413547353e-06,1.0271774191555352e-05,1.5461432993029025e-05,0.43673261657866275,True,2570.0
1993,0.0867359491057404,4.31762292720466e-06,5.910160339540408e-06,3.5348485592054784e-06,0.16120618359946562,True,2571.0
46,0.06496716940988018,4.2971070320742865e-06,6.391067228346486e-06,5.103288552088602e-06,0.2291494369870857,True,2572.0
3779,0.022238256783573468,4.283797602359274e-06,7.415999171443178e-06,1.7299741596669255e-05,0.4805649214326611,True,2573.0
1364,-0.024447975658785814,4.282161534009365e-06,3.966715582895227e-06,8.417029359700398e-06,0.18493542846237038,True,2574.0
1585,-0.044295273680616094,4.262940141530394e-06,5.040112854612041e-06,5.90273866492314e-06,0.21738024047331256,True,2575.0
3135,-0.029279611710491517,4.2623550100665405e-06,1.5623053096884836e-06,2.7680331057021057e-06,0.06482600674343152,True,2576.0
2673,0.016989766069369423,4.198521492903384e-06,1.4244239924378913e-06,4.3493320510522275e-06,0.06603473503403524,True,2577.0
457,-0.014159143437493006,4.194401785433169e-06,2.282157219780921e-07,8.361405060941066e-07,0.008651949869584579,True,2578.0
1902,0.013794066762655084,4.192415730536191e-06,8.190606040555521e-06,3.080309802967148e-05,0.6170876009924295,True,2579.0
1070,0.014258025754612116,4.188587334554259e-06,3.4604931346073113e-07,1.2590682759256208e-06,0.02271136840765952,True,2580.0
90,0.04055693015072417,4.182647096711478e-06,6.9867392495659424e-06,8.936761026279847e-06,0.3093072078376487,True,2581.0
3239,0.017732978939269336,4.177663295505666e-06,6.482033770660149e-07,1.8962704409549435e-06,0.031808639226413894,True,2582.0
2713,-0.04707850804343135,4.176728208491868e-06,2.8006037425226983e-06,3.0860265482795864e-06,0.09052738723837395,True,2583.0
499,-0.008336006945942291,4.167909146598116e-06,1.0018830854188099e-05,6.234902421575201e-05,0.6878936319104269,True,2584.0
2856,0.00411380425431535,4.159037107183081e-06,1.605826555827074e-05,0.00020250031211888804,0.9739805331127934,True,2585.0
223,-0.07859005226642676,4.154700887079166e-06,3.197594880135954e-06,2.110700176926082e-06,0.0695973026273936,True,2586.0
1180,-0.020387432360221874,4.1517315080782285e-06,4.822366040844952e-06,1.2270671322701001e-05,0.2506520771041415,True,2587.0
155,-0.035699608558872185,4.149766584696118e-06,4.249937938029226e-06,6.175751580490481e-06,0.2154717221197277,True,2588.0
1376,-0.017979628983385242,4.144970513825706e-06,5.751571735594482e-05,0.00016594971062654337,0.9999363827215472,True,2589.0
2282,0.004101417576991714,4.131304601270958e-06,1.1492675777012755e-06,1.4536432997695732e-05,0.06794325338762008,True,2590.0
3207,0.014525021348470635,4.097592861575519e-06,3.7725351840399724e-06,1.347371025203493e-05,0.24505375660029263,True,2591.0
3148,-0.07674192047627537,4.095668726195137e-06,1.6364951042858306e-06,1.1062485931853417e-06,0.035562058655130735,True,2592.0
881,-0.029834464741798485,4.086194340071077e-06,3.612490970068342e-06,6.2814398276678536e-06,0.15942489980278643,True,2593.0
3448,-0.020558487799252043,4.075956828954525e-06,6.2076067788269366e-06,1.56640375827975e-05,0.39805331127934346,True,2594.0
2108,0.01421845474832677,4.057545249770191e-06,5.092019985581772e-06,1.8578403187100474e-05,0.3577835740187035,True,2595.0
1124,0.02691781375386046,4.055502383800147e-06,5.403736749578717e-06,1.0414180100547156e-05,0.27425408741014057,True,2596.0
3025,-0.007420205439936461,4.040411810725227e-06,2.788882161484475e-06,1.949776892624471e-05,0.24740759590304726,True,2597.0
806,-0.05499423848635784,4.031990687391586e-06,2.210999639004239e-06,2.0856535224718015e-06,0.06762516699535594,True,2598.0
3453,0.004035653308209083,4.026656863492955e-06,4.378320118840874e-06,5.628132921604658e-05,0.5237610535021312,True,2599.0
3746,-0.014586092774305982,4.023397887198399e-06,5.002239324819839e-06,1.7790828729725974e-05,0.3207583179591577,True,2600.0
3865,0.01717767625740031,3.996849022508533e-06,2.688274614450923e-06,8.118576770665209e-06,0.22081557350976525,True,2601.0
258,-0.007301555793242222,3.994955811272845e-06,1.5225493515878387e-05,0.0001081749379626293,0.9358737833195496,True,2602.0
1245,0.0041290643431702795,3.990164508775429e-06,5.8474893909857416e-06,7.346635216302666e-05,0.7744131306062727,True,2603.0
3847,-0.038144014707567946,3.981323853181032e-06,7.093345285723787e-07,9.64706897757284e-07,0.029963738151281887,True,2604.0
3339,0.018012870377141055,3.9698746220619405e-06,3.483960057646021e-06,1.0033695748965612e-05,0.19587760035625676,True,2605.0
4054,-0.09689076023011166,3.969638388030316e-06,2.4029779690044034e-06,1.2865838924228572e-06,0.057955340670526115,True,2606.0
2404,0.024977773707568107,3.969147751981317e-06,7.860064462014925e-06,1.6324619424794014e-05,0.49723264838730197,True,2607.0
3772,0.018332224205775263,3.965295566901002e-06,5.851696801154762e-06,1.6559123293157004e-05,0.33990711877345886,True,2608.0
3671,0.017285297897828383,3.963210923556705e-06,4.752758182262407e-06,1.4263941000487858e-05,0.28907691328964946,True,2609.0
2131,0.08318216431458253,3.950989610867302e-06,2.8900534235383655e-06,1.802379914825739e-06,0.0748775367389783,True,2610.0
1554,0.03861021982427794,3.923757078263909e-06,2.3321677198732498e-07,3.133489111328011e-07,0.005152999554679051,True,2611.0
1718,0.07243711574720876,3.923473818010915e-06,3.2974223025453175e-06,2.361479097256051e-06,0.09428080666709078,True,2612.0
336,-0.018912163293467586,3.914901501030142e-06,1.0181523026295914e-06,2.7928153513293388e-06,0.07265093199312933,True,2613.0
2943,-0.008196130069055587,3.909800727643576e-06,7.509584590348343e-06,4.7531088062995335e-05,0.7205292957567275,True,2614.0
1343,-0.010274376025822589,3.908401924280175e-06,6.0543491254259636e-06,3.056910256925012e-05,0.4661237992238692,True,2615.0
2636,0.07379966205291495,3.898971123767104e-06,2.3029554465347194e-06,1.6188322483531341e-06,0.06539856224950696,True,2616.0
3130,-0.0109206279579719,3.895346603026887e-06,3.7344249866403234e-06,1.7739722117401605e-05,0.33736242763534574,True,2617.0
2766,-0.009104466405237816,3.892773171120867e-06,2.604992467918987e-06,1.4843033186185792e-05,0.20573827851644508,True,2618.0
2147,0.04269221836341057,3.8899133555806784e-06,2.747656977227247e-06,3.3387544185655696e-06,0.11750111330237292,True,2619.0
1205,-0.023932076990293313,3.884163389954993e-06,4.025746140970007e-06,8.72643138556277e-06,0.24670780584006616,True,2620.0
2706,0.017745869893363693,3.8652385332035714e-06,2.9255542287780395e-06,8.552272767616247e-06,0.2982378013868567,True,2621.0
2070,-0.060361155412319525,3.856333027497942e-06,3.2389866629505403e-06,2.783699168446013e-06,0.11432024937973154,True,2622.0
2502,-0.07131380702566203,3.8544522532596575e-06,5.373069568799653e-06,3.9085846893588175e-06,0.1715121827088237,True,2623.0
1031,0.04575531048896169,3.845753622242835e-06,2.976968653856825e-06,3.375230518648198e-06,0.11018512628029772,True,2624.0
3588,0.009260595928751883,3.845150930551257e-06,6.827992032266718e-06,3.824941128028876e-05,0.6265665754819009,True,2625.0
2723,-0.025995626728757503,3.843081932060101e-06,6.071885178221944e-06,1.2116967478151338e-05,0.3922641389401361,True,2626.0
2567,0.04707667771715915,3.835639419709905e-06,6.288019176821374e-06,6.929130416103619e-06,0.2959475793625549,True,2627.0
2945,0.008931344381619645,3.827300896566489e-06,1.0586104322588786e-05,6.148795060333244e-05,0.7634073414339334,True,2628.0
2417,0.03318567539279686,3.826731243326799e-06,7.051450584814706e-06,1.1022966569153614e-05,0.36936191869711815,True,2629.0
3270,-0.009247428532139475,3.825376466993944e-06,3.917251494781097e-06,2.1975114955746384e-05,0.327310897639799,True,2630.0
474,-0.05701121859922383,3.821193401250042e-06,5.036745254327245e-06,4.583110688122404e-06,0.20020357529104904,True,2631.0
2310,-0.036415535731339405,3.82105624777322e-06,6.2423647017889615e-06,8.89268930113926e-06,0.30046440613270564,True,2632.0
3035,-0.05014355766360822,3.7948341919999013e-06,1.3758150901737878e-06,1.4233627930478328e-06,0.06380813028818627,True,2633.0
62,-0.03923724705679243,3.7921534106968367e-06,6.83957384838801e-06,9.042764034212725e-06,0.31738660220115783,True,2634.0
2823,-0.010479592411511267,3.7906182570866957e-06,7.964645090581705e-06,3.94269081103546e-05,0.5817800114511101,True,2635.0
1176,-0.033238285038980464,3.7778314315329746e-06,5.09904451217308e-06,7.958310501566665e-06,0.25943126153063173,True,2636.0
3476,-0.03420465971682656,3.7731954912974165e-06,5.781937724031259e-06,8.769176668906589e-06,0.2969654558178001,True,2637.0
4041,-0.07887372996670002,3.769826942868895e-06,1.9344955376147482e-06,1.2723483685361915e-06,0.04586805776448884,True,2638.0
1247,0.016146795009779627,3.769304301652379e-06,3.979230733450076e-06,1.2784491969651854e-05,0.29136713531395125,True,2639.0
266,-0.05954848582399368,3.7575310129927123e-06,3.7834325542643986e-06,3.2959905493209503e-06,0.12144538456644825,True,2640.0
1284,-0.027143657267431003,3.7487637667102135e-06,4.093510204681717e-06,7.82344797036179e-06,0.31121572619123355,True,2641.0
4043,-0.025480598650771295,3.7469201483474185e-06,3.909082674923766e-06,7.958585982160021e-06,0.22635027673516128,True,2642.0
2742,0.026150001611654785,3.743258505660613e-06,8.324115462230623e-06,1.6513421257579905e-05,0.5217889178700935,True,2643.0
1807,0.02511952564886016,3.7338869456855143e-06,4.2522092655412665e-06,8.781604620650846e-06,0.25268783001463196,True,2644.0
1953,0.01062020924627138,3.729560584614584e-06,1.0799976779853366e-05,5.2754611903154296e-05,0.8240346077994783,True,2645.0
2603,-0.00791196421875788,3.7280277265011006e-06,8.263979000957801e-06,5.418456294698944e-05,0.7552007125135187,True,2646.0
260,-0.01095248512746053,3.7258915118019725e-06,4.227319129211145e-06,2.002271874804188e-05,0.3771232266683631,True,2647.0
1575,0.04765830639122337,3.7211768543244604e-06,1.1817558926051055e-06,1.286352087999911e-06,0.052802341115847064,True,2648.0
1275,-0.06885827265531218,3.7109859105862955e-06,6.953048057577555e-06,5.238293056424018e-06,0.26038552070742416,True,2649.0
511,0.019505292911942834,3.697634890097486e-06,1.2705466627083362e-06,3.3791605590385577e-06,0.06183599465614861,True,2650.0
3503,0.04359653764502785,3.6964707940819918e-06,4.7469661530654815e-06,5.648521934959096e-06,0.23792862141357593,True,2651.0
2998,0.013000604315719567,3.6885047583847885e-06,1.7114795098612296e-06,6.829341781008082e-06,0.13722246962274953,True,2652.0
1919,0.021390460651549852,3.6792801834277574e-06,5.940561429241937e-06,1.4407148678978798e-05,0.42159170430688975,True,2653.0
2527,0.0862121981079647,3.676750850573692e-06,2.2801944725274534e-06,1.3720623732023684e-06,0.06368089573128062,True,2654.0
1916,-0.03953916243877088,3.676311500150982e-06,8.81379383856157e-06,1.1563947377013904e-05,0.43641453018639864,True,2655.0
2318,-0.04303199323685253,3.6753269667390697e-06,6.635148286584014e-06,7.998892394421644e-06,0.30192760353712067,True,2656.0
1103,0.05647401825763065,3.6738207688507186e-06,1.7538164402732301e-06,1.6110392866365219e-06,0.05496532858324321,True,2657.0
1566,0.013043027692756169,3.6700382682733696e-06,2.5882485780009625e-06,1.0294333932224793e-05,0.19104268719384185,True,2658.0
1215,-0.011565507187986499,3.6697491917635405e-06,5.865071093218653e-06,2.6307482015695486e-05,0.4045422736815319,True,2659.0
1266,-0.055348470720632266,3.6607389173750293e-06,4.349242725749721e-06,4.076417940052084e-06,0.1577072332845601,True,2660.0
2689,-0.01788932336752902,3.651481265579286e-06,6.558221641771916e-06,1.901791315329749e-05,0.41052229785609773,True,2661.0
3199,-0.06705587920443472,3.6440536427910485e-06,4.212206066748217e-06,3.258692885344826e-06,0.13397798842165531,True,2662.0
3611,0.0007810959333316185,3.6435538487355588e-06,3.840787979813908e-05,0.0025508601037154744,1.0,True,2663.0
2029,0.03701565888199665,3.623693592355778e-06,1.8161213632949112e-06,2.5452477788366425e-06,0.0902093008461098,True,2664.0
2581,-0.04737087674264383,3.6140721770086245e-06,2.708461365467391e-06,2.9660734849881645e-06,0.08282969654558178,True,2665.0
2137,0.021856599309454227,3.613367849826222e-06,1.9070325881446372e-06,4.526329942249622e-06,0.10573191678859978,True,2666.0
224,0.010282837803064963,3.5891339487561014e-06,6.7739471725473e-06,3.4174290291814467e-05,0.5588777912080921,True,2667.0
984,-0.009092628852744306,3.5835520099328918e-06,2.449687111664891e-07,1.3976287873157545e-06,0.016286023283923912,True,2668.0
3527,-0.008055563330584548,3.573010953979224e-06,3.253975749690507e-07,2.095506826632374e-06,0.012278134741395764,True,2669.0
3667,0.02780808056601967,3.5689540028835124e-06,1.2076931668392935e-06,2.252974521095302e-06,0.062344932883771235,True,2670.0
1680,0.05079374599339402,3.5668893673380794e-06,2.584472142276698e-06,2.639564608967562e-06,0.09587123862841147,True,2671.0
3962,0.0011214468194499084,3.5631389690125116e-06,7.592993424287078e-06,0.0003512408540448243,0.9575672752719638,True,2672.0
3375,0.010832862532351415,3.5628785701325977e-06,2.83423642456589e-06,1.3572614914470855e-05,0.21668045041033143,True,2673.0
4001,-0.05950890555603341,3.5611985549783632e-06,5.898030754670197e-06,5.141570012672455e-06,0.20567466123799225,True,2674.0
1467,0.0474650548252901,3.5460149226488308e-06,4.227026830700465e-06,4.619890710800135e-06,0.19129715630765315,True,2675.0
2023,-0.024537443274383737,3.5447686000543257e-06,4.833917404642529e-06,1.0219757745303681e-05,0.27018258158915964,True,2676.0
1040,-0.016381219424113778,3.5440060644089545e-06,5.248531153793374e-07,1.6621194667798696e-06,0.023411158470640625,True,2677.0
3811,-0.03742594100697622,3.533638578799332e-06,6.5365948157401846e-06,9.06044484032161e-06,0.31223360264647876,True,2678.0
732,0.03409565714782639,3.5275294056526723e-06,3.943737505145063e-06,6.0003919479145015e-06,0.1806094535275781,True,2679.0
2586,-0.02637045629075751,3.516512754119651e-06,9.5647866360184e-07,1.8816044275770823e-06,0.0290730962529423,True,2680.0
1526,0.005558504589269402,3.5133392024609494e-06,2.5640021087546055e-07,2.3929360569872283e-06,0.023220306635282142,True,2681.0
2338,-0.0410030654867712,3.50775347231461e-06,2.4853754770281713e-06,3.14446211268757e-06,0.09739805331127935,True,2682.0
3872,0.0480856498598097,3.506064547500556e-06,1.8334560281009293e-06,1.9779972944632687e-06,0.07137858642407278,True,2683.0
2732,-0.00986293047477235,3.498472091481799e-06,5.527669736853043e-06,2.90741348063316e-05,0.5284687321076404,True,2684.0
947,-0.039121611219092606,3.495256640191879e-06,3.5456525088389784e-06,4.701648111268858e-06,0.17602900947897449,True,2685.0
517,0.09256601033462468,3.4945731752714492e-06,3.401941279054272e-06,1.9065401323814424e-06,0.08963674534003435,True,2686.0
960,0.026070749463072133,3.4939817777543085e-06,2.3258024860057943e-06,4.627964282681776e-06,0.13887651886252306,True,2687.0
3027,-0.12819839371178277,3.4896515326035162e-06,3.280283180523366e-06,1.3273927393125048e-06,0.06005471085946943,True,2688.0
975,0.01495189203106242,3.487479165789675e-06,3.862744887642178e-06,1.3402029155090751e-05,0.2513518671671226,True,2689.0
2607,-0.10893894868244963,3.4853374917998884e-06,3.00689437855419e-06,1.4318768829378391e-06,0.06794325338762008,True,2690.0
3028,-0.08794594047457073,3.4798540842066885e-06,8.779627409299638e-07,5.17882185896456e-07,0.01806730708060309,True,2691.0
3655,-0.019550326805297863,3.4795659013139366e-06,8.393505080775523e-07,2.227204115419202e-06,0.03358992302309307,True,2692.0
175,0.011648584804009791,3.472892915760036e-06,4.095105262647834e-06,1.8237385910753303e-05,0.3472867230739869,True,2693.0
2669,0.05618886064545297,3.471465088105584e-06,2.9465304985386206e-06,2.720391436508361e-06,0.1078312869775431,True,2694.0
4058,-0.03127187370234533,3.4595585759384397e-06,8.876163856690007e-06,1.4724552053603287e-05,0.45887142948024684,True,2695.0
2955,-0.026869499416022968,3.450617470071526e-06,2.9318758644217347e-06,5.660524664636936e-06,0.13925822253324002,True,2696.0
3961,-0.0056143685374187595,3.4447168520516037e-06,5.65958240235167e-06,5.229427600076032e-05,0.6184871811183917,True,2697.0
2429,-0.10676232404787468,3.4373986723232085e-06,1.634605490393927e-06,7.942653530878193e-07,0.03518035498441377,True,2698.0
1393,0.021066270862079035,3.4288085859598444e-06,1.5843722666610154e-06,3.901577626746148e-06,0.09911571982950569,True,2699.0
2917,0.023824636389338467,3.4269389304685995e-06,6.567855949486682e-06,1.430105319512511e-05,0.4012977924804377,True,2700.0
3928,-0.07144313597499494,3.41689183100136e-06,2.8256596984673526e-06,2.0517764096417662e-06,0.09116356002290223,True,2701.0
363,-0.06518114780953996,3.4134422487387078e-06,2.6906686464287138e-06,2.1414547324312883e-06,0.08613779502512882,True,2702.0
3224,0.040373836823790324,3.4131007805430937e-06,2.0025380546777e-06,2.5730690365151268e-06,0.09568038679305299,True,2703.0
559,-0.012143649237798936,3.4071760518177525e-06,1.0315237855787655e-05,4.4065704375218673e-05,0.790190215662574,True,2704.0
2197,-0.05117722898973548,3.4030568922242126e-06,3.680274495605077e-06,3.730560857510713e-06,0.18067307080603093,True,2705.0
2152,-0.008752288133183345,3.3975501353430542e-06,4.45537243725199e-06,2.640785285800812e-05,0.4951332781983587,True,2706.0
49,-0.029183961853537287,3.395989039889937e-06,5.194096120247369e-06,9.23286355599286e-06,0.2532603855207074,True,2707.0
2192,-0.07164912826615417,3.3849429347948338e-06,3.312728721607582e-06,2.3985327154770894e-06,0.09816146065271328,True,2708.0
1849,-0.0590880333480654,3.379171235526836e-06,5.582602423793044e-07,4.901261210496743e-07,0.015713467777848465,True,2709.0
3196,-0.009626916000094379,3.3728659947756387e-06,5.863748308541189e-06,3.1597943817666134e-05,0.4764297983332273,True,2710.0
3417,-0.020188521406389742,3.3621970195741626e-06,2.099333113827381e-06,5.394454418171555e-06,0.1373497041796552,True,2711.0
706,-0.025293699048739255,3.3602663531564195e-06,5.992349501678271e-06,1.2290101592633787e-05,0.37464215280870283,True,2712.0
2211,-0.023681812194614012,3.347338095033274e-06,5.74920781913523e-06,1.2594002035343548e-05,0.39665373115338126,True,2713.0
1595,-0.011690551296918539,3.3443510248190787e-06,1.7125627136823535e-06,7.5994502569196785e-06,0.1386856670271646,True,2714.0
3886,0.10845850647669958,3.341235645614088e-06,2.485370505610421e-06,1.1887710076031266e-06,0.05960938991029964,True,2715.0
1871,-0.005960764666212242,3.339663654398519e-06,2.2991657022814146e-05,0.00020009626424195547,0.9773522488707933,True,2716.0
3515,-0.03246795298333933,3.337579332020105e-06,1.941155193693737e-06,3.10153034153799e-06,0.11088491634327884,True,2717.0
976,0.02739476251335094,3.3364431102092144e-06,1.010930883175453e-05,1.9143643959849765e-05,0.58222533240028,True,2718.0
3575,0.040469924748042896,3.3287386428064048e-06,6.6887390567328896e-06,8.573981475741082e-06,0.34652331573255296,True,2719.0
3707,0.045922378724641263,3.321482675874138e-06,2.293194364245865e-06,2.590521339436198e-06,0.09905210255105286,True,2720.0
306,-0.033599145235485954,3.306434050481471e-06,4.773380042672607e-06,7.370016636969316e-06,0.28029772886315923,True,2721.0
2037,0.08502573138503311,3.306163567403792e-06,1.9479125615191572e-06,1.1884742214497962e-06,0.05751001972135632,True,2722.0
1545,0.003130045215837491,3.3057983242856907e-06,7.548199335087862e-07,1.2510176402238695e-05,0.11113938545709015,True,2723.0
2695,0.047303075207165576,3.3036046122245135e-06,1.9526915281224997e-06,2.1414845765943157e-06,0.08919142439086455,True,2724.0
2363,0.08773728201637794,3.3024464525308303e-06,5.9236136200161455e-06,3.5024603771291976e-06,0.1865894777021439,True,2725.0
350,0.040919561385857034,3.2901863130151404e-06,6.679594116204495e-07,8.468174287626344e-07,0.019975825434187924,True,2726.0
2423,0.0068678324257924655,3.286561687994086e-06,4.2043547131751845e-06,3.175779521141448e-05,0.4617978242890769,True,2727.0
2094,-0.032337893398507116,3.2734836152670894e-06,2.938833144629258e-06,4.714480985287276e-06,0.1360137413321458,True,2728.0
2202,0.04338223611970728,3.2653161624205322e-06,3.1442832905451867e-06,3.7599357024560967e-06,0.14002162987467395,True,2729.0
2473,-0.002523495079152335,3.2616451462100154e-06,4.5668078992424246e-05,0.000938817044332808,1.0,True,2730.0
1565,-0.055874003790228055,3.258807111965106e-06,4.7776314042377535e-06,4.435816092055343e-06,0.18353584833640818,True,2731.0
3899,0.08082352486297145,3.2520002961293167e-06,1.924633568203156e-06,1.2353242120629636e-06,0.05941853807494116,True,2732.0
4066,0.0047129711525776274,3.234106177257297e-06,9.603635641530763e-06,0.00010570890580970435,0.8888606145429099,True,2733.0
398,-0.029139192369007735,3.2319088400425247e-06,4.956373621363469e-06,8.823831589771289e-06,0.308098479547045,True,2734.0
468,-0.06240848875107786,3.223805069201027e-06,2.808034481050739e-06,2.334153723520276e-06,0.09949742350022266,True,2735.0
2566,-0.029602847555663614,3.223235527631925e-06,3.3557801328953533e-06,5.880722605438672e-06,0.18512628029772887,True,2736.0
3726,-0.01808935680871469,3.2221922289057764e-06,8.85635404828332e-06,2.539817603448163e-05,0.624658057128316,True,2737.0
3167,-0.011603717315405146,3.2163046910036543e-06,8.259325945197226e-06,3.6924799815682354e-05,0.707805840066162,True,2738.0
3827,-0.025886947729760145,3.215763778884885e-06,4.9608262864476635e-06,9.941315503928756e-06,0.3185953304917616,True,2739.0
1216,-0.04274289245576321,3.212944318230905e-06,1.6822043860731148e-06,2.0416699525893432e-06,0.08970036261848718,True,2740.0
2327,0.09850664149885849,3.2064458857446447e-06,2.073242110597549e-06,1.0918304276653956e-06,0.05070297092690375,True,2741.0
1355,0.00791872395975267,3.2060115177359916e-06,1.1026268590149027e-06,7.223439629617164e-06,0.1055410649532413,True,2742.0
3845,0.0844915909332768,3.2034590692007586e-06,5.503864078283332e-06,3.3792855923362414e-06,0.18169094726127616,True,2743.0
1388,-0.006090285666441358,3.2012970983704173e-06,4.1032589990442165e-07,3.4951188723432987e-06,0.024619886761244353,True,2744.0
3675,-0.0031933627702925133,3.2001748095918396e-06,1.8320242412338511e-06,2.976141956531285e-05,0.2005216616833132,True,2745.0
3152,-0.1122293475309357,3.194761025830727e-06,1.448794077380477e-06,6.69685519156697e-07,0.03155417011260258,True,2746.0
1592,-0.004567145769943765,3.1864448059034893e-06,8.298303388331423e-06,9.425732702231244e-05,0.8949042559959285,True,2747.0
3812,0.015078185435499013,3.185819350654491e-06,1.713913786273802e-06,5.896720952083343e-06,0.1215726191233539,True,2748.0
179,-0.016442293727131605,3.185520441801481e-06,4.758748247332586e-06,1.5014159040704245e-05,0.3660538202175711,True,2749.0
1372,-0.059305704986575426,3.185395745386355e-06,1.802714854639204e-06,1.5768894543878066e-06,0.05897321712577136,True,2750.0
3980,0.05789983693670414,3.1850722846436625e-06,5.66770483101491e-06,5.078092039776386e-06,0.21604427762580317,True,2751.0
2792,-0.05572630383702986,3.177377963525355e-06,4.160968994115151e-06,3.873512175038835e-06,0.1540810484127489,True,2752.0
2488,0.08465009428727732,3.161409274040139e-06,1.960892718239741e-06,1.2017027965969838e-06,0.05801895794897894,True,2753.0
1104,-0.017800829866346863,3.1609572540894836e-06,1.002094746866743e-05,2.9203790238640565e-05,0.7167758763280107,True,2754.0
541,-0.010286525579485973,3.1566094632337516e-06,5.455526985815411e-06,2.751304650466937e-05,0.5211527450855652,True,2755.0
1528,0.0012190171485406982,3.1474162051178404e-06,6.81424967115157e-07,2.899872550427837e-05,0.0833386347732044,True,2756.0
3458,-0.11174278826870829,3.1465286953013187e-06,2.6113161616126386e-06,1.2123014845334473e-06,0.06418983395890324,True,2757.0
314,-0.020925377445670745,3.137172059136942e-06,5.613765362843872e-06,1.3917192694841392e-05,0.3829760162860233,True,2758.0
1727,0.011297396683813387,3.136218586281551e-06,2.5231189066712323e-06,1.158590662027836e-05,0.2703734334245181,True,2759.0
3500,0.0016559924439387196,3.13513243863706e-06,4.655162320720984e-06,0.00014583009624655768,0.8759463070169858,True,2760.0
2235,-0.04659656955079161,3.1310313697312752e-06,4.254771984334995e-06,4.736887061023769e-06,0.18035498441376677,True,2761.0
1016,0.004015788640476402,3.130329807542886e-06,5.511303084755044e-07,7.1195760321351795e-06,0.04803104523188498,True,2762.0
3933,-0.013897066781194631,3.1276511247696835e-06,8.606117004443084e-07,3.2125861744790403e-06,0.06291748838984668,True,2763.0
30,-0.03716157328841316,3.1232945397639712e-06,1.9033530952300938e-06,2.657026921391088e-06,0.08620141230358165,True,2764.0
1067,0.00954273962795465,3.1228042393297353e-06,2.8878475133777153e-06,1.5698995589337606e-05,0.2916216044277626,True,2765.0
676,0.045775646789663546,3.1221822249195308e-06,1.127902619874476e-06,1.278226450731433e-06,0.04599529232139449,True,2766.0
3532,0.024941327338861244,3.1204061339332803e-06,3.664292555727165e-06,7.621514185919185e-06,0.22762262230421781,True,2767.0
1754,0.06330158990414585,3.1162152669813457e-06,4.496135415405804e-06,3.6846432808919055e-06,0.16635918315414466,True,2768.0
3949,-0.02523060629544117,3.111834519068366e-06,3.715195171237654e-06,7.638791058279205e-06,0.2547235829251225,True,2769.0
2494,0.018186786235955727,3.1026663315841032e-06,2.1704534474986818e-06,6.191062630242308e-06,0.17602900947897449,True,2770.0
1805,0.017829114780078176,3.099807486095834e-06,1.0293838370254484e-06,2.99514773157236e-06,0.06698899421082766,True,2771.0
2544,0.024741065666797374,3.0962588918406492e-06,3.513909015842711e-06,7.3678842526367065e-06,0.23042178255614224,True,2772.0
1821,0.023370234465211116,3.094135247777304e-06,2.1501910223815883e-07,4.772925537327453e-07,0.006552579680641262,True,2773.0
1437,-0.01892239404729763,3.0907944798487013e-06,1.2853424506930015e-06,3.523817866754846e-06,0.1094217189388638,True,2774.0
1509,-0.028166992153400676,3.089692641512841e-06,2.3349166074821295e-06,4.300328037131091e-06,0.10452318849799605,True,2775.0
1478,-0.032424276778477014,3.08717691267359e-06,2.6503059112667014e-07,4.2402981219795597e-07,0.008970036261848719,True,2776.0
791,-0.005929166806549209,3.086044898171228e-06,3.725952546387652e-07,3.2599754917445943e-06,0.02589223233030091,True,2777.0
520,0.0622490267683655,3.0711139453615173e-06,8.323036183521104e-07,6.936172751779129e-07,0.02239328201539538,True,2778.0
800,-0.060042344641829705,3.0640123154173023e-06,3.4990810694295206e-06,3.023201162625722e-06,0.13378713658629685,True,2779.0
3115,-0.08010477338855568,3.0608966489008453e-06,1.1959912874183005e-07,7.745336738369632e-08,6.361727845282778e-05,True,2780.0
3055,-0.0025010082477880265,3.0591505240919327e-06,5.737711932758134e-06,0.00011901297201642921,0.7501749475157453,True,2781.0
3490,0.030393794592381413,3.0539629369390005e-06,1.895026506116954e-06,3.2344545217248957e-06,0.10337807748584515,True,2782.0
3383,-0.006919722315745193,3.0529907566608405e-06,4.797998407790335e-06,3.597013907257684e-05,0.6438068579426172,True,2783.0
2806,-0.008040979129013732,3.0513664619654015e-06,3.1447221097222097e-06,2.0288223638605067e-05,0.31815000954259176,True,2784.0
753,-0.020267878367558518,3.0409909913522393e-06,6.435745561223094e-06,1.6472566170057022e-05,0.42407277816655004,True,2785.0
3327,-0.131725405687875,3.0405753387702226e-06,1.0066577669317171e-06,3.96445039557217e-07,0.016922196068452192,True,2786.0
3848,0.012650227655989407,3.033067065928399e-06,5.4165327295661435e-06,2.2212309427820853e-05,0.5289776703352631,True,2787.0
3225,0.043019265606155,3.0315248425681984e-06,2.6304908067327093e-06,3.172082547142109e-06,0.14212100006361728,True,2788.0
1052,-0.019084323567378457,3.013253592467082e-06,4.616619936811091e-06,1.2549257644960386e-05,0.32813792225968574,True,2789.0
1723,-0.060671840032173935,3.0104434118743227e-06,1.1965935996773075e-06,1.0231285262604812e-06,0.03511673770596094,True,2790.0
3668,-0.05195520759406492,3.0088432161401534e-06,5.905621051868895e-06,5.8966747810037326e-06,0.2785800623449329,True,2791.0
1587,0.14177818886333457,3.007611709278799e-06,2.905796729011045e-06,1.0632282092108428e-06,0.06476238946497868,True,2792.0
1573,0.022586801390095387,3.0065090514064257e-06,9.226191897881395e-07,2.119036486219118e-06,0.05604682231694128,True,2793.0
3573,-0.045810845231532484,3.00091602453489e-06,4.215402918651633e-06,4.773549950300884e-06,0.19956740250652077,True,2794.0
814,-0.07476781372943449,2.9948999960616855e-06,3.2224685932053106e-06,2.2358604606834935e-06,0.1018512628029773,True,2795.0
110,0.0016935655910829187,2.987149199612474e-06,1.0941601512437719e-06,3.351579742942391e-05,0.1863350085883326,True,2796.0
1255,-0.07916508569463578,2.986175573287446e-06,5.115736204990103e-06,3.3523174665586637e-06,0.1772377377695782,True,2797.0
2246,0.027875241761148733,2.9846273026749136e-06,5.831901262930338e-06,1.0853309907590681e-05,0.42801704943062535,True,2798.0
2753,0.04667608109651733,2.9837564134033493e-06,3.064016365560134e-06,3.405394099280613e-06,0.13066988994210826,True,2799.0
3665,0.05917100203883746,2.980674218574329e-06,3.9613891361954404e-06,3.473035852045138e-06,0.18576245308225714,True,2800.0
1401,0.015475921820044355,2.9653714009556052e-06,2.964066644486435e-07,9.935783536873861e-07,0.026019466887206567,True,2801.0
1689,0.05899023625229604,2.9533603755985604e-06,3.7682465887848444e-06,3.31382723909566e-06,0.16979451619059738,True,2802.0
2321,-0.016768506766796094,2.947395827071152e-06,2.95189422811708e-06,9.132235146812864e-06,0.28284242000127235,True,2803.0
2250,0.011639161098913895,2.9379659110097775e-06,3.837989883185155e-06,1.7106171844652866e-05,0.42299128443285194,True,2804.0
1305,-0.017181787821851882,2.9355794525891757e-06,3.1414441389902585e-06,9.484876363114104e-06,0.2165532158534258,True,2805.0
2303,-0.12585190947971905,2.9330442782315416e-06,3.642884422606592e-07,1.5016069430269608e-07,0.004771295883962084,True,2806.0
1449,0.04441288598361174,2.918165302917185e-06,9.76864780370113e-07,1.141027578349715e-06,0.04427762580316814,True,2807.0
433,-0.07092360492219338,2.9143596854659365e-06,2.089680459538948e-06,1.5284800127741627e-06,0.054520007634073414,True,2808.0
1635,-0.013955098945920908,2.9078281178874006e-06,1.4716748132072887e-06,5.47078467159669e-06,0.10388701571346778,True,2809.0
3645,0.1540371454110231,2.8957299677251344e-06,1.4286176769063538e-06,4.811286757384825e-07,0.028436923468414022,True,2810.0
2726,0.054753898312369924,2.895552374585834e-06,4.51221328702107e-06,4.275089972842237e-06,0.1904701316877664,True,2811.0
1121,0.010084377030072289,2.8923876124991303e-06,3.6011023543572052e-06,1.8524951314630448e-05,0.3806857942617215,True,2812.0
2896,0.002934053917262697,2.8845952016104877e-06,1.9240762793265846e-07,3.4019261330786112e-06,0.029518417202112093,True,2813.0
2720,-0.023930534231786375,2.8801593393695693e-06,2.570047603978344e-06,5.571337371730895e-06,0.18811629238501176,True,2814.0
462,-0.019357857086444535,2.878703195468986e-06,1.7503932054966896e-07,4.690822761838391e-07,0.005089382276226223,True,2815.0
1763,-0.026777877068774554,2.876731844594832e-06,3.404879121278529e-06,6.596236816002742e-06,0.2387556460334627,True,2816.0
2076,-0.009569547463159807,2.864149234717423e-06,4.872517030659059e-06,2.641390729321528e-05,0.5053756600292639,True,2817.0
4091,0.011744129260758253,2.8592504511294087e-06,1.5154650073567988e-06,6.694155160691359e-06,0.09472612761626058,True,2818.0
3015,-0.016371221461711702,2.8570649781151833e-06,1.2167757955251665e-06,3.855672721104209e-06,0.11826452064380685,True,2819.0
3884,-0.03423668308457031,2.843769256864129e-06,2.37366709854751e-06,3.596655251396686e-06,0.14848272790890005,True,2820.0
2576,-0.02674281942923072,2.827495235526971e-06,4.344173495520198e-06,8.42695459482933e-06,0.31789554042878043,True,2821.0
883,-0.01973152475941412,2.826405128098772e-06,7.935989558433503e-06,2.086465102374539e-05,0.5629492970290731,True,2822.0
2560,0.031787103423692675,2.8203011006719873e-06,3.0973960678386194e-06,5.054945434762967e-06,0.1696672816336917,True,2823.0
977,0.05111873250866758,2.819869733182761e-06,2.07437058250506e-06,2.1051204599509865e-06,0.09975189261403397,True,2824.0
1210,-0.012086246088020386,2.8197277195684855e-06,1.424382616503612e-06,6.113725231847666e-06,0.11260258286150518,True,2825.0
1864,-0.11369151599363066,2.817759186038346e-06,3.170027602847807e-06,1.4464574763605787e-06,0.08009415357211018,True,2826.0
662,0.03330426680314208,2.8161710204241612e-06,3.969176864912248e-06,6.182601551441914e-06,0.24829823780138685,True,2827.0
3230,0.046794317026532736,2.815103925023013e-06,4.089950588090481e-06,4.534147379040262e-06,0.18697118137286087,True,2828.0
1700,-0.08972729660162895,2.8131866186091297e-06,1.2817694500932595e-06,7.410645140471682e-07,0.03371715757999873,True,2829.0
1392,-0.04673805004996658,2.8110039340504086e-06,6.183911362400267e-07,6.863779936735604e-07,0.02786436796233857,True,2830.0
3999,0.0640235449899378,2.8100419728019835e-06,2.640817000688117e-06,2.1397807394632562e-06,0.09784337426044913,True,2831.0
2438,0.019537120810945628,2.7987251064247584e-06,5.17431445128105e-06,1.3739247283394628e-05,0.35612952477892995,True,2832.0
679,0.009297031136733571,2.794817543674982e-06,2.8770540214892436e-06,1.605367310604262e-05,0.2895222342388193,True,2833.0
642,-0.06339292928801885,2.790140417907383e-06,2.482469105285066e-06,2.0314854507278405e-06,0.08639226413894013,True,2834.0
2241,-0.02562485220860108,2.789636979519863e-06,4.790701033613797e-06,9.698585177065739e-06,0.37559641198549526,True,2835.0
2187,-0.017296365330520383,2.783056747078052e-06,1.8520635185588556e-06,5.554842014801762e-06,0.16744067688784273,True,2836.0
2216,-0.07286881967790665,2.7612322749361216e-06,4.5739693925515265e-06,3.2562834615777037e-06,0.1710668617596539,True,2837.0
2290,0.0355655499729176,2.7536695937481437e-06,3.84086407008509e-06,5.602348137448549e-06,0.22800432597493478,True,2838.0
381,0.002475167623864493,2.740907731119564e-06,2.2160752598218176e-06,4.644624128073209e-05,0.33780774858451557,True,2839.0
2441,-0.030275733168288375,2.740802627301087e-06,1.7770365832908691e-06,3.0448954405415978e-06,0.09695273236210955,True,2840.0
1769,0.008232858695839717,2.7407821412537524e-06,1.4869809703062906e-06,9.369694554873918e-06,0.18665309498059673,True,2841.0
3260,-0.024421355734665286,2.7339541038225055e-06,3.772152118012146e-06,8.012907188874178e-06,0.3212672561867803,True,2842.0
3781,-0.0061301292150710614,2.7296198180393262e-06,6.07769187096025e-06,5.143274855917799e-05,0.6323557478211083,True,2843.0
3336,-0.040556525156239226,2.7130909745465323e-06,2.126449926820393e-06,2.719976217779831e-06,0.11005789172339207,True,2844.0
2744,-0.02439533150100913,2.7129165024898445e-06,3.174486012883175e-06,6.750522329163678e-06,0.20567466123799225,True,2845.0
3898,-0.017917203444960603,2.712231476140342e-06,3.7661451896107317e-06,1.0904293133425373e-05,0.36630828933138243,True,2846.0
2686,0.04096662855002745,2.707007825153852e-06,3.7073550402930965e-06,4.694665341108568e-06,0.18913416884025702,True,2847.0
2838,-0.018725719785939628,2.7041262733606967e-06,2.1771224612038803e-06,6.031356819581889e-06,0.1652776894204466,True,2848.0
2489,0.02765980222674029,2.696896867291624e-06,3.984888458703095e-06,7.473736523457394e-06,0.25911317513836757,True,2849.0
1264,0.01267226684053424,2.694278234319315e-06,1.817291471955584e-06,7.439452300223862e-06,0.17189388637954067,True,2850.0
3014,-0.06670136533275514,2.6936058342263455e-06,3.0091335781574483e-06,2.3403317658328377e-06,0.11603791589795788,True,2851.0
1136,0.04042397842602865,2.6903428360286927e-06,3.360496804348292e-06,4.3125596739830035e-06,0.21216362364018068,True,2852.0
276,-0.004351055523537266,2.6868148194434666e-06,1.0539453550070743e-07,1.2565916024432521e-06,0.00025446911381131113,True,2853.0
643,0.013116906451450028,2.6799542127102355e-06,2.9361304372526457e-06,1.1612202701195449e-05,0.2822062472167441,True,2854.0
778,0.013042271990136802,2.676737564432168e-06,1.231749070869785e-06,4.899363638321416e-06,0.11342960748139194,True,2855.0
106,-0.008040092548958705,2.6671157414388254e-06,4.494706688011698e-06,2.90008677276673e-05,0.5266874483109613,True,2856.0
1477,-0.02512865519502463,2.6652152080464475e-06,5.465265708551143e-06,1.1282691624722091e-05,0.42273681531904067,True,2857.0
2155,-0.04403236858318589,2.645519713952472e-06,6.942262489170346e-07,8.178989810329015e-07,0.02582861505184808,True,2858.0
1802,0.032459650303038726,2.6442795911045883e-06,4.031235480509964e-06,6.442657069657199e-06,0.23353902920033082,True,2859.0
1610,0.07903334544613333,2.639801171730036e-06,4.9449975767089714e-06,3.245834720454055e-06,0.1900248107385966,True,2860.0
717,-0.015357067538735145,2.6342514061283514e-06,1.69452895247474e-07,5.724154978524228e-07,0.006170876009924295,True,2861.0
3888,0.0030250393125647577,2.632047958910593e-06,2.975536239338677e-06,5.102757212337357e-05,0.5334944971054139,True,2862.0
1860,0.053053486817005294,2.6254093394621547e-06,2.2771745954813598e-06,2.2266557688248554e-06,0.10255105286595839,True,2863.0
3652,-0.008259964158253245,2.6199643416116057e-06,7.993808991142049e-06,5.020492101945498e-05,0.7317259367644252,True,2864.0
1930,-0.017926030586330723,2.618661920807134e-06,6.411595707426147e-06,1.855464632816644e-05,0.4946879572491889,True,2865.0
3333,0.005558206566057144,2.6174677203277058e-06,3.3308265181762444e-07,3.108765867340047e-06,0.043959539410904004,True,2866.0
1970,0.04029256119414798,2.613770852726175e-06,2.1144521131291535e-06,2.722348146750071e-06,0.12131815000954259,True,2867.0
698,0.01154741264844655,2.611720523219794e-06,4.169888747054539e-06,1.873313516625988e-05,0.35721101851262804,True,2868.0
2266,-0.20379233215697365,2.6078224202246863e-06,1.045122292156364e-06,2.660418481640933e-07,0.015077294993320186,True,2869.0
192,-0.022178900874846617,2.6042306003433453e-06,6.728854809750474e-06,1.5738807438029985e-05,0.5129461161651504,True,2870.0
2918,-0.04039297079539487,2.5948933805617637e-06,9.237660693435503e-07,1.1863884088867417e-06,0.03702525605954577,True,2871.0
2148,0.021139028788013846,2.5938656706670203e-06,4.018856427049694e-06,9.86252564403454e-06,0.29263948088300784,True,2872.0
1515,-0.055477027489445996,2.57775873961879e-06,3.667079717758004e-06,3.4290818552177847e-06,0.15363572746357912,True,2873.0
1880,0.0010111149571696378,2.5688173265410116e-06,1.1817539864349325e-05,0.0006063134821292479,0.9974553088618869,True,2874.0
2721,0.06919099920670167,2.567832564428539e-06,8.369750422534533e-07,6.275286953327887e-07,0.031172466441885618,True,2875.0
1931,-0.04260382110841297,2.5667228551439523e-06,4.145763329036315e-06,5.0480847509043855e-06,0.20866467332527514,True,2876.0
272,0.0022538970167685106,2.5657398824538105e-06,1.907945447661771e-06,4.39139566325959e-05,0.3554933519944017,True,2877.0
3158,-0.01596216097848525,2.5601949801159225e-06,5.768149539029693e-06,1.8746297669411618e-05,0.5067752401552261,True,2878.0
1747,-0.0022950541344964608,2.5570576345931783e-06,5.271372826331825e-06,0.00011915204042690176,0.9583306826133978,True,2879.0
3534,0.011122268303231934,2.53840819706336e-06,3.381002088377158e-06,1.5769675469814214e-05,0.31974044150391245,True,2880.0
3760,-0.015009809867320579,2.530065858941084e-06,9.656846729221722e-07,3.337573448147958e-06,0.0796488326229404,True,2881.0
1317,0.024311473982347377,2.5106620951786183e-06,4.687754655813132e-06,1.0002861776156326e-05,0.39041923786500415,True,2882.0
3369,-0.023379741518425663,2.508255595011056e-06,1.8779307653785506e-06,4.166875799125796e-06,0.14574718493542846,True,2883.0
727,-0.0035426633213945786,2.5057530482491947e-06,7.636022746579205e-06,0.00011181704650326019,0.8653222215153635,True,2884.0
4018,-0.08119181902137164,2.5008435635808672e-06,2.0671803663215393e-07,1.3207991607903298e-07,0.004516826770150773,True,2885.0
1881,-0.007832538395479843,2.5007235811417725e-06,4.2881647911445484e-06,2.840139149923099e-05,0.502385647941981,True,2886.0
2264,-0.03995214642123455,2.498072778266244e-06,7.452343533634981e-07,9.676614373063534e-07,0.024874355875055664,True,2887.0
2280,-0.0470797652457713,2.4969832298811663e-06,4.342711708086521e-07,4.785170263127897e-07,0.011451110121509001,True,2888.0
75,-0.0567566141530468,2.49567474654792e-06,2.7388397738287113e-06,2.503345718373122e-06,0.14460207392327756,True,2889.0
131,-0.058835618718416124,2.4878066730444193e-06,2.452342213908654e-06,2.162277520960187e-06,0.12526242127361792,True,2890.0
1611,-0.008565826300751363,2.4826316552339318e-06,4.0525105614468466e-06,2.454288295152516e-05,0.43482409822507795,True,2891.0
3951,-0.014747087697603273,2.4807175650722806e-06,4.412692210237062e-06,1.5522728351762293e-05,0.4006616196959094,True,2892.0
3404,-0.05764935250129485,2.4719177933205673e-06,3.762311024491606e-06,3.3855633576488164e-06,0.1701126025828615,True,2893.0
3637,0.03017400136693605,2.4691291153786505e-06,2.8635437322239424e-06,4.923133341552287e-06,0.14810102423818308,True,2894.0
2811,0.041520403929076855,2.4563624229525607e-06,2.9973635039559336e-06,3.744971607220199e-06,0.18620777403142694,True,2895.0
751,0.05030925966841441,2.453668579772643e-06,2.9412085756693646e-06,3.0328335894878382e-06,0.1366499141166741,True,2896.0
2054,0.044323453232258926,2.4509174595939493e-06,5.192337371165106e-06,6.077150592379132e-06,0.2820790126598384,True,2897.0
1590,-0.07884856289870146,2.4455695303530448e-06,3.99134938746761e-07,2.626011646954687e-07,0.00947897448947134,True,2898.0
989,0.015049719290421525,2.434752314230531e-06,3.98403204038709e-06,1.3732990108237233e-05,0.34130669889942106,True,2899.0
420,-0.009322292594512222,2.432768360176549e-06,5.120191103006386e-06,2.849273409397105e-05,0.5126916470513392,True,2900.0
3454,-0.031642172679069894,2.4306810816851143e-06,2.8551937108375234e-06,4.681014283647885e-06,0.1808639226413894,True,2901.0
2170,-0.08379806353821086,2.427466411313046e-06,1.6392148076437632e-07,1.014781567394538e-07,0.0027991602519244225,True,2902.0
2346,0.012588835173497232,2.4271090887506973e-06,8.955379598324539e-07,3.6903634158463674e-06,0.05801895794897894,True,2903.0
77,-0.08708766203509524,2.4249414314807707e-06,2.6466706901630545e-06,1.5765725496236737e-06,0.0924995228704116,True,2904.0
3366,0.0047651166834063174,2.424757703788471e-06,1.300353365376166e-06,1.4156585966986099e-05,0.15700744322157897,True,2905.0
2190,-0.062059790333426394,2.421690314093352e-06,1.393269309582729e-06,1.1646500535908536e-06,0.05566511864622432,True,2906.0
3687,0.030976387373409034,2.413027974716194e-06,3.056381951458868e-06,5.118557000654937e-06,0.23042178255614224,True,2907.0
4052,0.08760972407107111,2.4094130172527456e-06,2.5067239209486625e-06,1.4843109015574376e-06,0.08747375787263821,True,2908.0
1621,-0.008526090090738025,2.401490411436897e-06,3.431604431915422e-06,2.087939868237809e-05,0.40390610089700363,True,2909.0
2218,-0.015273163846473002,2.3997547708342554e-06,4.120915314506999e-06,1.3997012913690132e-05,0.38704752210700427,True,2910.0
1841,-0.07000369656596113,2.3893664122097792e-06,1.6178112421699827e-06,1.1988850913830284e-06,0.06539856224950696,True,2911.0
2296,0.017299126459409335,2.3890199364237996e-06,8.13334171946671e-07,2.4390209473287844e-06,0.08919142439086455,True,2912.0
744,0.04728884076732167,2.385378958660937e-06,3.0570439518085044e-06,3.3536188270705178e-06,0.16521407214199377,True,2913.0
3201,0.03007327173141029,2.373066841699177e-06,2.756099258966378e-06,4.7542811444579295e-06,0.2035116737705961,True,2914.0
2210,-0.05395631200234793,2.3656926839741166e-06,2.434580265924184e-06,2.3407364841914893e-06,0.11756473058082575,True,2915.0
1198,-0.025277758911492646,2.3553138555855836e-06,2.498750754978589e-06,5.128083111107202e-06,0.18048221897067243,True,2916.0
3941,0.04640369242435671,2.3541595945735383e-06,2.340822408901605e-06,2.6168968901790164e-06,0.1135568420382976,True,2917.0
107,-0.001965264455250807,2.3540595087307316e-06,1.9763753379285824e-06,5.216979267837417e-05,0.40034353330364525,True,2918.0
681,0.010962033831145737,2.346125482879917e-06,1.0944823446026783e-06,5.179505593869698e-06,0.12309943380622176,True,2919.0
3235,-0.03309526096715872,2.335602995186265e-06,3.2919204460411666e-07,5.160053513462927e-07,0.015713467777848465,True,2920.0
37,-0.0719676009851751,2.3340508939073322e-06,1.5331562399775332e-06,1.1051470616577378e-06,0.05152999554679051,True,2921.0
186,0.010291591710766664,2.328707239740518e-06,4.178665411891553e-06,2.1063267055979013e-05,0.4738851071951142,True,2922.0
1041,0.001706009303124152,2.319338636529872e-06,2.9515439226627644e-07,8.975084365208599e-06,0.045041033144602075,True,2923.0
1540,-0.011006535979990097,2.3172997177075766e-06,4.076408975290237e-06,1.9213114714806533e-05,0.49227050066798145,True,2924.0
99,0.005847616428817059,2.314114174323973e-06,5.172778055594653e-06,4.588974575535044e-05,0.6554488198994847,True,2925.0
2660,0.049424607435775814,2.3119713086887997e-06,1.5838144242517693e-07,1.6623855286734099e-07,0.00489853044086774,True,2926.0
2624,-0.028939640699236296,2.308136434964703e-06,6.984295496728408e-07,1.2519879674149544e-06,0.05273872383739424,True,2927.0
2630,-0.016436305061932624,2.3081097482180913e-06,1.1767701732038692e-06,3.7141389153053918e-06,0.11438386665818437,True,2928.0
2093,-0.07987516433366065,2.3059511222387375e-06,1.598173371198753e-06,1.0379652398011005e-06,0.052802341115847064,True,2929.0
543,-0.010016043128282196,2.3043731718919e-06,5.81876475789668e-06,3.013736640177203e-05,0.6901202366562759,True,2930.0
389,0.02189329515758386,2.3032762253323428e-06,3.485138884350763e-06,8.258090572221502e-06,0.25879508874610346,True,2931.0
598,-0.12751954549708605,2.3025652533394614e-06,1.7676108771232604e-06,7.190856026092895e-07,0.04230549017113048,True,2932.0
2188,0.01594485589908248,2.3022327089889506e-06,1.0288425577796536e-07,3.347333670082507e-07,0.0022902220243018003,True,2933.0
4063,0.014446495426987192,2.297271467305477e-06,4.3234743701267095e-06,1.5525338168093132e-05,0.40963165595775813,True,2934.0
2877,-0.0075470796926003945,2.2867747099964427e-06,1.8125382389711184e-06,1.2458877794491247e-05,0.16699535593867296,True,2935.0
384,0.027445402317453196,2.2859188605685753e-06,2.4456046376635585e-06,4.6226108268167554e-06,0.1712577135950124,True,2936.0
1420,-0.015187415799680722,2.2824773177391586e-06,1.9136486110934727e-06,6.536556141435132e-06,0.18983395890323812,True,2937.0
2364,0.012555480838756447,2.2811971192845418e-06,3.880351552572352e-06,1.6032764312085662e-05,0.44907436859851135,True,2938.0
1531,-0.006449352926879846,2.280263817932059e-06,2.3052723403087687e-06,1.8542862601752922e-05,0.38704752210700427,True,2939.0
1657,0.03187571518765548,2.2797469641433977e-06,4.338917958365365e-07,7.061422304063172e-07,0.036643552388828805,True,2940.0
1883,-0.007902100459498284,2.2700391863250658e-06,5.409385118636069e-07,3.5512074215297527e-06,0.08206628920414785,True,2941.0
16,-0.21012739098103342,2.269989588255507e-06,1.1291796573999356e-06,2.7877322652775823e-07,0.017621986131433297,True,2942.0
526,-0.0548903833556499,2.2693547005129244e-06,1.677029115215775e-06,1.5849480172323628e-06,0.07226922832241237,True,2943.0
1417,-0.02960423053536473,2.267251660028585e-06,1.3628610477121514e-06,2.3881878569748666e-06,0.08855525160633627,True,2944.0
733,-0.09356990032171542,2.2603219387817288e-06,2.5446062496883585e-06,1.410766397850543e-06,0.0830841656593931,True,2945.0
3967,0.017353969494335895,2.2524967678117395e-06,9.113021724216497e-07,2.7241703400411066e-06,0.07436859851135569,True,2946.0
2096,0.03775112150834712,2.2412877249383465e-06,2.6816248758147957e-06,3.6850115360642112e-06,0.187289267765125,True,2947.0
1358,0.025192577466662987,2.2384500918952564e-06,2.690325607057907e-06,5.5399127756625165e-06,0.18309052738723838,True,2948.0
3380,0.02810109144698411,2.23412077786093e-06,1.7348069758116423e-06,3.2025701825755187e-06,0.1353139512691647,True,2949.0
2860,-0.04242683516701939,2.2315371355971712e-06,9.265054449727517e-07,1.1328646454131788e-06,0.046122526878300145,True,2950.0
1582,-0.01594352225443175,2.227702890249889e-06,2.1285725159523375e-06,6.925878399889568e-06,0.17431134296074813,True,2951.0
3642,-0.020305469167063,2.227627191336418e-06,3.3609477556745575e-06,8.586564120480831e-06,0.2613397798842165,True,2952.0
1222,0.004322532319104205,2.2236273524588707e-06,8.85399279444901e-07,1.0626043741974684e-05,0.14924613525033398,True,2953.0
2585,0.027146697558494172,2.218787822062146e-06,2.4655356896335274e-06,4.7115626820155116e-06,0.17952795979388,True,2954.0
4026,-0.04871468376498223,2.2121589265513626e-06,3.044282386905218e-06,3.241871016184427e-06,0.18270882371652142,True,2955.0
3231,-0.0847417661164695,2.2094037067159644e-06,9.364984330625061e-07,5.732977381829794e-07,0.024556269482791528,True,2956.0
0,-0.006320516153670189,2.206165188089809e-06,3.947543795272134e-06,3.2400006367704725e-05,0.5490171130479038,True,2957.0
801,0.004893234104590839,2.2020454115766773e-06,1.3675515955193465e-06,1.449834436202969e-05,0.16674088682486163,True,2958.0
2616,0.043136843951447415,2.19682710504059e-06,3.571852224835524e-06,4.2955205375277355e-06,0.20637445130097334,True,2959.0
104,-0.022279741701254564,2.195187444468793e-06,2.513042502129239e-06,5.851407801693553e-06,0.20802850054074687,True,2960.0
2157,0.016193712318980855,2.1924170503712365e-06,3.5261322524458427e-06,1.1295952606471787e-05,0.3556842038297602,True,2961.0
1688,-0.022445737843030666,2.1895641566527775e-06,2.2753476507091126e-06,5.258774641256024e-06,0.1799732807430498,True,2962.0
3569,-0.030809949540448873,2.17966298024615e-06,5.95582385769313e-07,1.0028166645106218e-06,0.04415039124626249,True,2963.0
3818,0.01703335274133748,2.1788174121215283e-06,2.792731122860637e-06,8.505496475401032e-06,0.2295947579362555,True,2964.0
924,-0.026285504133527576,2.172597612884213e-06,1.1470547550815827e-06,2.2638024366645416e-06,0.07036070996882754,True,2965.0
587,0.012418739817433308,2.170637822797436e-06,4.1603191239969025e-06,1.7378800632507254e-05,0.3923913734970418,True,2966.0
3958,-0.0025893546886287693,2.168910527097716e-06,3.276612730949067e-07,6.564539329675467e-06,0.03645270055347032,True,2967.0
1440,0.004341715226157962,2.1625902634761526e-06,5.031099236824021e-06,6.011353026891057e-05,0.7145492715821617,True,2968.0
3567,0.025461903307761304,2.1502459627297166e-06,2.788780936586602e-06,5.681908304766369e-06,0.2101278707296902,True,2969.0
804,0.0076377433989834684,2.14888051435114e-06,2.209673499913591e-06,1.500837692096107e-05,0.2697372606399898,True,2970.0
3285,-0.038377547410565725,2.1454091434860343e-06,1.8110049741177767e-06,2.4480095659339927e-06,0.10560468223169413,True,2971.0
3598,-0.04643981934755507,2.1440201225129247e-06,1.7312558063994324e-06,1.933932917495745e-06,0.09568038679305299,True,2972.0
2066,-0.017639560492212835,2.1191214056363883e-06,6.884434019307969e-07,2.0246556335187515e-06,0.06291748838984668,True,2973.0
1662,0.03020262674141111,2.118563700551352e-06,6.364606119556414e-07,1.0931946581157118e-06,0.02970926903747058,True,2974.0
4065,0.0019468749819087838,2.1181371579809867e-06,2.696499481069201e-06,7.185102384429237e-05,0.5931675042941663,True,2975.0
2865,-0.024226245501791737,2.112415003543506e-06,4.979937864934406e-07,1.0663714137459502e-06,0.038933774413130603,True,2976.0
3465,0.0016045662198690635,2.109214209394682e-06,1.4331743661372452e-06,4.633530979497328e-05,0.24759844773840575,True,2977.0
3991,0.032565286304700465,2.1006117597099168e-06,2.5054566760920085e-06,3.99119255622873e-06,0.14854634518735288,True,2978.0
2957,0.00468176516507386,2.097162629057343e-06,4.7107788557308614e-06,5.219798946696518e-05,0.7483936637190661,True,2979.0
1835,-0.014950099215401342,2.0813316263991173e-06,9.425805591096561e-07,3.2707329606169665e-06,0.0730326356638463,True,2980.0
2447,-0.017444683696409554,2.081132509548655e-06,1.5587465314629426e-06,4.635355904310247e-06,0.15579871493097525,True,2981.0
2166,-0.014170501734660952,2.080620599233884e-06,3.2030471650235617e-07,1.172597031514201e-06,0.01615878872701826,True,2982.0
571,0.038541360525422716,2.069438462592162e-06,8.164145581102092e-08,1.0988904098508285e-07,0.00012723455690565557,True,2983.0
455,-0.0482501004017866,2.066771869530513e-06,9.257397039128476e-07,9.953168430728919e-07,0.053311279343469686,True,2984.0
2846,0.008195830586018242,2.0662764559257264e-06,3.261767573881493e-06,2.06457527792308e-05,0.4615433551752656,True,2985.0
887,-0.028371241122085965,2.0637409614644926e-06,5.125200178848991e-06,9.371372095796975e-06,0.39111902792798525,True,2986.0
4076,0.01078228716749449,2.0609685400056968e-06,2.934213477286337e-06,1.4117295244018607e-05,0.3551752656021375,True,2987.0
239,0.033023240904047,2.0548778667633927e-06,1.7838411676055844e-07,2.8022519105236383e-07,0.006743431515999746,True,2988.0
3000,-0.06731731028368783,2.052999806390299e-06,5.119752536706611e-07,3.945416886634872e-07,0.02156625739550862,True,2989.0
932,-0.005764627774458488,2.046828034520425e-06,1.1876082405065406e-07,1.0687413599804055e-06,0.009415357211018513,True,2990.0
3619,-0.00953014103327458,2.046597330733135e-06,1.5177128068997777e-06,8.26153896372983e-06,0.17952795979388,True,2991.0
187,-0.010580804330161241,2.04447757169243e-06,1.9037961205665162e-06,9.334099770826377e-06,0.24689865767542465,True,2992.0
2572,0.005135193537426387,2.04336527085669e-06,2.9854971377569537e-06,3.015994375595939e-05,0.5517526560213754,True,2993.0
149,-0.05651398937231975,2.039977044518956e-06,4.903717619499587e-07,4.501322942602101e-07,0.023220306635282142,True,2994.0
927,-0.11373692639682376,2.036157677338695e-06,1.5691090558091427e-06,7.156856762775502e-07,0.0428144283987531,True,2995.0
3072,-0.021051652225889412,2.0281037304004847e-06,2.8096353866484723e-06,6.923639732220619e-06,0.2509065462179528,True,2996.0
536,0.02690271082899325,2.0181796572544345e-06,1.1678667393502325e-06,2.2519976382776615e-06,0.07659520325720466,True,2997.0
3942,-0.025842653938354197,2.014793749598771e-06,3.528850651098146e-06,7.083809129197057e-06,0.2980469495514982,True,2998.0
1413,0.018873919453807023,2.0081336931664937e-06,1.0631784998006493e-06,2.9222325397664544e-06,0.06368089573128062,True,2999.0
3094,0.004908835952318892,2.0078026754826704e-06,5.702944637789987e-06,6.0268630248243656e-05,0.7583815764361601,True,3000.0
3197,0.04559426881904523,2.003234568963013e-06,2.8008912112673123e-06,3.1868136568874446e-06,0.1668681213817673,True,3001.0
2901,-0.03589751361019215,2.0008093331557192e-06,6.299235998510263e-07,9.103202313131028e-07,0.028373306189961194,True,3002.0
269,-0.05090800385706242,1.9964339003134668e-06,1.4669451079541097e-06,1.4948529715201814e-06,0.0792035116737706,True,3003.0
3043,-0.0527306727702699,1.9947224210767565e-06,1.4554909271340308e-06,1.4319137996687401e-06,0.0641262166804504,True,3004.0
2103,0.020123008213814075,1.991668617445164e-06,4.531361967780728e-06,1.1681713078254487e-05,0.42979833322730454,True,3005.0
2077,-0.02053301308788246,1.988750908828613e-06,3.362114225404341e-06,8.494356119202219e-06,0.3110884916343279,True,3006.0
1318,0.0602120463662965,1.9746553422373644e-06,2.2752675024682577e-06,1.960287455516564e-06,0.11362045931675042,True,3007.0
586,0.026621869398074236,1.972144015748067e-06,1.7014509454696778e-06,3.3155193600820807e-06,0.11381131115210891,True,3008.0
2835,-0.014865409534812576,1.9712491443194376e-06,2.500940741135813e-06,8.727647703086699e-06,0.3526305744640244,True,3009.0
1579,-0.015458832895415381,1.9681834650812933e-06,3.866039187790469e-06,1.297359192955684e-05,0.4179655194350786,True,3010.0
646,-0.0039008133739264713,1.9658235626635724e-06,3.136041525472217e-07,4.170588256898462e-06,0.03734334245180991,True,3011.0
3310,-0.0015528060078006897,1.964483804677826e-06,5.09669920310998e-06,0.00017027170497874435,0.9003753419428717,True,3012.0
606,-0.10431376751808155,1.9567066448078647e-06,1.217742009109721e-06,6.055978734646674e-07,0.0347986513136968,True,3013.0
2952,-0.006012380610120636,1.945683477107315e-06,2.8143525607869736e-07,2.428302127579412e-06,0.04758572428271519,True,3014.0
3011,0.05610694447930979,1.9448515384252033e-06,1.3550359635669698e-06,1.2528667625481983e-06,0.053438513900375344,True,3015.0
375,-0.0027975879154801954,1.9264952072277686e-06,5.601002859103898e-07,1.0386105632820038e-05,0.07042432724728036,True,3016.0
243,-0.09876859091679953,1.9257834343673583e-06,1.490850888411088e-06,7.830437631022159e-07,0.044404860360073795,True,3017.0
3359,-0.028089556106442926,1.911512008002708e-06,3.7510380402468115e-06,6.927511837259266e-06,0.2843692346841402,True,3018.0
368,-0.002978985020500033,1.9084776637408747e-06,3.5812772597589823e-06,6.236491143199132e-05,0.6122526878300146,True,3019.0
1092,0.002061960823639317,1.9045936055731746e-06,3.2385223829724867e-06,8.147740295568643e-05,0.7691965137731408,True,3020.0
3801,0.04146843742022534,1.9030121251025264e-06,9.955809361879875e-07,1.245459430094168e-06,0.04478656403079076,True,3021.0
1353,0.06693774187372206,1.9025340220013637e-06,1.1134662836048438e-06,8.629322454193674e-07,0.04217825561422482,True,3022.0
2117,0.024930831025292446,1.9017187853765637e-06,1.1655833242056833e-06,2.425365829100632e-06,0.08442012850690248,True,3023.0
2716,-0.0278896597724583,1.9010186415822545e-06,1.4776041548314525e-06,2.7484356400193076e-06,0.1018512628029773,True,3024.0
1786,-0.03357152881084244,1.8970320770902414e-06,1.7441694112596671e-06,2.6951828281959446e-06,0.12284496469241046,True,3025.0
771,-0.032684044042268,1.8959607872903607e-06,3.1833471927505116e-06,5.052646386920087e-06,0.21865258604236912,True,3026.0
3357,0.039054765956453075,1.890112668292358e-06,1.1695357756418035e-06,1.5534960594141714e-06,0.061390673706978816,True,3027.0
56,-0.04596153265786656,1.889233877496761e-06,2.025270398451811e-06,2.2859103650037653e-06,0.09599847318531714,True,3028.0
2916,-0.05742002477796923,1.8888502357170469e-06,2.4000337888383537e-07,2.168326435765273e-07,0.00661619695909409,True,3029.0
454,-0.001420587869104716,1.8856771068828965e-06,5.484432504662672e-06,0.00020027847628019372,0.9487880908454737,True,3030.0
3537,-0.03708890349149069,1.8856342698336525e-06,7.415460515332587e-07,1.0372055146080387e-06,0.05165723010369616,True,3031.0
2973,-0.01376084564530184,1.8851687110679194e-06,1.3484173319045752e-07,5.083348525998162e-07,0.0034353330364527007,True,3032.0
2831,-0.03093028461354101,1.8847429554661908e-06,2.1306178642225105e-06,3.5734880326767386e-06,0.14759208601056048,True,3033.0
3923,-0.007742825298184145,1.8807432512135488e-06,8.406963735795871e-07,5.632619287328877e-06,0.09447165850244926,True,3034.0
997,-0.03228002985847944,1.8776573223514334e-06,2.8506836957476878e-06,4.581268949187913e-06,0.19797697054520008,True,3035.0
1878,-0.006873541772276687,1.8768083486551279e-06,4.61501110811115e-06,3.4830752609544174e-05,0.6352821426299383,True,3036.0
3972,-0.02405750572230994,1.8761314268575378e-06,1.8151241105964435e-07,3.9140503864720674e-07,0.012850690247471213,True,3037.0
2549,-0.009072553714286162,1.8734088372240744e-06,3.381960227446348e-06,1.9337914335767718e-05,0.4561358865067752,True,3038.0
167,-0.01762692760065565,1.8614243006293185e-06,2.359539714177273e-06,6.9441861619892485e-06,0.23201221451746296,True,3039.0
3653,-0.030638240174707346,1.8564976283796442e-06,3.071375467979528e-06,5.20043627592555e-06,0.22316941281251987,True,3040.0
3376,0.012436607845077911,1.856320828783154e-06,1.0824057188963934e-06,4.515011098715098e-06,0.11075768178637319,True,3041.0
1259,0.019416854694936404,1.8550209908543362e-06,3.450158707320215e-06,9.217876320534053e-06,0.3189770341624785,True,3042.0
1613,0.03281934519317795,1.8544457808723165e-06,1.998199649299152e-06,3.158491051881814e-06,0.13633182772440994,True,3043.0
3921,0.029714756923632783,1.8522099123606867e-06,2.108212426586829e-06,3.6805512649599575e-06,0.16540492397735224,True,3044.0
3353,0.015432681914371008,1.8517978468742585e-06,1.2381398626816178e-06,4.1619703840346854e-06,0.12233602646478783,True,3045.0
2249,0.034136835950078624,1.8515958955480024e-06,1.0419659150062438e-06,1.5834375207529516e-06,0.06418983395890324,True,3046.0
476,0.01653603818033667,1.8477910691106e-06,2.49539098103484e-06,7.828486716658445e-06,0.22488707933074623,True,3047.0
2498,-0.012812776667158368,1.84754920139674e-06,1.8245524215165138e-07,7.387266618246587e-07,0.007125135186716712,True,3048.0
3499,-0.00418138932840305,1.8418346293073682e-06,3.4677767298189477e-06,4.302305103934454e-05,0.6835040396971818,True,3049.0
453,-0.029628978006587713,1.8374114983066824e-06,3.71744286501562e-06,6.5087608560946455e-06,0.30281824543546026,True,3050.0
1055,-0.029778531069381164,1.83707208239263e-06,1.0090510967128613e-06,1.7578449764314566e-06,0.06425345123735607,True,3051.0
3001,0.0142957427556497,1.8333773005886323e-06,1.25244795840201e-06,4.544892849624526e-06,0.12169985368025955,True,3052.0
3056,-0.06121120718542824,1.8205682737677341e-06,2.7732415107168977e-07,2.3503223579035534e-07,0.008270246198867612,True,3053.0
290,0.011506775046978543,1.8175890208738716e-06,2.678809749619881e-06,1.2076996273113452e-05,0.2864049875946307,True,3054.0
2804,-0.0424886914426107,1.8132321708441688e-06,9.382829103469276e-07,1.1455950661454995e-06,0.047204020611998215,True,3055.0
3125,0.0674624928950347,1.81037014532101e-06,5.550284706977319e-07,4.2679916409268215e-07,0.01978497359882944,True,3056.0
3869,0.036787998621383884,1.8093269755195057e-06,2.6023242671874718e-06,3.6696608984968852e-06,0.17132133087346524,True,3057.0
3,-0.015932285940940854,1.8062760186111387e-06,3.7440049296384236e-06,1.2190710107395056e-05,0.4686684903619823,True,3058.0
2366,0.01953399021744168,1.798054012659335e-06,1.637162308580426e-06,4.34781899881964e-06,0.13455054392773078,True,3059.0
1403,-0.005079221868600777,1.7940639311641618e-06,5.174675804713045e-07,5.28514183321411e-06,0.13976716076086265,True,3060.0
3412,-0.0072891411630855015,1.7939532446969556e-06,3.267874593370878e-06,2.3257321969113965e-05,0.6137158852344297,True,3061.0
3099,0.0072868646591534815,1.7854629637757883e-06,9.563061381630582e-07,6.808115646189172e-06,0.13410522297856098,True,3062.0
3484,-0.009221302100949135,1.7851153209185686e-06,2.0958945869366174e-06,1.1790924812961298e-05,0.3129333927094599,True,3063.0
1029,0.07038403669023283,1.7812292186641366e-06,1.55276988977703e-06,1.144467894915843e-06,0.0588459825688657,True,3064.0
2925,0.041263796503953086,1.7811164042019777e-06,9.246703816558992e-07,1.1624879186056007e-06,0.05114829187607354,True,3065.0
1091,0.020858439335415452,1.7809565444939457e-06,2.067440746493704e-06,5.141880095357393e-06,0.18029136713531396,True,3066.0
3631,-0.024869701482234798,1.780631949336556e-06,4.941556609252475e-07,1.0307750237800319e-06,0.03454418219988549,True,3067.0
114,-0.02141206282383334,1.7679157337596372e-06,1.3028267034807933e-06,3.15644936485457e-06,0.12004580444048604,True,3068.0
2564,-0.0721743877893183,1.7673897052532343e-06,1.9689135350955334e-07,1.41518826951615e-07,0.004707678605509256,True,3069.0
4082,0.05661577961947439,1.7670432465209673e-06,1.95940729541687e-06,1.795386324808298e-06,0.09237228831350595,True,3070.0
1404,-0.015936871422139343,1.7656264844994536e-06,1.3626337208423616e-06,4.435542528041312e-06,0.13747693873656086,True,3071.0
3120,-0.06415007069922884,1.7602231682919118e-06,2.5126582760656336e-06,2.0319217217611683e-06,0.1293339270945989,True,3072.0
3576,-0.03810601384245963,1.7594034040338912e-06,2.5244974048062488e-06,3.4367828457105795e-06,0.18563521852535148,True,3073.0
2867,-0.015823629095632133,1.7439531004979542e-06,3.3713737561641056e-06,1.1052779130360942e-05,0.3407341433933456,True,3074.0
152,0.004736619944293614,1.734826861469681e-06,9.410506247405691e-08,1.030659314006158e-06,0.003371715757999873,True,3075.0
3587,-0.0815754462183677,1.7294596860265149e-06,1.0914485284537986e-06,6.94087919880935e-07,0.03740695973026274,True,3076.0
652,-0.015902718592426986,1.7246325021271442e-06,2.3168135391169643e-06,7.557712948133307e-06,0.22488707933074623,True,3077.0
1169,-0.006760548092009607,1.7192668221684214e-06,2.7638067632448452e-06,2.1207840718631836e-05,0.42114638335772,True,3078.0
1734,0.014070105891773117,1.7158090789808185e-06,2.839373459431197e-06,1.046877430102649e-05,0.3187225650486672,True,3079.0
2524,-0.02963257865311427,1.7152842575109378e-06,1.602856498160022e-06,2.806053071530995e-06,0.11603791589795788,True,3080.0
1442,-0.033285964982271446,1.7086166111012982e-06,2.539611554281496e-06,3.95800944836546e-06,0.20096698263248297,True,3081.0
307,0.022174523941599435,1.701225793764295e-06,1.7239116050752615e-07,4.033029258241385e-07,0.011069406450792034,True,3082.0
436,0.006375678617944205,1.7008263099918115e-06,2.566946720267356e-07,2.088628123697872e-06,0.026337553279470703,True,3083.0
1072,-0.04905980061592249,1.6986496842339392e-06,3.736559481417634e-07,3.951088936583262e-07,0.01469559132260322,True,3084.0
1593,0.10459006241189103,1.6840589007704693e-06,8.468449186013889e-07,4.2003371169373443e-07,0.022011578344678415,True,3085.0
3134,0.06907416288159794,1.670287428530505e-06,1.5837252977603058e-06,1.1894190991762594e-06,0.07226922832241237,True,3086.0
909,-0.05008351937171526,1.6701698078776798e-06,1.960802192749239e-06,2.0309986232492258e-06,0.09943380622176984,True,3087.0
1986,0.021543731893159418,1.66446253620826e-06,1.9163416855976005e-06,4.614479227455557e-06,0.19218779820599274,True,3088.0
3879,0.056940035078850225,1.6638831781277284e-06,8.903696569613551e-07,8.111913389964684e-07,0.04046058909599847,True,3089.0
3927,0.01943153951178826,1.6631949831466942e-06,8.508289248695195e-07,2.2714632777059137e-06,0.08200267192569502,True,3090.0
3954,-0.00845969494121739,1.6626881122616765e-06,1.56461320140296e-06,9.594513803381411e-06,0.24161842356383995,True,3091.0
3128,0.07084994719852214,1.6624663474818431e-06,2.0282888823583617e-06,1.4851180056026012e-06,0.0924995228704116,True,3092.0
3075,-0.07803004197077096,1.65910342683308e-06,1.393312014207181e-06,9.263118624397718e-07,0.053311279343469686,True,3093.0
95,0.008356763079690542,1.6550767259584733e-06,1.9770893607135825e-06,1.227323058162504e-05,0.3182136268210446,True,3094.0
344,0.05497550233613481,1.6536968041108404e-06,2.42830798030145e-06,2.291422878655647e-06,0.1307335072205611,True,3095.0
2519,-0.017869313094533525,1.6528403262609529e-06,2.154388439425751e-06,6.254417034096865e-06,0.24219097906991538,True,3096.0
3545,0.015209253158980064,1.6474486940143546e-06,3.778868542893972e-07,1.2889158955282631e-06,0.03778866340097971,True,3097.0
4009,0.024480542192936633,1.6459264037257503e-06,1.538223532750454e-06,3.259635981839536e-06,0.11591068134105223,True,3098.0
2292,-0.0068933581440767085,1.6454309589256497e-06,5.514109635710569e-07,4.149686025535259e-06,0.07564094408041223,True,3099.0
755,0.007987866171260757,1.637366243645596e-06,3.244960415482687e-06,2.1074113149091518e-05,0.4558178001145111,True,3100.0
3788,0.04769895828488706,1.6337126614254456e-06,2.733969020201564e-06,2.9734139794410977e-06,0.1575163814492016,True,3101.0
1268,-0.0011990166053096303,1.6311419671311654e-06,2.1817038219897263e-07,9.439332383165e-06,0.07500477129588397,True,3102.0
1819,0.04544564414590043,1.6289554846502251e-06,1.7515888275147878e-06,1.9994501791593484e-06,0.09447165850244926,True,3103.0
2807,0.035946905244023206,1.6268145010637896e-06,1.4976325932219574e-06,2.1612970491794204e-06,0.09987912717093962,True,3104.0
3682,0.04406649248978851,1.6266364142801326e-06,2.600971048061079e-07,3.0619473476675676e-07,0.010115147273999618,True,3105.0
3190,-0.06735889160609479,1.6231585809815459e-06,4.719597314499631e-07,3.634801489892848e-07,0.014568356765697564,True,3106.0
1069,-0.01332355966234925,1.622471761996773e-06,2.1254844755959596e-06,8.275768823249621e-06,0.2392009669826325,True,3107.0
1146,-0.02891251560477653,1.620510837783017e-06,2.142428027325088e-06,3.8440678556981255e-06,0.16317831923150328,True,3108.0
1253,-0.050621915365217984,1.6027421752212508e-06,1.130449950003473e-06,1.1584664207063088e-06,0.06310834022520516,True,3109.0
3467,-0.002416135607936889,1.6004390529389055e-06,5.126907576584122e-06,0.00011007909917100486,0.8388574336789872,True,3110.0
2857,0.11959566597410862,1.597427434444179e-06,4.41067955757126e-07,1.9132016621654664e-07,0.011578344678414657,True,3111.0
664,-0.020997915175617103,1.5962691561348468e-06,2.4290083932690297e-06,6.000998562926274e-06,0.23137604173293466,True,3112.0
3628,-0.058139827094209236,1.594653658207885e-06,1.4429386010120551e-06,1.2874927734647046e-06,0.06832495705833705,True,3113.0
2118,0.08878095774564315,1.5940466529133562e-06,9.255433396772667e-07,5.408136174623662e-07,0.03193587378331955,True,3114.0
2384,-0.019479913452443542,1.593129013908619e-06,2.094745611525912e-06,5.578468055824976e-06,0.20580189579489788,True,3115.0
2236,-0.13580941411555297,1.5918444188349879e-06,9.882121655640957e-07,3.774774431218486e-07,0.025955849608753738,True,3116.0
3222,0.012782592127493603,1.5871366426793106e-06,1.967626429261919e-06,7.985358164643567e-06,0.25249697817927347,True,3117.0
430,-0.0013706786747606507,1.5866647270606785e-06,4.068702841877007e-06,0.00015398946159832808,0.9140530568102296,True,3118.0
1492,0.029461597915061734,1.5851883271685144e-06,3.0346358303826593e-06,5.34344037296708e-06,0.24104586805776448,True,3119.0
3258,0.0436700671053336,1.5834813148020468e-06,2.166912324223388e-06,2.5741162996105528e-06,0.13677714867357973,True,3120.0
45,0.07523767820443215,1.5826668659198751e-06,4.1841986435186876e-07,2.885011798833162e-07,0.01240536929830142,True,3121.0
3752,-0.14001967365196236,1.5799836709677273e-06,3.08595265330552e-07,1.1433281112826948e-07,0.005852789617660156,True,3122.0
3525,0.08903628120286235,1.5781575046611285e-06,1.5695569159621749e-06,9.144937479885636e-07,0.06119982187162033,True,3123.0
1806,-0.0037064439233534473,1.575744091945541e-06,6.051325411872493e-06,8.469616737170549e-05,0.8696481964501559,True,3124.0
1174,0.02056264990837389,1.5740309657927103e-06,2.8750920888835146e-06,7.253428969012338e-06,0.2991284432851963,True,3125.0
1992,-0.026979627736670616,1.5718745808078427e-06,1.4683433251979513e-06,2.8233345620264536e-06,0.10356892932120364,True,3126.0
2223,-0.014988757766291126,1.569522352151704e-06,1.5410301078766397e-06,5.3335474983121875e-06,0.18595330491761564,True,3127.0
1642,0.012602493654867207,1.566718022269265e-06,1.257585266200024e-06,5.176683787762324e-06,0.1730389973916916,True,3128.0
1395,0.08824545859001204,1.5661301088725476e-06,1.2486873023485006e-06,7.340607707628873e-07,0.047204020611998215,True,3129.0
4083,-0.022699535435460605,1.5618660011685065e-06,3.34036521433489e-06,7.633921110190297e-06,0.34149755073477955,True,3130.0
2532,-0.02730922977155837,1.5600496383868535e-06,2.100287943092756e-06,3.989698450332236e-06,0.18582607036070997,True,3131.0
2126,0.0026614312721071737,1.55565958242997e-06,2.521235157980725e-07,4.914380548125977e-06,0.04198740377886634,True,3132.0
2909,-0.07249070727028978,1.552308530416965e-06,8.415863640927858e-07,6.022641846330728e-07,0.03441694764297983,True,3133.0
3194,-0.01824747878013544,1.5486215526757753e-06,2.3165240651434735e-06,6.585740790128281e-06,0.23093072078376486,True,3134.0
4014,0.028692772338868872,1.5450301898805979e-06,3.2492955041523962e-06,5.874722831181051e-06,0.27762580316814045,True,3135.0
2782,0.006455821285114812,1.5358262342619808e-06,4.971845698370321e-06,3.9951843765361424e-05,0.7936255486990267,True,3136.0
2843,0.004727099733296872,1.5338289917749524e-06,3.1719458369864888e-06,3.480981233077151e-05,0.6696990902729181,True,3137.0
3338,-0.017905018926268907,1.5327836614792367e-06,2.137428649707735e-06,6.192806726275134e-06,0.21470831477829377,True,3138.0
1307,-0.0943465506207015,1.5323692701327447e-06,4.918249966535064e-07,2.7043024105408326e-07,0.017049430625357846,True,3139.0
1447,0.036223047811952104,1.5320784284414507e-06,8.901122483502147e-07,1.2747660020079623e-06,0.052993192951205546,True,3140.0
3965,0.012903698240632692,1.5297083479200273e-06,2.4624976578048554e-06,9.899934290933584e-06,0.28017049430625357,True,3141.0
1426,-0.016725564741310477,1.5296694745887181e-06,2.961084142848833e-06,9.184185398890956e-06,0.30924359055919587,True,3142.0
2975,0.010425164769346676,1.5273689049604558e-06,2.168731599858577e-06,1.0791791946336814e-05,0.2916216044277626,True,3143.0
1560,-0.004329556811541851,1.5173241533595942e-06,2.6591662066090837e-07,3.1861977348745e-06,0.040715058209809786,True,3144.0
2599,-0.0859425313100133,1.51702432894785e-06,8.047007748189796e-07,4.857322762691996e-07,0.02417456581207456,True,3145.0
3897,-0.034117045448830124,1.5050816898575717e-06,1.0933125592209667e-06,1.6624309177056394e-06,0.07405051211909154,True,3146.0
1020,-0.016070677285226643,1.5026200778125097e-06,1.8781698967824263e-06,6.06277400102269e-06,0.24047331255168905,True,3147.0
3482,0.10371661067540881,1.5024534465895315e-06,1.4078597946407316e-07,7.041769007826116e-08,0.002926394808830078,True,3148.0
2386,0.02321688515377664,1.5001538826990854e-06,3.1682488834565186e-06,7.079229986238868e-06,0.315478083847573,True,3149.0
1231,0.0017900919634639997,1.495467934802419e-06,9.781922166550425e-07,2.8347812027661253e-05,0.2790253832941027,True,3150.0
3446,0.029919270732511265,1.4929329963397716e-06,9.567949193608962e-07,1.6589700330664173e-06,0.05922768623958267,True,3151.0
2628,0.024971870646336203,1.4768012062112235e-06,2.8311830749985277e-06,5.881492682631228e-06,0.2551052865958394,True,3152.0
3789,0.07029453680479669,1.4732074449242943e-06,1.970241378106395e-06,1.454013860186628e-06,0.09256314014886444,True,3153.0
830,0.01635856180529794,1.4501098412450967e-06,1.3021409543093819e-06,4.129367766937151e-06,0.12666200139958012,True,3154.0
3459,0.04358474632816985,1.4455452902700372e-06,1.2688356944828576e-06,1.5102246313041495e-06,0.07265093199312933,True,3155.0
315,-0.03783982015339107,1.4453121918788977e-06,1.8881873840450727e-06,2.5886105225853137e-06,0.12551689038742922,True,3156.0
2084,-0.03603548917759912,1.4343474805410118e-06,7.151212393077243e-08,1.0294848010748013e-07,0.001463197404415039,True,3157.0
3452,-0.0601044307718748,1.4314933253951792e-06,6.948996064153077e-07,5.997721027437729e-07,0.029963738151281887,True,3158.0
1622,0.0798020805422279,1.4287121686290438e-06,9.882614505284603e-07,6.424337157054378e-07,0.035562058655130735,True,3159.0
3031,-0.03888735180039695,1.425877507481315e-06,2.2865830586149332e-06,3.050347353115408e-06,0.16101533176410712,True,3160.0
2262,0.028059396102334593,1.4218306004478955e-06,8.573511018491478e-07,1.5850795931351097e-06,0.07252369743622368,True,3161.0
1719,-0.018266252440747772,1.418781129252539e-06,7.150461735515436e-07,2.030744641196032e-06,0.09956104077867549,True,3162.0
319,-0.0056301550023965695,1.4182611314961821e-06,7.903392376217114e-07,7.282221365278711e-06,0.15579871493097525,True,3163.0
1743,-0.038104959549098726,1.4168491594270256e-06,2.973330192784353e-07,4.047923722912852e-07,0.017685603409886126,True,3164.0
2678,-0.012617931777875076,1.4167558284877984e-06,1.0965767557007216e-06,4.508390699170783e-06,0.13932183981169285,True,3165.0
1752,0.00979025301213802,1.4131230351025233e-06,1.1704967077648016e-06,6.20221711702641e-06,0.1275526432979197,True,3166.0
1793,-0.008987307463903098,1.4055430637773388e-06,1.5316951290253658e-06,8.84124480632477e-06,0.25764997773395254,True,3167.0
2836,-0.021319593191748445,1.403758239883919e-06,1.8177956978824302e-06,4.423202700212319e-06,0.21050957440040716,True,3168.0
2763,-0.038020795687203,1.4034578746258407e-06,6.820747275566799e-07,9.306394128489879e-07,0.03747057700871557,True,3169.0
2587,0.03638993871313149,1.4020774437523066e-06,1.4481182877436753e-06,2.064397850615566e-06,0.11323875564603346,True,3170.0
1137,-0.013671370701096959,1.4017523739038845e-06,6.909844143785845e-07,2.62196491810656e-06,0.09994274444939245,True,3171.0
359,-0.011286574296122636,1.4008600326171684e-06,1.5912330453531304e-06,7.313787346655305e-06,0.213881290158407,True,3172.0
3378,0.013938741156075941,1.3953616547240654e-06,3.3177918363730636e-06,1.2347989889321017e-05,0.407468668490362,True,3173.0
2481,-0.02746201914124153,1.3933058106608424e-06,1.6799159785809557e-06,3.173407031347848e-06,0.1540810484127489,True,3174.0
1920,-0.0019790836257931586,1.3894344524622693e-06,3.63114932590579e-06,9.518108423785182e-05,0.8956676633373625,True,3175.0
2972,0.09365986083834171,1.3868847772505531e-06,1.6926033370503027e-07,9.375023583101863e-08,0.005280234111584707,True,3176.0
3561,-0.024037519703882116,1.3861733739551053e-06,7.882151279167843e-07,1.7010841455620035e-06,0.06488962402188435,True,3177.0
3215,0.031537111013272875,1.3845859594620584e-06,2.624238245514727e-07,4.3167016965591376e-07,0.014886443157961702,True,3178.0
2500,0.022340271326471508,1.3836184668731265e-06,5.338682562640029e-07,1.2396992527038029e-06,0.04046058909599847,True,3179.0
1713,0.003921040183939652,1.38160137506415e-06,1.805206875664916e-06,2.3883411982281597e-05,0.3509765252242509,True,3180.0
1462,0.08313475360827882,1.3802121253918336e-06,1.065702761398359e-06,6.650038526990395e-07,0.037279725173357085,True,3181.0
1276,-0.008562635314349252,1.3792169579823762e-06,4.334854787213538e-06,2.6262604306037225e-05,0.6449519689547681,True,3182.0
1683,0.1082762567573431,1.3634628693960544e-06,3.375083810499668e-07,1.617044653366197e-07,0.009542591767924168,True,3183.0
3792,0.010806072169824084,1.355390366963271e-06,2.5822910164196234e-06,1.2396754620538958e-05,0.3906100897003626,True,3184.0
2746,-0.001311224580421217,1.3509560906798844e-06,1.6704682255285142e-06,6.608940188551187e-05,0.6519498695845791,True,3185.0
2740,-0.06566222172340298,1.3455238820662501e-06,3.5440605381522335e-07,2.799988468285163e-07,0.012659838412112729,True,3186.0
2295,0.006696823658905599,1.3408213569239254e-06,2.374372611806942e-06,1.839292056059206e-05,0.4520007634073414,True,3187.0
848,0.037371387207547985,1.3399844325009975e-06,5.350789831319107e-07,7.427614551545448e-07,0.03155417011260258,True,3188.0
1088,0.05855653031868331,1.3393689472964767e-06,9.45980189247655e-07,8.380643955663653e-07,0.04809466251033781,True,3189.0
1766,0.00358659104154137,1.3382169106455089e-06,6.163761655396004e-07,8.915273310943193e-06,0.11781919969463707,True,3190.0
3838,-0.14717775494216362,1.3311846554262672e-06,5.370459737739048e-07,1.8929536293281255e-07,0.01208728290603728,True,3191.0
1929,0.023204130912060136,1.3310495071581838e-06,3.2275484206773277e-07,7.215694600413849e-07,0.026273936001017878,True,3192.0
2907,0.037962321721553845,1.32692242289659e-06,1.1111705262987657e-06,1.5184434835860892e-06,0.07723137604173294,True,3193.0
1132,0.0011681383131531727,1.3267615938861945e-06,1.142523508406251e-06,5.0738959943185814e-05,0.49462433997073607,True,3194.0
3274,0.007640321809469195,1.3238515787474863e-06,9.586738550929597e-07,6.509234481207237e-06,0.148864431579617,True,3195.0
3331,0.05323914959664306,1.319980165133541e-06,1.1730993176805412e-06,1.1430740267545807e-06,0.06196322921305426,True,3196.0
1257,-0.08395735919026866,1.317041296490608e-06,7.736890631767177e-07,4.780555585279671e-07,0.029200330809847956,True,3197.0
483,0.04830027036435854,1.314125031883623e-06,1.0036708646073228e-06,1.0779843100548936e-06,0.05108467459762071,True,3198.0
2398,0.0098883400749771,1.3127717695147258e-06,9.307454451598763e-07,4.882904268017524e-06,0.1419301482282588,True,3199.0
2150,0.003058618313304702,1.3095227231474361e-06,1.6953547876044422e-06,2.8754511689993663e-05,0.49920478401933965,True,3200.0
4077,-0.006481104029696845,1.3061638039182229e-06,6.908744253695796e-07,5.529944952501552e-06,0.10528659583943,True,3201.0
1350,-0.007294254465153976,1.3016690986254998e-06,2.744327642044875e-06,1.9517569494735346e-05,0.507220561104396,True,3202.0
1568,0.024835338327219125,1.287327806582389e-06,5.2109459275453074e-08,1.088471770818925e-07,0.0003817036707169667,True,3203.0
2850,0.14690529947255138,1.2868501203722738e-06,6.522853368036393e-07,2.3034078216807359e-07,0.015967936891659776,True,3204.0
752,-0.0006378031175743576,1.2807230907823442e-06,1.1589101598006456e-07,9.426138502082933e-06,0.04230549017113048,True,3205.0
2075,0.011404865154587662,1.2781620299522316e-06,9.531754287544993e-07,4.3356415331953786e-06,0.14701953050448502,True,3206.0
1474,-0.05514444826016285,1.277861759214577e-06,1.5144823015205182e-06,1.4247317116453678e-06,0.08391119027927985,True,3207.0
145,-0.045300410571771636,1.2772690185813082e-06,1.715745125094899e-06,1.9648134377925553e-06,0.11234811374769388,True,3208.0
2974,-0.05605119446284751,1.2759997189515015e-06,4.345747371080806e-07,4.0220761464050347e-07,0.019148800814301165,True,3209.0
216,0.0539041002456018,1.2736258448580974e-06,7.595185972299445e-07,7.309493685185016e-07,0.038679305299319296,True,3210.0
3829,0.03558952542262727,1.2721558151273298e-06,1.415003681886601e-06,2.062557465278211e-06,0.10191488008143011,True,3211.0
1166,-0.08330090563645841,1.2713603116563922e-06,4.689098017845618e-07,2.920184371161909e-07,0.015204529550225842,True,3212.0
3052,-0.05853113141184471,1.2699584912268975e-06,1.1595290758801225e-06,1.0276977564494743e-06,0.05840066161969591,True,3213.0
2670,0.16457144437606963,1.2698794828247427e-06,4.4572212258583913e-07,1.4050131646743508e-07,0.008779184426490234,True,3214.0
1141,-0.05044572631883154,1.2679596565319157e-06,2.205107945003423e-06,2.2676507027782323e-06,0.141484827279089,True,3215.0
3314,0.007699785923755778,1.2670289393183516e-06,1.6545146564080855e-06,1.1147119380590058e-05,0.30917997328074304,True,3216.0
1191,0.032003506232605256,1.2641819410594267e-06,1.8508023038747095e-06,3.0000822015376796e-06,0.15923404796742796,True,3217.0
3914,-0.12413142246836975,1.2615063890106232e-06,6.984049063731873e-07,2.9187455366350974e-07,0.019657739041923788,True,3218.0
460,-0.11098282608175349,1.2558685377222275e-06,8.004090032814056e-07,3.7413373521567934e-07,0.022838602964565177,True,3219.0
1630,0.006991238200784047,1.252719172221261e-06,2.4293776596678633e-07,1.8026508527241057e-06,0.03454418219988549,True,3220.0
76,0.21689842472512463,1.2524399560941568e-06,3.3074119994968293e-07,7.910475396673107e-08,0.00489853044086774,True,3221.0
1225,-0.015444584552172387,1.2505282560004768e-06,1.4650468703683502e-06,4.920916238130165e-06,0.18493542846237038,True,3222.0
3841,-0.0343546309174227,1.2487302308618183e-06,1.5477024668122814e-06,2.3370761956933403e-06,0.11292066925376933,True,3223.0
2450,-0.015231218410663437,1.2480296573837132e-06,1.6568948167025948e-06,5.643271928082634e-06,0.19148800814301165,True,3224.0
788,0.002564311052080352,1.2470981421651364e-06,2.831377197077251e-06,5.7279301094649e-05,0.7865004135123099,True,3225.0
1705,-0.014692485014356283,1.2440559628292156e-06,1.6596222636602467e-06,5.859825455724157e-06,0.19454163750874737,True,3226.0
3873,-0.017249643512816798,1.242971140639168e-06,1.5926547697101892e-06,4.789742947391508e-06,0.17647433042814428,True,3227.0
1173,0.007958724960750528,1.2425349056239277e-06,1.2619444743851464e-06,8.225597113049154e-06,0.2763534575990839,True,3228.0
463,-0.0013609994241098372,1.2419394411752453e-06,3.995999221065713e-06,0.00015231340876959345,0.9573128061581525,True,3229.0
2580,0.012124211864122684,1.240428559571598e-06,1.7812827370060181e-06,7.621667991331863e-06,0.24085501622240602,True,3230.0
2681,-0.010491405966877528,1.2401725889114533e-06,9.595546143184696e-07,4.744677408786162e-06,0.1391946052547872,True,3231.0
793,-0.03732213542181176,1.2375196796953915e-06,3.5981631967053345e-07,5.001324768612968e-07,0.014886443157961702,True,3232.0
3213,-0.0009874666919432982,1.2330858988160665e-06,1.998695970348731e-05,0.0010500137003826389,1.0,True,3233.0
2018,-0.145257706645121,1.2303134159561399e-06,7.247065851714788e-07,2.588175422144094e-07,0.01819454163750875,True,3234.0
1532,-0.03661580258401831,1.2302150946680767e-06,1.1900949043052031e-06,1.6861015282251268e-06,0.08639226413894013,True,3235.0
1000,-0.01014879928355958,1.221135358649546e-06,1.2900694066931433e-06,6.594306015736655e-06,0.19021566257395509,True,3236.0
528,0.0035356415484856826,1.220649778420672e-06,4.079076902750218e-07,5.985002671751755e-06,0.07424136395445002,True,3237.0
3552,-0.009965814148526871,1.2163480472748317e-06,1.6530926574792913e-06,8.60508366789908e-06,0.3055537884089319,True,3238.0
67,0.0493634785668219,1.2154423996125086e-06,5.608015945183351e-07,5.893511942296683e-07,0.02760989884852726,True,3239.0
1699,0.014063130011003533,1.2143883489064073e-06,2.299019891508299e-06,8.480694548601161e-06,0.33042814428398753,True,3240.0
3718,0.0875221085611885,1.2120735837158227e-06,3.544001292807214e-07,2.100616555161241e-07,0.00947897448947134,True,3241.0
3635,0.03844665893589128,1.2085724034766054e-06,9.689394758888627e-07,1.3074007484336863e-06,0.06781601883071442,True,3242.0
2426,0.005806941535143761,1.2026526966110043e-06,1.6683543157572864e-06,1.4904297811392195e-05,0.33138240346077996,True,3243.0
2676,-0.06963290523655326,1.201243171411053e-06,8.402751749533907e-07,6.26004855800694e-07,0.036007379604300525,True,3244.0
1397,0.024307578361509593,1.2005278337417066e-06,9.75224709144556e-07,2.081295217103358e-06,0.07564094408041223,True,3245.0
2088,-0.02591785058297809,1.2005025865169294e-06,8.83912988845347e-07,1.7692174663489337e-06,0.08976397989694,True,3246.0
1163,0.015348704356776169,1.1978867532801404e-06,7.639907989341465e-07,2.5821834400162945e-06,0.09491697945161906,True,3247.0
2986,0.014053582582479972,1.191904581195412e-06,1.6692864412357683e-06,6.161897929880118e-06,0.2325847700235384,True,3248.0
1584,0.006797459864866152,1.1909242508718857e-06,6.089296372222016e-07,4.6471976556975314e-06,0.09905210255105286,True,3249.0
2882,-0.04561212625774018,1.1902370577007033e-06,5.755467864496059e-07,6.545924619873708e-07,0.03110884916343279,True,3250.0
456,-0.02755624320607487,1.1888473072992188e-06,4.5924542612382083e-07,8.645607491840369e-07,0.03129970099879127,True,3251.0
3966,-0.07668262866721581,1.1846561544556604e-06,1.0211119416573273e-06,6.907915992642378e-07,0.04459571219543228,True,3252.0
2005,-0.02171017298158853,1.1780456422345167e-06,1.1310202094247332e-06,2.702575065441111e-06,0.1128570519753165,True,3253.0
3002,0.06374659087509453,1.1655806897967125e-06,6.666368303148035e-07,5.42504099315186e-07,0.0320631083402252,True,3254.0
443,-0.025104435427471955,1.164500268582145e-06,1.422543141067473e-06,2.93958262191134e-06,0.13149691456199503,True,3255.0
2895,0.041865373626703055,1.1627125269072636e-06,7.12457317514125e-07,8.828248803632364e-07,0.04345060118328138,True,3256.0
4032,0.09286780333854454,1.1548257909246077e-06,4.596014690993509e-07,2.5673608805153285e-07,0.014186653094980597,True,3257.0
2612,0.01213881430647757,1.1527221228992182e-06,1.6315338368469498e-06,6.972531766944947e-06,0.25784082956931104,True,3258.0
795,-0.034966790290118885,1.1521571768467808e-06,1.4172983128379837e-06,2.1026945328203318e-06,0.1254532731089764,True,3259.0
3831,-0.013643520519747189,1.1508508656353912e-06,1.7411882990440721e-06,6.6204875906252235e-06,0.2547235829251225,True,3260.0
3632,-0.026296166053884136,1.149192691828288e-06,3.509096810476881e-07,6.922669539182896e-07,0.01787645524524461,True,3261.0
3114,-0.017763872232002494,1.1418119724038058e-06,8.842103951663729e-07,2.5821927641767415e-06,0.0931993129333927,True,3262.0
2665,-0.02162208435428362,1.1400548100573112e-06,1.7490345870347179e-06,4.196348269733816e-06,0.19225141548444558,True,3263.0
784,0.03567652439797554,1.139820935119001e-06,2.1631898321381884e-07,3.145449944085845e-07,0.01234175201984859,True,3264.0
3193,0.020969046340188615,1.1394861781475454e-06,5.11977866625661e-07,1.2666108127040598e-06,0.046122526878300145,True,3265.0
1153,0.027506589834316874,1.1321443740015155e-06,3.411531655124482e-07,6.434033801604688e-07,0.021184553724791652,True,3266.0
756,0.04229181260807953,1.1296881737677118e-06,1.3518478483941952e-06,1.6582201920023967e-06,0.09599847318531714,True,3267.0
958,-0.007016970608813051,1.1171003930141852e-06,2.941473482326274e-06,2.1746329509161806e-05,0.5596411985495261,True,3268.0
3362,-0.14614677904494475,1.1152164963052635e-06,2.8100248020149054e-07,9.974510436680069e-08,0.005725555060754501,True,3269.0
622,0.01419591355309967,1.115049706969772e-06,9.325308446833748e-07,3.4077721068623355e-06,0.13041542082829696,True,3270.0
2352,0.03529266371727861,1.1082741261095254e-06,1.0668870179469285e-06,1.5682116536535407e-06,0.076467968700299,True,3271.0
529,0.03863545636191954,1.1075292863284941e-06,1.1210978617506356e-06,1.5053176784713287e-06,0.07824925249697819,True,3272.0
3749,-0.01910622380296271,1.1064949102120904e-06,6.719889154631288e-08,1.824559090407528e-07,0.0036898021502640116,True,3273.0
1493,-0.006460563917890232,1.1062596323358411e-06,1.5394841566706792e-06,1.236162260158362e-05,0.2830968891150837,True,3274.0
2045,-0.09170444274518895,1.1042677029780612e-06,6.663397728163007e-07,3.769433140686351e-07,0.02162987467396145,True,3275.0
1379,-0.07840072833998132,1.0913084196293524e-06,2.104643404918827e-07,1.3926087185065785e-07,0.006743431515999746,True,3276.0
3556,-0.017276545544430505,1.0891151046406146e-06,1.6327114664779457e-06,4.90256338878947e-06,0.1815637127043705,True,3277.0
2383,-0.07198581113510955,1.0841793354065767e-06,5.309182373456672e-07,3.8260569092691805e-07,0.021439022838602963,True,3278.0
4005,0.07185074349697777,1.0840833994173087e-06,5.74208598335053e-07,4.1458072742661147e-07,0.0244926522043387,True,3279.0
889,-0.00330290963642708,1.0829351945712708e-06,2.388375139850286e-07,3.7512545415788434e-06,0.06692537693237484,True,3280.0
3868,-0.011638247128948079,1.0803629815243987e-06,1.3973922845984626e-06,6.2287578925041385e-06,0.20243018003689803,True,3281.0
2358,-0.01459436017285051,1.0787073448794793e-06,3.505075456188107e-07,1.2458994556193952e-06,0.04389592213245117,True,3282.0
2714,0.013758178964425018,1.076275225338285e-06,2.6370297695049353e-07,9.943167659707968e-07,0.04020611998218716,True,3283.0
3618,-0.004348278665943479,1.0740927230111427e-06,2.2652558012415753e-06,2.7025302689181536e-05,0.5684840002544691,True,3284.0
402,0.08965044922419378,1.0738326138121035e-06,1.545791337257217e-07,8.944768052661969e-08,0.004389592213245117,True,3285.0
895,0.10775296788864236,1.0714654477035724e-06,1.2431240136666514e-07,5.984886231539764e-08,0.0026719256950187673,True,3286.0
677,-0.001648214661026685,1.0703204589781446e-06,2.6841031159696675e-06,8.448042841777614e-05,0.7564094408041224,True,3287.0
3918,0.03762263813987495,1.0700658546803148e-06,1.9085308592324157e-07,2.6316045298348e-07,0.0076340734143393344,True,3288.0
2026,0.06911770565578304,1.0694090832477937e-06,4.30100055412344e-07,3.2281289109612497e-07,0.019085183535848337,True,3289.0
3267,0.006700344725502532,1.0672785520020566e-06,6.51875118555711e-07,5.047053887939099e-06,0.13900375341942872,True,3290.0
3046,-0.003448289589362302,1.0672746381441972e-06,2.1360620906770793e-06,3.213518658068246e-05,0.5942489980278644,True,3291.0
168,-0.02140504946761054,1.0589571099133354e-06,1.021108306000734e-07,2.474721077744765e-07,0.00400788854252815,True,3292.0
1214,-0.009835349199239679,1.0543378172016858e-06,1.921774169076501e-06,1.0136388604348688e-05,0.3425154271900248,True,3293.0
2960,-0.010183219363069165,1.0528010332386322e-06,1.9706774506025735e-06,1.0039246831513358e-05,0.35472994465296775,True,3294.0
1848,0.06926709147050099,1.046428825268617e-06,9.156726775529032e-07,6.857786935791819e-07,0.04319613206947007,True,3295.0
1064,-0.0116946538642512,1.0445490196481536e-06,1.9478153110000326e-06,8.6403450728164e-06,0.3465869330110058,True,3296.0
1936,-0.010080582186096443,1.0405485545533213e-06,1.8537648858023174e-06,9.53980990851854e-06,0.29677460398244165,True,3297.0
3774,-0.02267742894541297,1.0386345888627657e-06,2.0082395268261867e-07,4.5940146962315804e-07,0.01984859087728227,True,3298.0
2928,0.021226794428486257,1.0355312747554685e-06,1.0432510801282182e-06,2.5496179810148654e-06,0.1254532731089764,True,3299.0
2550,-0.0007517981431292315,1.0351949909978506e-06,1.5047998464799715e-06,0.00010383605356372798,0.7249825052484254,True,3300.0
2019,0.060341473655910235,1.0350451915153992e-06,9.703077069125057e-07,8.341886045747165e-07,0.04981232902856416,True,3301.0
241,0.1020750185661294,1.0350380427659086e-06,5.378771024147396e-07,2.7335956413216124e-07,0.017431134296074815,True,3302.0
729,-0.07654906350531107,1.0341095904466956e-06,2.9670586183581684e-07,2.0107446822707703e-07,0.010751320058527896,True,3303.0
1044,-0.025518852422195835,1.0326399198692097e-06,1.7454675592303858e-06,3.548308123147473e-06,0.1838539347286723,True,3304.0
1512,0.006542879946204015,1.0304484754527045e-06,1.7817759211309647e-06,1.4127158516149285e-05,0.3710159679368917,True,3305.0
2730,-0.0054395165942455834,1.0300161825553747e-06,1.1103697797051532e-06,1.0589562346138727e-05,0.2913035180354984,True,3306.0
695,-0.030170865690434336,1.028257715806145e-06,9.41433540367362e-07,1.618723156614701e-06,0.07411412939754437,True,3307.0
3095,0.0414535236835682,1.0273924974833112e-06,9.210737003632772e-07,1.1526663458595993e-06,0.06011832813792226,True,3308.0
1521,-0.014522911394122573,1.027370729600975e-06,1.554535949365259e-06,5.552873326278352e-06,0.22749538774731218,True,3309.0
1062,-0.00465521489769454,1.0085666881234803e-06,5.662671629726751e-07,6.3103337360724916e-06,0.13639544500286277,True,3310.0
2344,0.00316178906094974,1.0057985726583312e-06,2.727549758610272e-06,4.475179646858587e-05,0.7652522425090654,True,3311.0
472,-0.02418431332332774,1.0018081325918828e-06,6.052508078802892e-07,1.2982917617376092e-06,0.06056364908709205,True,3312.0
3385,0.006631859997453751,1.000162549027787e-06,1.2877118437386185e-06,1.0072888461816464e-05,0.2902220243018004,True,3313.0
2013,0.018076441252991706,9.96579858547369e-07,1.1044593837422432e-06,3.1696221970733993e-06,0.14829187607354158,True,3314.0
3691,0.004744058373893649,9.901536389479915e-07,2.1513738951378907e-06,2.3525374984299653e-05,0.5043577835740187,True,3315.0
531,0.061489874891820825,9.868568810639527e-07,6.791274370765854e-07,5.72952147257734e-07,0.028373306189961194,True,3316.0
945,-0.03791376736802133,9.867352907641668e-07,1.6494159972074432e-06,2.256856499177618e-06,0.13785864240727783,True,3317.0
93,-0.010042303747472767,9.854649678996676e-07,1.553963788753332e-06,8.027461390966225e-06,0.2848781729117628,True,3318.0
3078,0.011327227255413023,9.85370455232696e-07,1.186471185083895e-06,5.4338077120528705e-06,0.200585278961766,True,3319.0
3787,-0.0034551262419765067,9.83034996301902e-07,8.755458309329343e-07,1.3145758469129366e-05,0.2558050766588205,True,3320.0
3021,0.0679066015572658,9.82080432025404e-07,1.660731969364718e-07,1.2686979376007354e-07,0.005216616833131879,True,3321.0
1228,-0.13266842337247234,9.786474374383729e-07,3.802891614579964e-07,1.487020871047328e-07,0.009860678160188307,True,3322.0
180,0.0037208521168687757,9.768511653866698e-07,2.60719099942685e-06,3.6349724437170646e-05,0.7229467523379349,True,3323.0
2664,-0.0017738508763951702,9.759089953263908e-07,3.3284785724188974e-06,9.734179329659358e-05,0.9188243526941917,True,3324.0
2738,-0.026171937798939046,9.75178823549705e-07,8.254680131679862e-07,1.6361949723577417e-06,0.0796488326229404,True,3325.0
3255,0.006439837967235287,9.737194324848568e-07,6.212615285489865e-07,5.004609603202364e-06,0.1424390864558814,True,3326.0
1246,-0.038496033362149705,9.703712859567567e-07,8.419865225836821e-07,1.1346445780390305e-06,0.059991093581016605,True,3327.0
1768,-0.005104690616600417,9.668118704207993e-07,6.378249303440874e-07,6.481906302566139e-06,0.17342070106240856,True,3328.0
2788,0.017431003489287295,9.646043508596304e-07,1.1335256813385323e-06,3.373491797036439e-06,0.14294802468350404,True,3329.0
2984,-0.10563855475071106,9.624340493280544e-07,5.424165303861078e-07,2.663674478953096e-07,0.01806730708060309,True,3330.0
3204,-0.0038104242806976806,9.566387226967917e-07,1.254729754923169e-06,1.7082347228828793e-05,0.40021629874673964,True,3331.0
1690,-0.031468164252523405,9.558301439925028e-07,1.484249062283854e-06,2.4468427469602705e-06,0.14593803677078696,True,3332.0
2648,-0.009262452965067018,9.54375144232516e-07,8.891651358894273e-07,4.9799742176587576e-06,0.16203320821935238,True,3333.0
758,-0.04287104445768077,9.505429579310352e-07,8.589346737558848e-07,1.039361809173826e-06,0.06418983395890324,True,3334.0
1591,0.037241857719464096,9.452445152556262e-07,8.518501757233912e-07,1.1865951394039899e-06,0.06438068579426172,True,3335.0
1170,0.0012851856228961915,9.425953192663516e-07,5.310552697101586e-07,2.1436039491269893e-05,0.2588587060245563,True,3336.0
2465,0.01009425724136465,9.420868034312911e-07,2.4031795209560105e-06,1.2350442857352327e-05,0.4397226286659457,True,3337.0
2615,-0.019822048238887415,9.399772962195254e-07,8.397867515777519e-07,2.1978152096258624e-06,0.09612570774222279,True,3338.0
301,0.0006298905334662045,9.379374034853259e-07,5.161766329290124e-08,4.25112566588259e-06,0.01463197404415039,True,3339.0
1479,0.026534782190682168,9.30934736182434e-07,7.472672826124819e-07,1.4609357789010836e-06,0.06603473503403524,True,3340.0
1940,0.0028115261513714995,9.301910541765785e-07,1.1337356354976952e-06,2.091897275929425e-05,0.3770596093899103,True,3341.0
3674,0.01216114481992809,9.242494644032032e-07,7.6256822794604e-08,3.2529315944191524e-07,0.009924295438641135,True,3342.0
522,-0.050959462129888576,9.240221946677274e-07,4.973436525601788e-07,5.062935893131163e-07,0.027482664291621606,True,3343.0
3299,0.006910167130352561,9.239878138888108e-07,2.2371344540584325e-06,1.679477613365183e-05,0.5239519053374897,True,3344.0
1366,0.06031415607208267,9.233573505052568e-07,2.893122235897434e-07,2.4883886513056495e-07,0.013423245753546663,True,3345.0
1757,0.11234453363905834,9.194516987260832e-07,4.340502254465408e-07,2.0042815313766967e-07,0.01380494942426363,True,3346.0
2371,-0.014631723720818373,9.174415943772125e-07,9.197932479626283e-07,3.261109708346752e-06,0.13983077803931548,True,3347.0
388,-0.018885598622606237,9.162691778672595e-07,9.901101079602512e-07,2.7197151666275415e-06,0.11164832368471277,True,3348.0
41,0.03769794351222551,9.147534871255654e-07,7.190560302661855e-07,9.894999069802917e-07,0.05203893377441313,True,3349.0
1102,-0.018279106478558828,9.11013113737686e-07,1.496426150378564e-06,4.246889982697397e-06,0.2076467968700299,True,3350.0
3769,-0.008153615662812764,9.107927263390625e-07,8.393811525900495e-07,5.340472233350572e-06,0.1424390864558814,True,3351.0
3846,-0.007391022474345392,9.100861369416931e-07,1.586734918122605e-06,1.1137059514224529e-05,0.34741395763089256,True,3352.0
2968,-0.014864133385399214,9.039519700179478e-07,5.017158701717716e-07,1.7510112209087737e-06,0.07220561104395953,True,3353.0
2884,0.02922679623518044,8.980953030458474e-07,1.0719251866370367e-06,1.9026282816161233e-06,0.10337807748584515,True,3354.0
1694,0.0787989215475833,8.96809942374183e-07,2.509739614370802e-07,1.6522626146397447e-07,0.008206628920414785,True,3355.0
839,0.007604339246150699,8.949247851233634e-07,4.541655559610999e-08,3.098299485805556e-07,0.002735542973471595,True,3356.0
237,0.02368557915778931,8.94804107358517e-07,6.69391159011602e-07,1.4661103101572141e-06,0.06877027800750683,True,3357.0
3529,0.006904045463273291,8.937385973406333e-07,2.184308374476114e-07,1.6412736326780606e-06,0.04230549017113048,True,3358.0
2334,-0.0033080546853670326,8.888529085373666e-07,1.1472044372638102e-06,1.7990317257364093e-05,0.2106368089573128,True,3359.0
2978,0.004708461482295817,8.883331613998589e-07,3.992289591684426e-07,4.398592189875758e-06,0.10706787963610917,True,3360.0
2985,0.05511858481087479,8.865637386095106e-07,9.970449655015793e-07,9.383986423706644e-07,0.06209046376995992,True,3361.0
3913,0.015367170176333591,8.858724138530746e-07,1.2520893851951915e-06,4.226804073958479e-06,0.21324511737387875,True,3362.0
3970,0.008568003658496439,8.853490500147275e-07,1.3476302559303069e-06,8.159467066735744e-06,0.2893313824034608,True,3363.0
1978,0.1307392555245346,8.847498824347808e-07,3.981556622769445e-07,1.579856251371495e-07,0.011069406450792034,True,3364.0
3708,-0.012142496885777886,8.804627300081681e-07,3.032247025336519e-07,1.295469707601338e-06,0.04453209491697945,True,3365.0
2903,-0.021868369979123014,8.779460742563917e-07,1.1326194437040806e-06,2.686818217491867e-06,0.1380494942426363,True,3366.0
3074,0.006656607707024554,8.73317415204651e-07,5.577564478264633e-07,4.3467265549800525e-06,0.10910363254659966,True,3367.0
996,-0.027780817473998867,8.699894468052368e-07,1.8364813395825957e-06,3.4293529336037494e-06,0.20522934028882245,True,3368.0
2651,0.02837711227730864,8.697102239410219e-07,8.058141799714772e-07,1.473117508140783e-06,0.07684967237101596,True,3369.0
142,-0.01871395322448084,8.695815349574347e-07,4.070688045950972e-07,1.1284256942439375e-06,0.04294166295565876,True,3370.0
4071,0.0005888073309112802,8.675462828368085e-07,2.8898579407091207e-06,0.0002546091283118598,0.9632292130542656,True,3371.0
2415,-0.03144831327469539,8.600807999882834e-07,1.1915309732355973e-06,1.965525412664738e-06,0.11864622431452382,True,3372.0
1003,-0.0061703611718113395,8.586610879599527e-07,1.9723565509566285e-06,1.6582328931671236e-05,0.5073477956613016,True,3373.0
1817,-0.009833529461357033,8.579007786482385e-07,3.7809790540709674e-07,1.9946446315672518e-06,0.05521979769705452,True,3374.0
390,0.04890003827898766,8.557650134510421e-07,3.8040875737895105e-07,4.0356360364843436e-07,0.020866467332527516,True,3375.0
2204,-0.0022437048930108593,8.522394526171984e-07,1.170902313154596e-06,2.7072328624826137e-05,0.5165723010369616,True,3376.0
3478,-0.0341544372817056,8.509531761468856e-07,5.836217458383373e-07,8.86451573503226e-07,0.038679305299319296,True,3377.0
4093,0.01268436565222441,8.502648225183284e-07,1.3350548095166939e-07,5.460105409046405e-07,0.016604109676188052,True,3378.0
3597,-0.006813040295845804,8.490691498297736e-07,1.025732167884023e-06,7.810227821548076e-06,0.25287868184999046,True,3379.0
3103,-0.0009866776683149082,8.435964464910741e-07,1.2108005018656466e-06,6.366019692613326e-05,0.5509256314014886,True,3380.0
2852,0.001972718554034008,8.39991694939853e-07,2.5153751238613874e-06,6.614672042272622e-05,0.8935046758699663,True,3381.0
516,-0.050269003581820515,8.380257652324198e-07,4.785848360217887e-07,4.938889860221001e-07,0.025256059545772633,True,3382.0
2533,0.07457241573875763,8.366568652612706e-07,6.577458140456792e-08,4.5756264841002563e-08,0.0018449010751320058,True,3383.0
252,0.12185806624076342,8.365740153569717e-07,3.3118320758922854e-07,1.409888312186775e-07,0.009860678160188307,True,3384.0
58,-0.003317201286223768,8.354526749540663e-07,2.348910512411121e-06,3.673375547698482e-05,0.6847763852662383,True,3385.0
835,-0.06816399047136242,8.344632236005082e-07,5.418564979678236e-07,4.123822492058062e-07,0.026973726063998983,True,3386.0
799,-0.0005009261706537791,8.298133804864448e-07,1.275874794330372e-05,0.001321310907851786,1.0,True,3387.0
505,-0.10280878329212496,8.273325944808491e-07,3.241922933378471e-07,1.635848768763226e-07,0.011578344678414657,True,3388.0
1306,0.2190185769141633,8.246510522221778e-07,1.9566702479454052e-07,4.634547876196538e-08,0.0031172466441885616,True,3389.0
1567,0.012061204158685612,8.154177073107654e-07,1.7616669355426631e-06,7.577113953010723e-06,0.3222851326420256,True,3390.0
3208,-0.010765296383209961,8.14783392289553e-07,3.5761127368547697e-07,1.72328018638889e-06,0.037725046122526876,True,3391.0
2298,0.04584695799905344,8.141939145947345e-07,6.55209454443639e-07,7.413790590091134e-07,0.04319613206947007,True,3392.0
2012,-0.0873461968460002,8.1253781964436e-07,4.1769141195080477e-07,2.480745602400539e-07,0.01634964056237674,True,3393.0
691,-0.011954632481648532,8.110672704167363e-07,5.80794335961103e-07,2.520326625060221e-06,0.08085756091354412,True,3394.0
3940,-0.08187094461869303,8.105025332538882e-07,8.911095199575635e-08,5.6464042301733467e-08,0.0026719256950187673,True,3395.0
401,0.07960291041079977,8.086110607713906e-07,5.168208351080288e-07,3.3680749802262397e-07,0.02296583752147083,True,3396.0
871,-0.005307835791458496,8.079360839756631e-07,9.493341089652059e-07,9.27838289387318e-06,0.2663019276035371,True,3397.0
826,0.014207525594368352,8.073922590805068e-07,6.849265085148077e-08,2.5008993409153293e-07,0.005534703225396017,True,3398.0
915,-0.02410444780837241,8.07347391597454e-07,5.946847559072897e-07,1.2798536261775495e-06,0.06406259940199759,True,3399.0
3344,-0.002660526343499039,8.057529635408376e-07,1.6817632786230083e-06,3.27920061063659e-05,0.6336280933901648,True,3400.0
2629,0.0149881235071288,8.041847818949364e-07,7.162241067001172e-07,2.478976190212121e-06,0.10624085501622241,True,3401.0
3491,-0.15498231201263307,8.035388529032814e-07,2.6069839856555766e-07,8.726235156325313e-08,0.0061072587314714676,True,3402.0
4006,0.0003535035120191113,8.026510485958453e-07,3.326611425637816e-06,0.000488178924502369,0.9954831732298492,True,3403.0
1541,-0.03684031685844079,8.014387161841484e-07,7.561482588096536e-07,1.0647662672928916e-06,0.060436414530186396,True,3404.0
253,-0.004004815999459378,8.010112960448473e-07,6.32109959311657e-07,8.188054976451817e-06,0.1820090336535403,True,3405.0
1429,-0.021995053800014604,7.921903372445904e-07,7.38315345429122e-07,1.741355936142892e-06,0.09428080666709078,True,3406.0
527,-0.006685344943247238,7.91519412386454e-07,1.7371267478642305e-06,1.3479642410450455e-05,0.47992874864813284,True,3407.0
3107,-0.00022750597437363923,7.896525970839626e-07,2.564846997702732e-05,0.005848430609150152,1.0,True,3408.0
1703,-0.003622078428452443,7.892500965155659e-07,2.315963407549418e-07,3.3169927912319197e-06,0.041160379158979576,True,3409.0
2515,0.046126577324871396,7.843160576131249e-07,7.163750576485293e-07,8.056750418650994e-07,0.053438513900375344,True,3410.0
1475,-0.04266682000280486,7.797957753616341e-07,7.520304524353118e-07,9.143570876393762e-07,0.05458362491252624,True,3411.0
2437,0.05853915994725954,7.789519884288685e-07,4.889256173719953e-08,4.332783523833735e-08,0.0010814937336980723,True,3412.0
171,-0.24611824901545662,7.769234771866119e-07,2.1138383689271928e-07,4.4555225315896795e-08,0.0034989503149055285,True,3413.0
1628,-0.00786488240253187,7.750380248350217e-07,1.49296504825679e-06,9.847547663312047e-06,0.36344551180100515,True,3414.0
3960,-0.006888993040094661,7.720050178941595e-07,5.954052898328371e-07,4.483607914018836e-06,0.1362045931675043,True,3415.0
2859,0.041919953750645327,7.697230705853223e-07,7.963208203564472e-07,9.854576386884207e-07,0.06323557478211082,True,3416.0
2333,0.012470512920616558,7.678219302718571e-07,1.3384565654530273e-07,5.567890041788704e-07,0.01806730708060309,True,3417.0
1842,-0.01984322897845217,7.660590402633847e-07,2.993183257435168e-07,7.82513155677884e-07,0.032444812010942174,True,3418.0
2493,0.003273198550708304,7.644725680645717e-07,8.766443166498079e-07,1.3893822800340376e-05,0.2969654558178001,True,3419.0
874,-0.003880213269320367,7.60919957450251e-07,1.096344163668139e-07,1.4657570669835811e-06,0.02188434378777276,True,3420.0
707,-0.12630181335589,7.567984997143921e-07,1.5146123335587007e-07,6.221034178134146e-08,0.0027991602519244225,True,3421.0
215,-0.0027600040750035025,7.54963240969103e-07,5.179211690558197e-07,9.734745977503526e-06,0.19136077358610598,True,3422.0
2046,-0.05637974732867023,7.524855823176695e-07,6.182387683682616e-07,5.688579007340722e-07,0.03607099688275336,True,3423.0
4010,0.05566833587509244,7.52290252374536e-07,2.730277167359975e-07,2.544305065549476e-07,0.012278134741395764,True,3424.0
4038,-0.020066607693045694,7.401980514057826e-07,3.828921235832916e-07,9.898585910555786e-07,0.04186016922196068,True,3425.0
1109,-0.06645132496731179,7.374723780262841e-07,6.967626088807593e-07,5.439411012073445e-07,0.0393790953623004,True,3426.0
426,0.11716667942894313,7.358461596988212e-07,3.0890743820353016e-07,1.3677128528919772e-07,0.009415357211018513,True,3427.0
3778,-0.015384157051085801,7.355321039457279e-07,5.30260145581815e-07,1.7880759677783018e-06,0.08626502958203448,True,3428.0
397,0.015496935535569413,7.336974917660955e-07,1.7878140990442133e-07,5.984766568069612e-07,0.023156689356829314,True,3429.0
2761,-0.01926583486197954,7.29871993076334e-07,3.421624683834165e-07,9.213300179132109e-07,0.04415039124626249,True,3430.0
944,0.021881245882108703,7.242877185867002e-07,1.9750008471927473e-07,4.6823721084806787e-07,0.020802850054074687,True,3431.0
3516,0.013617056630319426,7.190374586658895e-07,3.4262705722694777e-07,1.3052962696064258e-06,0.06005471085946943,True,3432.0
886,0.0307420815758785,7.170220583566597e-07,6.526938580535132e-07,1.101404735883268e-06,0.0659075004771296,True,3433.0
3290,-0.0010108064664067693,7.158642707908792e-07,3.2602011008444355e-07,1.6731969430207082e-05,0.15630765315859788,True,3434.0
641,0.007811481787231202,7.147724526794509e-07,1.4885550950988518e-06,9.885580416720228e-06,0.3610280552197977,True,3435.0
1301,0.16123382025178587,7.143471948631997e-07,2.130730284817024e-07,6.855561303971965e-08,0.005025764997773395,True,3436.0
189,-0.0056690393269814175,7.071756254872326e-07,1.035419487670396e-06,9.474963575689934e-06,0.2708187543736879,True,3437.0
458,-0.0021572971759693123,7.044098657779358e-07,1.062995050196145e-06,2.5561830549512498e-05,0.438132196704625,True,3438.0
1984,-0.07671656197224697,7.041085867955689e-07,3.978588682402166e-07,2.69036122669745e-07,0.018258158915961574,True,3439.0
3432,-0.07158617217303391,7.031738044369946e-07,2.54397600272938e-07,1.8435484425325978e-07,0.01094217189388638,True,3440.0
2080,0.0877436076869678,7.031336144746456e-07,2.312033156133373e-07,1.366939379754587e-07,0.008842801704943063,True,3441.0
3322,-0.031153932587279602,7.023723810276579e-07,6.897494158804575e-07,1.1485479997875742e-06,0.06667090781856352,True,3442.0
553,0.18849244558112657,7.021225613299321e-07,2.060972504860214e-07,5.67216600958586e-08,0.0042623576563394616,True,3443.0
620,0.01562367419343463,7.011748598527339e-07,1.186917664384213e-06,3.941015143981488e-06,0.2003308098479547,True,3444.0
209,-0.06177919985692001,6.995651117838173e-07,5.496454809839567e-07,4.6154182903866685e-07,0.03193587378331955,True,3445.0
3720,0.06738132312811282,6.992049081508112e-07,3.782146594456343e-07,2.911853408290064e-07,0.0160315541701126,True,3446.0
3594,0.00209200549280078,6.972148147283589e-07,5.739746330606744e-07,1.4233134811338263e-05,0.2605763725427826,True,3447.0
146,0.003045930158361137,6.956575408093478e-07,1.8634238071396642e-06,3.173674504957534e-05,0.6709078185635219,True,3448.0
780,0.05355582303286605,6.938393033298556e-07,3.283229437100289e-07,3.1802789845140603e-07,0.01787645524524461,True,3449.0
3181,0.019413947736716987,6.937454434361067e-07,1.2046467001286932e-06,3.218966992539298e-06,0.1820090336535403,True,3450.0
2511,0.08220963558204226,6.907323573047173e-07,4.0054170985591993e-07,2.527526447346556e-07,0.01774922068833895,True,3451.0
2098,-0.014992739961557837,6.899907403905328e-07,2.6709422734353997e-07,9.241749177875261e-07,0.041287613715885234,True,3452.0
2677,-0.1090603237371044,6.898273263391767e-07,3.4719199010239103e-07,1.6514810661552778e-07,0.012532603855207075,True,3453.0
3101,0.0011331952210241036,6.893859975042991e-07,9.982557564331183e-07,4.5699113262504834e-05,0.43819581398307783,True,3454.0
2000,0.004045116316644782,6.826707894200844e-07,1.0383366771928398e-06,1.331612505152952e-05,0.35199440167949614,True,3455.0
3048,0.08158990937696965,6.819135307938269e-07,2.918108086531929e-07,1.8553916920542143e-07,0.011769196513773141,True,3456.0
3292,-0.0032927757659365706,6.792463829637583e-07,8.509693152812784e-07,1.3406716561290003e-05,0.31210636808957315,True,3457.0
3666,0.0008292935640405766,6.760307013821418e-07,2.5506392665938583e-06,0.0001595553719156139,0.9162796615560787,True,3458.0
875,0.017984091526055186,6.741397057863096e-07,3.546874517422654e-08,1.0231233685738896e-07,0.0022902220243018003,True,3459.0
635,0.035171614426957216,6.704524068403739e-07,3.856477463084917e-07,5.688125612684287e-07,0.028500540746866847,True,3460.0
3062,-0.007097085680110889,6.690496781467687e-07,1.0546444747394585e-06,7.708976427597436e-06,0.26681086583115976,True,3461.0
3133,-0.03191856402803547,6.664095013189616e-07,8.138100747206615e-07,1.3226666443740512e-06,0.08626502958203448,True,3462.0
3354,-0.0004881406790024241,6.639653629036907e-07,1.3722444434812089e-06,0.00014583345476264632,0.8748648132832877,True,3463.0
2949,0.009306316970307673,6.580913155449323e-07,8.629906569587307e-07,4.810596575671702e-06,0.1966410076976907,True,3464.0
2858,0.007530129701334045,6.503355031527991e-07,1.433572845723812e-06,9.876157192628477e-06,0.3908009415357211,True,3465.0
3425,0.013473162048096813,6.496227274708165e-07,9.661206900593275e-07,3.719910867240678e-06,0.1783828487817291,True,3466.0
2340,0.029814914136558755,6.45964037752541e-07,2.559890339219514e-07,4.4540848153083815e-07,0.020548380940263376,True,3467.0
697,-0.01635966201017136,6.451892205000923e-07,7.905525918623124e-07,2.5068429344369313e-06,0.13951269164705135,True,3468.0
3291,-0.05667289260176749,6.439430182857203e-07,3.6523190624307397e-07,3.3432127509551044e-07,0.019975825434187924,True,3469.0
1048,0.023563622870626154,6.430914958392344e-07,8.186795505495701e-07,1.80236424517571e-06,0.10153317641071315,True,3470.0
1271,-0.06704162660422612,6.416100612666424e-07,9.023720319859307e-08,6.982513238609699e-08,0.0030536293657357338,True,3471.0
1234,0.01898788134955228,6.409975994124026e-07,4.0486188180419815e-07,1.1061169931569442e-06,0.04930339080094154,True,3472.0
1779,0.008449643381644492,6.407081611312462e-07,8.482622954561519e-07,5.207897977090162e-06,0.19893122972199248,True,3473.0
2391,-0.017553901386530783,6.388627579413969e-07,2.1161127021022784e-07,6.25368243928585e-07,0.03238119473248934,True,3474.0
3466,0.03439913878159321,6.351950018279853e-07,6.250795743463553e-07,9.426672568826663e-07,0.05725555060754501,True,3475.0
1661,-0.024491243265325764,6.350845470941461e-07,5.411868200728595e-07,1.146323151283544e-06,0.06240855016222406,True,3476.0
693,-0.10719633415097998,6.345511955911981e-07,3.3939956233764473e-07,1.6424873310189977e-07,0.012659838412112729,True,3477.0
2801,0.03986891032570568,6.335340354674853e-07,4.362949100220729e-07,5.676968242015993e-07,0.03581652776894204,True,3478.0
3495,-0.013133590665448613,6.320856078768843e-07,7.766137533174794e-07,3.0675544838007056e-06,0.1593612825243336,True,3479.0
3461,-0.029983288487683214,6.317509579304097e-07,5.528681851195218e-07,9.565617703292632e-07,0.05642852598765825,True,3480.0
3900,0.005837951528619307,6.291006498677471e-07,7.120330570490361e-07,6.3271824257887624e-06,0.19447802023029453,True,3481.0
3730,0.09912020030449939,6.272926791262609e-07,1.802516342145309e-07,9.433823010578812e-08,0.005980024174565812,True,3482.0
3200,0.031449334316875466,6.25464838515569e-07,1.5428769555138435e-07,2.5450160145177645e-07,0.011005789172339207,True,3483.0
1977,0.0033805098538513445,6.239438622704562e-07,9.090562138336203e-07,1.39501609349007e-05,0.3880017812837967,True,3484.0
1548,-0.013284679218370565,6.22979957496174e-07,4.812794342144802e-07,1.8793900195495745e-06,0.07735861059863859,True,3485.0
3803,-0.02082630404178833,6.22502229825681e-07,8.603582102775378e-07,2.143077059394525e-06,0.12119091545263694,True,3486.0
1964,0.1020514535237,6.21534153723134e-07,3.512958085097617e-07,1.7857656198577932e-07,0.013932183981169285,True,3487.0
2891,0.00700147796480761,6.207091631978391e-07,3.536084980937374e-07,2.6200142389889394e-06,0.10204211463833578,True,3488.0
2275,-0.004938498749855256,6.169595509782455e-07,5.508808429953928e-07,5.786732488129896e-06,0.15306317195750366,True,3489.0
1370,-0.04154474164720273,6.134873800698154e-07,5.03701103366229e-07,6.289665133223607e-07,0.04306889751256441,True,3490.0
81,0.0017238706317103105,6.117703991295433e-07,8.852037246583611e-07,2.6638468082180687e-05,0.37922259685730647,True,3491.0
754,-0.058080986614157934,6.113597313187503e-07,9.394734158619883e-08,8.391144397932279e-08,0.004771295883962084,True,3492.0
2380,0.04466533936389967,6.108327571249554e-07,3.061776475742321e-07,3.556096421901726e-07,0.02156625739550862,True,3493.0
3067,0.0973030621989948,6.101005448596977e-07,2.341277391165244e-07,1.2482369880409698e-07,0.007888542528150645,True,3494.0
3469,0.003810010763016948,6.061339493404257e-07,1.9809257212503128e-07,2.697197030403425e-06,0.04529550225841338,True,3495.0
1660,0.06830325572097345,6.052106257508415e-07,3.94346131547362e-08,2.995069220277424e-08,0.0008270246198867613,True,3496.0
494,-0.025663186782604944,6.039584753331084e-07,6.258194540439748e-07,1.2650542756052512e-06,0.07182390737324257,True,3497.0
1432,0.06670106377864682,6.028535027814475e-07,1.503713194458257e-07,1.1695072931994712e-07,0.006870666072905401,True,3498.0
2289,0.039893281822310396,6.01942931087367e-07,4.1753454506072255e-07,5.429543691629963e-07,0.0336535403015459,True,3499.0
956,0.038026904754549215,6.010086612962992e-07,1.5656801093792116e-07,2.1359089798115354e-07,0.00890641898339589,True,3500.0
220,0.002890704215400464,5.996701556336494e-07,5.94414179098691e-07,1.0667341263044494e-05,0.26197595266874485,True,3501.0
3273,-0.04530302716409649,5.953262126663394e-07,3.257165172806785e-07,3.7297802422506743e-07,0.021439022838602963,True,3502.0
1168,0.06741743396984742,5.937436965602135e-07,3.5492783205393e-07,2.7311057850161854e-07,0.019085183535848337,True,3503.0
78,-0.023420643187552458,5.904787727741986e-07,1.7014522856817514e-07,3.7687006377056845e-07,0.01895794897894268,True,3504.0
1030,-0.0011708630055608702,5.895951377163927e-07,9.99791219662021e-07,4.429695956662652e-05,0.637954068324957,True,3505.0
3766,-0.0031116081543714194,5.875586236373641e-07,5.720253561040595e-07,9.536764612680565e-06,0.30510846745976206,True,3506.0
3996,-0.005604168078557565,5.842773272095544e-07,9.511486674641888e-07,8.804565649514637e-06,0.27692601310515935,True,3507.0
3263,-0.003244825129487225,5.807151881951149e-07,7.363291838312837e-07,1.1772031114155474e-05,0.30529931929512055,True,3508.0
993,0.030327019112458078,5.680972809971868e-07,6.284425895937639e-07,1.074995308332718e-06,0.06813410522297857,True,3509.0
2709,0.0351270530384335,5.601989063654979e-07,6.47312059062804e-07,9.55966482462608e-07,0.06743431515999745,True,3510.0
3334,0.024996577192134516,5.585511335458009e-07,1.5145484840267513e-07,3.143209443054529e-07,0.013868566702716459,True,3511.0
3862,0.0005336646360257353,5.581958027412517e-07,1.3327544561911139e-06,0.00012955447027369248,0.9224505375660029,True,3512.0
987,0.08135304125294066,5.564641897182234e-07,1.766149168569315e-07,1.1262226891632994e-07,0.006997900629811057,True,3513.0
3555,0.009926736747510066,5.530365784771291e-07,3.4494647607659005e-07,1.802668592342504e-06,0.06737069788154462,True,3514.0
1348,-0.019332087652830936,5.528291245366954e-07,4.81665909867398e-07,1.2925216867227095e-06,0.06762516699535594,True,3515.0
2645,0.011272533167714677,5.501817309661407e-07,5.008114258277147e-07,2.3047477041359907e-06,0.11304790381067498,True,3516.0
759,0.012363089011164102,5.460616639188556e-07,2.872715837472566e-07,1.205414348949444e-06,0.04974871175011133,True,3517.0
2568,-0.03141926952585697,5.460367374635073e-07,4.025587736597289e-08,6.646666630272157e-08,0.0019085183535848336,True,3518.0
2887,-0.042857758952528316,5.425024487870935e-07,1.5403111123910683e-07,1.8644454229388433e-07,0.010878554615433552,True,3519.0
3191,0.017059841708649298,5.419637201912866e-07,1.2079770628469589e-07,3.673282882563237e-07,0.013041542082829696,True,3520.0
2467,-0.0021530348646611117,5.361880589610033e-07,2.0950601098059792e-08,5.047962379952272e-07,6.361727845282778e-05,True,3521.0
3654,0.1727558677775818,5.357320108054733e-07,5.1604370317917375e-08,1.5496169565237758e-08,0.0008270246198867613,True,3522.0
233,-0.09876896866237748,5.318871211134094e-07,1.2260586780655033e-07,6.439637503277718e-08,0.004135123099433806,True,3523.0
255,-0.0026529518545695165,5.282289305161747e-07,9.626202984297498e-07,1.8823324576883097e-05,0.4331700489853044,True,3524.0
2051,0.0037425371013457692,5.268806636834842e-07,6.991113585500253e-07,9.690605814783152e-06,0.23309370825116102,True,3525.0
118,0.004842475541289638,5.216386074926142e-07,9.025021758419678e-07,9.668330906165868e-06,0.3138876518862523,True,3526.0
1177,0.06022008028976973,5.21234702463979e-07,1.1416246812264269e-07,9.834509483249651e-08,0.005152999554679051,True,3527.0
1057,-0.03855057143482303,5.209660139757549e-07,4.3567762119600194e-07,5.862800511133174e-07,0.03734334245180991,True,3528.0
418,-0.05781321410826625,5.187452234332865e-07,3.243877965305898e-07,2.9107712549771136e-07,0.020802850054074687,True,3529.0
1510,-0.021651960816758027,5.135371828142292e-07,4.5795345123947444e-07,1.097222710419415e-06,0.06349004389592214,True,3530.0
3370,-0.1661081795495324,5.092117517767181e-07,1.1801163158809444e-07,3.6855684408611143e-08,0.0027991602519244225,True,3531.0
3931,0.014040219968132036,5.06628569952682e-07,7.140031241516137e-07,2.6381342022107557e-06,0.1479101724028246,True,3532.0
1229,-0.12145087422023898,5.065925278572609e-07,5.763767695574079e-08,2.4619345752646363e-08,0.0010178764552452445,True,3533.0
2244,0.008963009613769009,5.061546721698853e-07,5.681885936628899e-07,3.288586980356421e-06,0.15516254214644698,True,3534.0
1994,-0.019081402931495236,5.03932103293478e-07,2.4042716357515736e-07,6.536479670287102e-07,0.03390800941535721,True,3535.0
3988,0.04129401209356342,5.023345798124947e-07,1.7552562992828608e-07,2.2050789526036426e-07,0.013359628475093836,True,3536.0
863,0.050836436655984515,4.961050288115367e-07,2.9711829771090064e-07,3.0319705671776373e-07,0.018767097143584197,True,3537.0
3540,0.0527487313870283,4.949085425008289e-07,1.492112206610613e-07,1.467439307989517e-07,0.00833386347732044,True,3538.0
3219,0.009858930268926062,4.927423049155361e-07,6.585066453096751e-07,3.4649825464356187e-06,0.15369934474203192,True,3539.0
3034,-0.07191996118113055,4.902168963134661e-07,2.7548234554121383e-07,1.9870784434830082e-07,0.015013677714867358,True,3540.0
4017,-0.03538275242773726,4.88932635861419e-07,1.989531246175863e-07,2.916955708859001e-07,0.015967936891659776,True,3541.0
968,-0.000544646045801417,4.858641123798413e-07,1.0987423163598403e-06,0.00010465311998759861,0.8030409059100452,True,3542.0
1599,0.006347150497963981,4.848802948024243e-07,9.479061079827612e-07,7.747421954292032e-06,0.33666263757236464,True,3543.0
2034,0.005296348576606215,4.848747793386104e-07,1.8798732157799202e-07,1.8412920759377775e-06,0.05152999554679051,True,3544.0
576,0.015091869588622785,4.819259011880085e-07,4.4908352929901866e-07,1.5436710788607045e-06,0.07602264775112921,True,3545.0
2637,0.01960133108524908,4.818694794138082e-07,4.506239526187164e-07,1.1926125976682043e-06,0.0684521916152427,True,3546.0
1838,-0.14280493062654934,4.795523692301731e-07,1.222990551627777e-07,4.4427367829780626e-08,0.0032444812010942172,True,3547.0
3850,-0.16570438334426987,4.788866284907629e-07,1.2878025766898122e-07,4.031679283828017e-08,0.0030536293657357338,True,3548.0
715,0.0017788908007620088,4.762333930922841e-07,9.84155698202338e-07,2.8700218716687796e-05,0.5672752719638654,True,3549.0
1972,-0.0018291611321478837,4.762248326859908e-07,9.61775492258702e-07,2.727673761457473e-05,0.5204529550225842,True,3550.0
339,-0.03207004541558298,4.748981509208551e-07,3.538929879068677e-07,5.724572591096184e-07,0.03747057700871557,True,3551.0
20,-0.04830043988938304,4.671995037256186e-07,1.8714485602435276e-07,2.010006642125317e-07,0.01234175201984859,True,3552.0
3422,0.0018197173428976417,4.663352164419101e-07,6.527625744276622e-08,1.8608955470953487e-06,0.02067561549716903,True,3553.0
1472,-0.02962658583136964,4.6322524667360953e-07,2.7815895067750735e-07,4.870596107759163e-07,0.028373306189961194,True,3554.0
2888,0.029070804773993302,4.6083497080714035e-07,3.142805370242712e-08,5.6082984413689424e-08,0.0016540492397735225,True,3555.0
2959,-0.03812939423055625,4.5858161571055683e-07,2.8913586917540105e-07,3.933804300026007e-07,0.024238183090527388,True,3556.0
2173,0.05633110069964435,4.5730560067077787e-07,1.717400089615001e-07,1.581590064682532e-07,0.010178764552452447,True,3557.0
2737,0.021904758345626527,4.5724417722672234e-07,5.844322404153157e-07,1.3840965426623564e-06,0.09160888097207201,True,3558.0
786,0.10692758618960609,4.570341869444267e-07,1.5561632280779233e-07,7.54981083034876e-08,0.005534703225396017,True,3559.0
3953,0.04814963610332996,4.5603719394931634e-07,1.0809131882142864e-07,1.1645777563018212e-07,0.007061517908263885,True,3560.0
3430,-0.0817281632915778,4.557086155284517e-07,1.2344618355750198e-07,7.835678585457042e-08,0.005152999554679051,True,3561.0
880,-0.07038264348784178,4.521512987727476e-07,1.6446121094352657e-07,1.212184129087178e-07,0.0080157770850563,True,3562.0
1770,-0.006014626666672082,4.4634541982065367e-07,3.191476968290052e-07,2.7526672981154198e-06,0.09033653540301546,True,3563.0
2736,-0.04501804346105174,4.449877381265853e-07,1.4215399879581393e-07,1.6381103302501767e-07,0.007697690692792162,True,3564.0
3551,-0.015151005975937644,4.4400420218106097e-07,5.243507508903685e-07,1.7953581976794999e-06,0.09987912717093962,True,3565.0
2767,-0.03332826524605856,4.4280842200641154e-07,1.7144228245133968e-07,2.6685535068670265e-07,0.013486863031999492,True,3566.0
834,-0.0029901664031833255,4.427126177938888e-07,8.262655980599373e-07,1.4334910897300073e-05,0.4575354666327375,True,3567.0
3630,0.029419324093391767,4.421833541833173e-07,7.932161843942213e-08,1.3987160565850704e-07,0.005407468668490362,True,3568.0
2044,0.063119462592316,4.4209575657414914e-07,5.6818154847284154e-08,4.6697595369613824e-08,0.0022266047458489725,True,3569.0
608,0.03243422985075534,4.405276760917846e-07,1.6074430482405394e-07,2.571003625032261e-07,0.014441122208791908,True,3570.0
970,0.0546877964916232,4.372727209659208e-07,1.9328877854481632e-07,1.833525274699157e-07,0.01208728290603728,True,3571.0
1758,0.039554889290558434,4.3643735687372306e-07,3.2691533437550075e-07,4.2875164877671213e-07,0.029836503594376233,True,3572.0
1490,-0.1401894605987364,4.3266855244965285e-07,4.6803354341687796e-08,1.7319378326767863e-08,0.0010178764552452445,True,3573.0
1685,0.016162353983125034,4.3264674875215304e-07,5.128478440175197e-07,1.6460938943838083e-06,0.09758890514663783,True,3574.0
1792,0.002489610555194367,4.318186377683905e-07,5.48948815929021e-07,1.143855383042547e-05,0.306253578471913,True,3575.0
3586,0.050027866415144034,4.315289249851417e-07,7.931848098320219e-08,8.224946680578848e-08,0.0046440613270564285,True,3576.0
1242,-0.04086922336189206,4.3034391171203763e-07,2.9268998298996065e-07,3.715199664095896e-07,0.02309307207837649,True,3577.0
3794,-0.004523498460228983,4.2695722101652115e-07,6.43291173025979e-07,7.377408464547617e-06,0.26662001399580126,True,3578.0
596,0.04122360191210139,4.2633234789284284e-07,1.683065708070717e-07,2.117999338636097e-07,0.01208728290603728,True,3579.0
8,0.07552756963380303,4.2511508895457723e-07,6.692358022711134e-08,4.5966807364977754e-08,0.002417456581207456,True,3580.0
482,0.0049793006384820605,4.1795255698311775e-07,5.498072249002708e-07,5.728128843371613e-06,0.20414784655512438,True,3581.0
722,0.030489860353182904,4.1694249406462255e-07,1.9377962853399681e-07,3.297033562142873e-07,0.019657739041923788,True,3582.0
785,-0.017401407911817008,4.1582488462588033e-07,2.7515395918887097e-07,8.202798870633693e-07,0.04453209491697945,True,3583.0
2324,-0.002431563763088724,4.155989548870359e-07,5.459467792630028e-07,1.1647570021060956e-05,0.31764107131496916,True,3584.0
1119,0.048255476327101914,4.154450261076453e-07,3.976823621881478e-08,4.275239088131243e-08,0.0018449010751320058,True,3585.0
2069,-0.09009237762677676,4.143472924447021e-07,1.1539577894460376e-07,6.644656868809213e-08,0.004516826770150773,True,3586.0
132,0.0013380861227669592,4.117374215720914e-07,1.1944744909995912e-06,4.6308796779028265e-05,0.759144983777594,True,3587.0
3462,0.017385052962385707,4.0686258829552894e-07,4.2190174125168854e-07,1.2589427581844486e-06,0.07525924040969527,True,3588.0
862,0.002001535680615721,4.0585574076261205e-07,4.1025071927906795e-07,1.0633021668807786e-05,0.2367198931229722,True,3589.0
515,-0.08159095559509959,4.0505936087389174e-07,5.542258297169697e-08,3.523833880735321e-08,0.0019085183535848336,True,3590.0
3298,-0.01280839414290966,4.0197347553032727e-07,3.383499305834072e-07,1.3703834108958492e-06,0.06520771041414848,True,3591.0
2165,0.004253806875068945,4.001312402165155e-07,5.853233251822999e-07,7.138200568696137e-06,0.2934665055028946,True,3592.0
156,-0.008915702157087129,3.9923363732100396e-07,4.57231990035956e-07,2.6604294122622375e-06,0.12144538456644825,True,3593.0
385,0.0036643002305166475,3.9872605712290206e-07,5.507819305080711e-07,7.79757064843468e-06,0.2911762834785928,True,3594.0
2962,-0.008763319184195973,3.9817707864908603e-07,4.1584025945941594e-07,2.461662938647529e-06,0.11298428653222216,True,3595.0
2436,0.0696240641235538,3.952234017989547e-07,1.7611915152125283e-07,1.3122539789553564e-07,0.009351739932565686,True,3596.0
3400,-0.01070764816782777,3.916038946517439e-07,5.116248024145533e-07,2.478724055396652e-06,0.13124244544818373,True,3597.0
2403,-0.04669022212407903,3.9022441823769793e-07,1.8656075928756906e-07,2.0728364877478404e-07,0.013614097588905147,True,3598.0
1586,-0.10203152755672769,3.8927931576593484e-07,1.2542702242970733e-07,6.377161390082487e-08,0.0046440613270564285,True,3599.0
1840,0.0017026335329513992,3.8898005673487136e-07,5.748985855911298e-07,1.7516234147402554e-05,0.41484827279089,True,3600.0
518,-0.02107281017505547,3.888265868396207e-07,3.51575048675234e-08,8.654984108625655e-08,0.002926394808830078,True,3601.0
1450,-0.01324324692319722,3.874169571705558e-07,4.0715001710540075e-07,1.594889742887771e-06,0.08823716521407214,True,3602.0
2050,-0.04682263052845455,3.8664660166981173e-07,2.2618731235237026e-07,2.506011821896647e-07,0.018258158915961574,True,3603.0
3457,-0.06003008159751084,3.844602439726481e-07,1.5790957483137806e-07,1.364615232560632e-07,0.009924295438641135,True,3604.0
450,-0.12483999450259131,3.8225478642845126e-07,1.0597016841919494e-07,4.403526030898312e-08,0.0032444812010942172,True,3605.0
3124,0.0074182604738218675,3.7994740396152085e-07,2.0061604756424135e-07,1.4029244229468912e-06,0.057637254278261975,True,3606.0
2926,-0.007068900286481746,3.7966679758876173e-07,4.715460087114298e-07,3.4605322577601064e-06,0.16947642979833322,True,3607.0
1604,-0.0012850729890189407,3.767395337229869e-07,3.6998945620033624e-07,1.4935928878672322e-05,0.2818245435460271,True,3608.0
2557,-0.07278818042186092,3.7231287543131477e-07,1.4654122210975768e-07,1.0444066549157264e-07,0.007315987022075195,True,3609.0
1327,-0.029526481973328546,3.6929529672121974e-07,2.4282582686533e-07,4.2663242124808547e-07,0.026782874228640497,True,3610.0
451,0.0029315587745664647,3.691873672297876e-07,4.854377597726779e-07,8.590246642358867e-06,0.2620395699471977,True,3611.0
1833,0.005519551066359161,3.685798326249933e-07,1.7830308766502383e-07,1.6758139157083464e-06,0.058909599847318535,True,3612.0
3508,0.0028099963496421567,3.6447354860065387e-07,2.363835953659575e-08,4.363975085398604e-07,0.004453209491697945,True,3613.0
3281,0.0007066835174354929,3.6365861652871746e-07,3.4556615781394e-08,2.5367456630566673e-06,0.021693491952414275,True,3614.0
2141,0.014436655618621657,3.5955721654312937e-07,3.6674624747159244e-07,1.3178614872004472e-06,0.07042432724728036,True,3615.0
3024,0.007711397290501098,3.558539586218694e-07,2.6598500331412195e-07,1.7893477717441368e-06,0.099370188943317,True,3616.0
158,-0.0467208888215049,3.551132964295814e-07,1.9060098972399147e-07,2.1163365842871146e-07,0.01469559132260322,True,3617.0
1381,0.017474387593967824,3.536589543325368e-07,1.2917110621058242e-07,3.8347238864912583e-07,0.015204529550225842,True,3618.0
873,-0.09832291496014917,3.5345854179878234e-07,1.0368575157211058e-07,5.4706007261039e-08,0.004071505820980978,True,3619.0
3605,-0.001676024550073703,3.524774106473033e-07,6.239865913414369e-07,1.931370376280983e-05,0.41720211209364466,True,3620.0
2073,0.004338483599793359,3.514883973420985e-07,2.406654061384785e-07,2.8777058015470988e-06,0.09650741141293975,True,3621.0
1314,0.08009148618743785,3.475013531809057e-07,1.1890995398355234e-07,7.701982770406781e-08,0.00547108594694319,True,3622.0
2219,0.004908733126380911,3.462661219828174e-07,1.8680460394516645e-07,1.9741895031475762e-06,0.07748584515554424,True,3623.0
2062,-0.019886336907383114,3.448142375668958e-07,2.9065793268997054e-07,7.582249510983717e-07,0.04758572428271519,True,3624.0
595,-0.035182906084258746,3.429857916494722e-07,2.301315950171336e-07,3.393245038557143e-07,0.02468350403969718,True,3625.0
3470,-0.02014685229976101,3.4237444331078956e-07,1.9001523579535904e-07,4.892737393819888e-07,0.028436923468414022,True,3626.0
3330,0.0031603786904217768,3.366655712101292e-07,2.1267659506848948e-07,3.4910113287302704e-06,0.09879763343724156,True,3627.0
284,0.19478497522825322,3.359454012163544e-07,6.24954430649579e-08,1.66442251201061e-08,0.0013995801259622112,True,3628.0
2214,-0.00027183863519655323,3.3552549052067024e-07,9.182963483048716e-08,1.7524367838022974e-05,0.11412939754437305,True,3629.0
1808,0.1531246608813678,3.3313921459957543e-07,7.073425488005823e-08,2.396378019236322e-08,0.0019085183535848336,True,3630.0
2111,0.01924943783848512,3.3250295203448224e-07,1.408784475886899e-07,3.796620519872901e-07,0.018767097143584197,True,3631.0
1503,-0.017714228027148258,3.309540976179647e-07,4.522064002898197e-07,1.3242962773861917e-06,0.08868248616324194,True,3632.0
3821,0.028156053382749253,3.296264605257428e-07,8.96597998032825e-08,1.6519491284500368e-07,0.009351739932565686,True,3633.0
2938,-0.008739577889494221,3.280718983367678e-07,4.37619490401316e-07,2.5976275582229722e-06,0.13455054392773078,True,3634.0
731,0.0008944219206163197,3.277390196957082e-07,6.807026007650195e-07,3.948077414269198e-05,0.6364272536420892,True,3635.0
566,0.0010281566719985945,3.2605276900501515e-07,2.2390152599574713e-08,1.12971381497342e-06,0.020421146383357718,True,3636.0
1861,0.007628026254316487,3.259763914803534e-07,3.693797750834277e-07,2.512069309326283e-06,0.10846745976207138,True,3637.0
3185,0.05107580878678404,3.259008595806848e-07,1.4503670237764748e-07,1.4731037962968587e-07,0.009987912717093962,True,3638.0
1074,0.0009304579788283874,3.246666310691831e-07,6.802506177417119e-07,3.792650860208023e-05,0.6420255741459381,True,3639.0
2195,0.015691274793548895,3.232719122454576e-07,1.435148412123911e-07,4.7447056064166325e-07,0.02582861505184808,True,3640.0
1561,0.0610213367915219,3.227917862654641e-07,7.214443646935579e-08,6.133266165944606e-08,0.004135123099433806,True,3641.0
3851,-0.0920656429315006,3.2247296436433905e-07,4.0321601014981165e-08,2.2720132608171066e-08,0.0012723455690565558,True,3642.0
3843,-0.058628219521449546,3.2211464719110264e-07,7.773086042228714e-08,6.877925288834105e-08,0.004453209491697945,True,3643.0
311,0.10083967009335615,3.21467971258064e-07,7.405212764281679e-08,3.809577465770831e-08,0.0026083084165659394,True,3644.0
2201,-0.06291515542702403,3.2032520692400626e-07,1.2019401835116973e-07,9.910561600213999e-08,0.006679814237546918,True,3645.0
3591,-0.04075129306123401,3.198639223799827e-07,5.86454823627884e-08,7.465585150981955e-08,0.0037534194287168394,True,3646.0
2186,0.00959183752685795,3.184258313232901e-07,1.5920918401412352e-07,8.610670824266179e-07,0.0354984413766779,True,3647.0
1623,0.0001800253185444041,3.1738128616440884e-07,5.569428304861599e-07,0.00016048990274383716,0.9412176347095871,True,3648.0
3864,-0.06973025887606081,3.1709808539300724e-07,1.281141696983197e-07,9.531177839954039e-08,0.00718875246516954,True,3649.0
1707,0.006661409882755523,3.156504936783489e-07,2.671726736249871e-07,2.080638180805998e-06,0.09243590559195877,True,3650.0
654,0.058433242964056505,3.136005526459548e-07,8.416585861156559e-08,7.472168429944574e-08,0.00489853044086774,True,3651.0
1183,-0.04501142235503472,3.123220581577326e-07,1.6835044082070158e-07,1.9402701635524268e-07,0.01469559132260322,True,3652.0
2499,0.11647122118791381,3.112827008186847e-07,8.218873000100239e-08,3.660701565184177e-08,0.002926394808830078,True,3653.0
1728,-0.016395568181688552,3.10175732688816e-07,2.617798932313589e-07,8.282863397379829e-07,0.04866721801641326,True,3654.0
2121,0.06695831330820663,3.099925144097276e-07,1.0901998431476562e-07,8.446412634820876e-08,0.00604364145301864,True,3655.0
254,-0.06530835053779123,3.083930777098873e-07,8.293886770137461e-08,6.588098308264201e-08,0.004580444048603601,True,3656.0
1286,0.05897149680136209,3.06410729489619e-07,1.1823324845715681e-07,1.0400833765131686e-07,0.0076340734143393344,True,3657.0
3723,0.053879975945663225,3.061187170711039e-07,3.498187959549983e-08,3.3681112793091426e-08,0.0015268146828678669,True,3658.0
508,0.03823576990949545,3.035040489581916e-07,8.744730779354482e-08,1.1864441200405573e-07,0.006870666072905401,True,3659.0
151,-0.01939790568922415,3.0000344872823917e-07,2.4350461133373397e-07,6.51212953678568e-07,0.03861568802086647,True,3660.0
2696,-0.04921286256550567,2.993976554828329e-07,1.2285498324944386e-07,1.2950449238496425e-07,0.008842801704943063,True,3661.0
1917,-0.0016947923796627033,2.993098348005877e-07,4.855576444194006e-07,1.4862606428066977e-05,0.39455436096443797,True,3662.0
1394,-0.0011521638559476013,2.985884766061975e-07,6.010559936933269e-07,2.7062715345045765e-05,0.5632037661428844,True,3663.0
3697,0.03914262261344118,2.984786939632448e-07,2.613690347975819e-08,3.463976185927331e-08,0.001463197404415039,True,3664.0
2455,0.004355854611452553,2.976304346415306e-07,2.0663403249168844e-07,2.4609294289807676e-06,0.1066861759653922,True,3665.0
2287,0.003767926768891517,2.957361395284673e-07,2.524583833481957e-07,3.475826000410114e-06,0.12087282906037279,True,3666.0
2760,-0.0005383669836998918,2.948550414921903e-07,9.004067479321103e-07,8.676229018914995e-05,0.9337744131306063,True,3667.0
709,0.022206812084979415,2.927844382158992e-07,2.4014884202037027e-07,5.610027156467925e-07,0.0370888733379986,True,3668.0
3592,-0.021339928475864894,2.927543863224792e-07,2.517487640933533e-07,6.119910514707401e-07,0.03740695973026274,True,3669.0
3773,0.06264113835712,2.9033325872417626e-07,9.5692697173423e-08,7.924827880463535e-08,0.005852789617660156,True,3670.0
2194,0.08599587059143078,2.875057367204813e-07,3.583725611788932e-08,2.1618613500988167e-08,0.0012723455690565558,True,3671.0
3798,-0.001945433660421683,2.844579456645709e-07,1.6435254790100699e-07,4.38258854816188e-06,0.09599847318531714,True,3672.0
1818,0.01820544148412112,2.8376928484018675e-07,2.418139650598152e-07,6.89050175200301e-07,0.04294166295565876,True,3673.0
2387,0.06476370506617261,2.820019204279579e-07,2.4861663211635695e-08,1.9914489454054353e-08,0.0008270246198867613,True,3674.0
1845,0.08408181124807183,2.7930296806235945e-07,5.3734595855801437e-08,3.315298313023457e-08,0.0019721356320376612,True,3675.0
3566,-0.15497008800307646,2.7678103172379426e-07,4.3394830366145104e-08,1.452649368454472e-08,0.0010814937336980723,True,3676.0
3580,0.004590036926689655,2.7522206229825334e-07,4.021003416276197e-07,4.5445297093314046e-06,0.20204847636618106,True,3677.0
3166,-0.03516539637523015,2.745007474878789e-07,1.2274730166883237e-07,1.810785970866855e-07,0.011451110121509001,True,3678.0
3431,-0.004613705180348262,2.741949352061206e-07,2.1687523696596362e-07,2.4385452096270195e-06,0.09447165850244926,True,3679.0
185,-0.00874845965815091,2.715429497561959e-07,3.520005875505073e-08,2.0872884942921046e-07,0.010433233666263758,True,3680.0
328,-0.03807528146390403,2.703606058401419e-07,4.6815432030146e-08,6.378471177073166e-08,0.00400788854252815,True,3681.0
2487,0.002293283935506707,2.697496630044258e-07,1.3596341547417895e-07,3.0756358978461316e-06,0.07036070996882754,True,3682.0
2348,-0.021430606210969302,2.67406301460347e-07,1.1180949667962414e-07,2.7065429330497296e-07,0.01673134423309371,True,3683.0
1924,0.003989731923554585,2.6702545275201903e-07,5.479851290245096e-07,7.12517838076228e-06,0.31420573827851644,True,3684.0
2825,-0.02573965655601359,2.6631249793693645e-07,9.43541962522279e-08,1.901643730476961e-07,0.010242381830905273,True,3685.0
2178,0.027802199423307573,2.65650634517535e-07,1.1666066609786928e-07,2.1767872343672016e-07,0.013741332145810803,True,3686.0
902,-0.008580335383701483,2.653551799129498e-07,1.644723363987469e-07,9.943958025024925e-07,0.04415039124626249,True,3687.0
2376,0.005460997326520526,2.649264438054557e-07,1.557149948103317e-07,1.47920769011953e-06,0.06539856224950696,True,3688.0
2002,0.014526041026950143,2.6430332910529886e-07,2.487955244378926e-07,8.885174907181987e-07,0.05604682231694128,True,3689.0
1053,-0.008737404464743883,2.640859145767269e-07,1.32498631090748e-07,7.866827648537742e-07,0.03626184871811184,True,3690.0
2950,0.021948945632038,2.6171862931559356e-07,1.500144272968398e-07,3.5456025403269403e-07,0.02188434378777276,True,3691.0
1989,0.014512440995156615,2.602297143996996e-07,9.868535219637114e-08,3.52762906886829e-07,0.018830714422037025,True,3692.0
2870,-0.10026643189639374,2.6000280595718954e-07,3.534160493230703e-08,1.8285270599506085e-08,0.0010814937336980723,True,3693.0
1932,0.0015898166202688452,2.583282471767094e-07,6.248084932533604e-07,2.038780991610471e-05,0.531967682422546,True,3694.0
2369,0.0038477864193069275,2.583033839588401e-07,2.49678493333209e-07,3.366207333134707e-06,0.14008524715312679,True,3695.0
2149,-0.004210102068384422,2.5632030748376927e-07,2.6085965342491517e-07,3.2142893723620594e-06,0.12119091545263694,True,3696.0
427,0.10583106719655076,2.555125465832835e-07,5.11984694725723e-08,2.5096576787980864e-08,0.0019721356320376612,True,3697.0
656,0.13654781924270046,2.547575504211084e-07,2.5837342795209243e-08,9.815982216756177e-09,0.0006361727845282779,True,3698.0
3520,0.008371230514679626,2.5083238984948136e-07,1.8857452029088913e-07,1.168595998349835e-06,0.05553788408931866,True,3699.0
4051,0.007624771037637294,2.5017975374552096e-07,9.779876426694507e-08,6.653914938467613e-07,0.02162987467396145,True,3700.0
2397,-0.06762944973901104,2.4961627815299663e-07,5.569342453557339e-08,4.2720738686445504e-08,0.002990012087282906,True,3701.0
230,-0.06956344154926274,2.4908577865772945e-07,5.895479385016769e-08,4.396516925407184e-08,0.002990012087282906,True,3702.0
3126,0.0005185350017757987,2.470896716806704e-07,3.266441836476362e-07,3.267890806058853e-05,0.44315796170239835,True,3703.0
1359,-0.00851768661910201,2.470473556489493e-07,1.2709680169773525e-07,7.740760823279249e-07,0.0329537502385648,True,3704.0
2758,-0.0301220845497079,2.468618291530067e-07,6.20126718979003e-08,1.0679873409779593e-07,0.006298110566829951,True,3705.0
3210,-0.015252643316653295,2.4594733355992336e-07,1.7245520380791642e-07,5.865457246376368e-07,0.03467141675679115,True,3706.0
1632,-0.002167909482490371,2.4476615269464077e-07,4.481338805984798e-07,1.072351882997787e-05,0.3905464724219098,True,3707.0
1414,-0.015883005556809257,2.435198171376631e-07,1.856582220786573e-07,6.063902135023715e-07,0.03651631783192315,True,3708.0
1671,-0.06996585482111439,2.431226973421029e-07,7.975617863938803e-08,5.9135582235017054e-08,0.0046440613270564285,True,3709.0
1240,-0.01546587984573369,2.417921565759996e-07,1.8597333712699822e-07,6.238019623405119e-07,0.03651631783192315,True,3710.0
574,0.011099991792843138,2.3871356855076377e-07,2.747088507943294e-07,1.283868899733214e-06,0.07455945034671417,True,3711.0
549,0.012827630351783414,2.3820187447124265e-07,1.290728586868572e-07,5.219863863668832e-07,0.02729181245626312,True,3712.0
2573,-0.002388561275092051,2.3779358481323537e-07,3.504827991347232e-07,7.612039022417649e-06,0.2589859405814619,True,3713.0
1691,0.0316972286433591,2.3492850994813643e-07,1.1702456555035668e-07,1.9152542255925738e-07,0.013359628475093836,True,3714.0
995,0.035843240179000584,2.3461061833123115e-07,8.38913010010837e-08,1.2141723859750207e-07,0.008206628920414785,True,3715.0
334,-0.003699100519390544,2.341736181832093e-07,2.4044869801995795e-07,3.3720731027746226e-06,0.12538965583052358,True,3716.0
671,0.04294373587604248,2.3209810621688168e-07,4.2695854924060324e-08,5.1577059111434385e-08,0.0031808639226413894,True,3717.0
3029,0.00966258792501626,2.3045849930023376e-07,2.68027799019564e-07,1.438987646188575e-06,0.0837839557223742,True,3718.0
3497,-0.15813324237607101,2.2883874951995868e-07,3.022070424608771e-08,9.914072468124753e-09,0.0008270246198867613,True,3719.0
138,0.04832037704834458,2.2644243893661582e-07,7.552062449396889e-08,8.107854424156193e-08,0.005852789617660156,True,3720.0
583,0.04663573552736878,2.2595461323388503e-07,5.753196190383843e-08,6.39972095119055e-08,0.004135123099433806,True,3721.0
2727,0.11769388782944884,2.2595269615013293e-07,3.474863712074405e-08,1.5316324208924925e-08,0.0011451110121509002,True,3722.0
1227,0.006035820005798303,2.2506412540167828e-07,3.485422571629988e-07,2.995641534467897e-06,0.1664228004325975,True,3723.0
3340,-0.0055921897265902385,2.2299473689868784e-07,6.451015439989335e-08,5.984348382200209e-07,0.023920096698263248,True,3724.0
1637,-0.028320339392300397,2.2077812206694306e-07,3.750945407416475e-08,6.870889655243162e-08,0.0030536293657357338,True,3725.0
1527,-0.007225077030660835,2.1834417075295667e-07,1.8755480940987333e-08,1.3466551852473606e-07,0.004516826770150773,True,3726.0
1797,0.04825775422034695,2.1646708451591108e-07,5.880743737504202e-08,6.321728377995868e-08,0.004325974934792289,True,3727.0
4,-0.05440005867472614,2.1418103443197544e-07,4.14863242183065e-08,3.956182096283933e-08,0.0026719256950187673,True,3728.0
3312,0.14064534044485,2.136843926368582e-07,2.8244056157362336e-08,1.0417713316031047e-08,0.0007634073414339334,True,3729.0
382,0.100837419334557,2.1348353758592935e-07,3.927649114263843e-08,2.0206060261299597e-08,0.0016540492397735225,True,3730.0
87,0.07644105132364434,2.1159441322101413e-07,5.4674185391238946e-08,3.71044803698605e-08,0.0028627775303772503,True,3731.0
3438,-0.13188213896383869,2.112856012366043e-07,3.124956496293638e-08,1.2292173392979305e-08,0.0009542591767924168,True,3732.0
2474,-0.0045316300677815365,2.1075837261483635e-07,2.0818883275084713e-07,2.3832722969243234e-06,0.1211272981741841,True,3733.0
746,-0.08242366882266541,2.104995525524385e-07,4.878631442582393e-08,3.070554095048431e-08,0.002481073859660284,True,3734.0
3509,0.02169559007307743,2.099653068926964e-07,1.1617463061757992e-07,2.7778610484108175e-07,0.018258158915961574,True,3735.0
3661,-0.04443069859509394,2.0977621212670518e-07,7.064064027725004e-08,8.247876880480221e-08,0.006298110566829951,True,3736.0
573,-0.11769799100801859,2.0915847086532392e-07,2.5742122757732625e-08,1.134608391800631e-08,0.000890641898339589,True,3737.0
923,0.05514732040482487,2.0846009417668758e-07,5.209164176626463e-08,4.9002057378365276e-08,0.0031808639226413894,True,3738.0
112,0.13035558900145638,2.0693744826123058e-07,3.470148223779007e-08,1.3809852932383837e-08,0.0011451110121509002,True,3739.0
794,-0.0002066739599642548,2.0571020977855263e-07,2.0875725481926022e-08,5.23994225053803e-06,0.07570456135886507,True,3740.0
1824,0.08638146332675346,2.0548576620006208e-07,2.9593116044501347e-08,1.777218496667919e-08,0.0011451110121509002,True,3741.0
1823,-0.05064828463285917,2.0466056900917314e-07,6.100344012060442e-08,6.24827692963959e-08,0.004516826770150773,True,3742.0
1828,0.004763473470845748,2.0441355492634886e-07,2.896195357825353e-07,3.154095120257705e-06,0.16769514600165406,True,3743.0
2872,0.010520725136794208,2.0409978422699344e-07,1.557529760630041e-07,7.680002538402942e-07,0.041605700108149374,True,3744.0
3097,-0.02060412347702549,2.0325612624218375e-07,1.4244962668316347e-07,3.586557978577433e-07,0.024556269482791528,True,3745.0
2072,-0.008623846649321051,2.0252404937285793e-07,7.231102930958618e-08,4.349849214384803e-07,0.020611998218716204,True,3746.0
3032,0.05860615638878771,1.9977435637689374e-07,3.724469382834924e-08,3.2967943186614004e-08,0.0022266047458489725,True,3747.0
1312,-0.07207347659152602,1.988682470444868e-07,4.964576512698344e-08,3.5733653434607106e-08,0.0026083084165659394,True,3748.0
592,0.03278212542929299,1.9662561693147457e-07,5.739333354903996e-08,9.082282933675049e-08,0.005661937782301673,True,3749.0
2526,0.04690315281844985,1.9640799692277242e-07,5.6762837589593967e-08,6.278165285928157e-08,0.0039442712640753224,True,3750.0
1410,0.038472120884123294,1.9618633895960039e-07,6.383145507799688e-08,8.607148583166229e-08,0.006170876009924295,True,3751.0
935,-0.006430054885637069,1.9332459864181276e-07,1.1052565900358647e-07,8.917007200287324e-07,0.05025764997773395,True,3752.0
3494,0.000191146250160616,1.927578605580848e-07,1.9025455022488463e-08,5.163449740013965e-06,0.028118837076149882,True,3753.0
144,0.041124340601973744,1.924219012220609e-07,5.630294441255595e-08,7.102362654760777e-08,0.004389592213245117,True,3754.0
545,-0.0018303101700832122,1.9052531413044887e-07,1.085364534846303e-07,3.0762499380038955e-06,0.10999427444493924,True,3755.0
2841,-0.13935829391325544,1.862345650580139e-07,2.6440493028352756e-08,9.842545077068591e-09,0.0008270246198867613,True,3756.0
3544,0.0008939818678837715,1.8511772866157757e-07,2.2018347723201972e-08,1.2776935427132188e-06,0.02016667726954641,True,3757.0
2184,-0.026717527494164933,1.8411588247348575e-07,4.536951097053655e-08,8.809241527027244e-08,0.004962147719320568,True,3758.0
2272,-0.029202069823344796,1.8283342929478695e-07,4.0084391406846805e-08,7.120858295068289e-08,0.004453209491697945,True,3759.0
3481,0.0007147633524274431,1.82559131952376e-07,1.4607181736984625e-07,1.0601683622295063e-05,0.2202430180036898,True,3760.0
562,-0.04682088300630786,1.8233079850791164e-07,6.178735705194936e-08,6.845902397451832e-08,0.0053438513900375345,True,3761.0
1086,-0.023164283095237215,1.8231353493328415e-07,6.579176984604641e-08,1.4734092423937727e-07,0.009097270818754374,True,3762.0
413,-0.056221677871507614,1.822139888984392e-07,5.462890056346701e-08,5.0406824860468676e-08,0.0039442712640753224,True,3763.0
581,-0.08060972927799455,1.8216619970924191e-07,3.0388587111472354e-08,1.95566169798521e-08,0.0013359628475093836,True,3764.0
774,-0.014038715045903762,1.82089945981694e-07,1.4280218337669131e-07,5.276891601980104e-07,0.03734334245180991,True,3765.0
2610,0.051322146497152756,1.8170297643362959e-07,4.441460120050996e-08,4.489434494980666e-08,0.0034989503149055285,True,3766.0
3549,0.009867599452567582,1.8114189549806587e-07,1.3780389744303053e-07,7.244704446016828e-07,0.04453209491697945,True,3767.0
1140,0.07843525286563553,1.807570664750526e-07,3.0206081704196076e-08,1.9978081295873814e-08,0.001463197404415039,True,3768.0
1862,-0.05424054060078083,1.8049711469008271e-07,5.087760953160971e-08,4.866014209751897e-08,0.0036898021502640116,True,3769.0
2068,0.011454319126487538,1.7998088353718943e-07,7.594404994653189e-09,3.439498774321144e-08,0.00025446911381131113,True,3770.0
2666,-0.06250683290667428,1.7621702123489755e-07,3.471676156324347e-08,2.8812596435191673e-08,0.0018449010751320058,True,3771.0
1139,-0.0008873941754679578,1.7564129277032006e-07,4.017570415228321e-07,2.348646244010215e-05,0.6090718239073732,True,3772.0
2335,-0.0120134311750218,1.7548540200365142e-07,1.2440298464299444e-07,5.371980401550513e-07,0.03390800941535721,True,3773.0
3876,0.005233736698749875,1.7515790581340617e-07,2.489385993565783e-07,2.4674653107265834e-06,0.12717093962720274,True,3774.0
3907,-0.18276228955135232,1.728827452763555e-07,8.870227126069522e-09,2.5177861169037152e-09,0.00012723455690565557,True,3775.0
738,0.012908222945941383,1.7200689512606958e-07,5.136394677913701e-08,2.0642515235735446e-07,0.011260258286150519,True,3776.0
3321,-0.0014654211595563084,1.6898820472897797e-07,1.2099952486162693e-07,4.2834321407465685e-06,0.1513455054392773,True,3777.0
2388,0.002697347022704555,1.681402639779209e-07,8.306152895287136e-08,1.5974739391428857e-06,0.060309179973280745,True,3778.0
591,-0.02739376464878798,1.6751964042999948e-07,7.51406320558645e-08,1.4229636560657598e-07,0.010305999109358102,True,3779.0
1973,-0.006902463051928397,1.653035831728087e-07,5.992009227465215e-08,4.503384898811888e-07,0.020039442712640753,True,3780.0
2092,-0.0033398297068952263,1.6462563965940262e-07,2.2533223336490973e-07,3.5000131990910667e-06,0.16190597366244672,True,3781.0
1865,-0.0036616033191294237,1.6422063542860513e-07,2.464301788052881e-07,3.491349158191456e-06,0.16445066480055984,True,3782.0
3154,-0.0002471468466453627,1.6410015251845332e-07,1.7252191258249817e-08,3.6212613942539078e-06,0.02264775112920669,True,3783.0
3486,-0.031071611184408154,1.6332912168651637e-07,4.9208863116152086e-08,8.215807256197965e-08,0.005152999554679051,True,3784.0
2006,-0.027829503191405935,1.6268202041121485e-07,4.08064984965177e-08,7.606669751435008e-08,0.004516826770150773,True,3785.0
2798,0.003568199696649385,1.6207077846952049e-07,5.4482761100534836e-08,7.921011451075463e-07,0.0279279852407914,True,3786.0
3261,0.061802403579424105,1.618855068347207e-07,1.714997686541042e-08,1.4395569715498283e-08,0.0010178764552452445,True,3787.0
1600,-0.04093973907714833,1.6041896976744737e-07,4.387615260818059e-08,5.559735773197581e-08,0.00400788854252815,True,3788.0
1098,0.0010773842747857979,1.5962607286847596e-07,3.4380920555902807e-07,1.6554556587013052e-05,0.5053120427508111,True,3789.0
609,0.002787170011261029,1.592457318175283e-07,1.1546774353792022e-08,2.1491558123183062e-07,0.005852789617660156,True,3790.0
2091,0.0049445736541831944,1.582996838659243e-07,1.8663676180362003e-07,1.9581187430527285e-06,0.1039506329919206,True,3791.0
3047,-0.01852506055677812,1.582693956248512e-07,4.9607939367964275e-08,1.3891918778875443e-07,0.00890641898339589,True,3792.0
1319,0.04095120927220766,1.5673656681539158e-07,4.630759073351984e-08,5.866190196611029e-08,0.004198740377886634,True,3793.0
2293,-0.04035273477868398,1.5622338608687025e-07,5.428318063887185e-08,6.978514702689985e-08,0.0053438513900375345,True,3794.0
3751,0.0006002932849839916,1.5601842786115712e-07,9.25184196624098e-09,7.99531179765828e-07,0.006552579680641262,True,3795.0
2920,0.032173377628948965,1.548510358776754e-07,5.305774100393114e-08,8.555054553263416e-08,0.006170876009924295,True,3796.0
4080,-0.014250867851399255,1.5397496726971389e-07,8.783880454574478e-08,3.197538541513497e-07,0.02156625739550862,True,3797.0
4028,0.1710110450270889,1.536386598222421e-07,1.4751226921238326e-08,4.474810693623815e-09,0.0003817036707169667,True,3798.0
3488,-0.02961225735183253,1.5318841669943254e-07,3.269393917948767e-08,5.727517430960816e-08,0.003562567593358356,True,3799.0
2708,0.10787155985733926,1.5102425170481167e-07,2.3081733542813906e-08,1.1100234372144209e-08,0.0009542591767924168,True,3800.0
1735,0.029138962836812807,1.5091132829966974e-07,3.499058342998091e-08,6.229422377754144e-08,0.00400788854252815,True,3801.0
2655,-0.04222114280276178,1.4887602966416204e-07,3.601831538764179e-08,4.425517848479406e-08,0.0032444812010942172,True,3802.0
2646,-0.014153332606943413,1.4778938835248025e-07,8.098438657582673e-08,2.9683374294746523e-07,0.01819454163750875,True,3803.0
745,-0.1350268930238242,1.477877517175772e-07,1.6355019522485784e-08,6.283497932267115e-09,0.0005089382276226223,True,3804.0
3022,0.05398067955261557,1.4732057506298094e-07,1.912741293583603e-08,1.8381822604250764e-08,0.0010178764552452445,True,3805.0
2090,0.04095598117168737,1.4461759890131815e-07,3.951272915097519e-08,5.004842063456865e-08,0.0034989503149055285,True,3806.0
1021,-0.015077503374403337,1.4157415839156156e-07,5.2210224739530544e-08,1.7963742148380508e-07,0.010496850944716585,True,3807.0
2937,-0.022328476568264508,1.372024434469871e-07,7.09956170967714e-08,1.649465095252542e-07,0.012596221133659902,True,3808.0
3984,-0.10574706605356357,1.3579072675789013e-07,1.8523193395913114e-08,9.086951678920917e-09,0.0007634073414339334,True,3809.0
1207,0.07167482934812967,1.3469253480142144e-07,2.6755141886967565e-08,1.936472237846873e-08,0.0015904319613206947,True,3810.0
2506,0.20580442305400598,1.3464858399599637e-07,9.122318575115617e-09,2.2994354099214026e-09,0.00019085183535848336,True,3811.0
653,-0.012522527081335479,1.3307027244231753e-07,3.230237820016174e-08,1.3381758943002593e-07,0.0053438513900375345,True,3812.0
59,-0.018939507943337243,1.3169195600591325e-07,5.086617311580652e-08,1.3932564350285259e-07,0.009606209046376995,True,3813.0
3428,-0.023177605090391868,1.3137788562229245e-07,2.29026130159244e-08,5.1261010164709906e-08,0.0027991602519244225,True,3814.0
1220,-0.07807645819042931,1.2985101406528913e-07,9.049381103695657e-09,6.012698934948897e-09,0.00031808639226413895,True,3815.0
1385,0.10875479255930767,1.2948791675116024e-07,1.2894446336478076e-08,6.150706148555327e-09,0.0004453209491697945,True,3816.0
525,-0.04186095212058972,1.2942150411353956e-07,3.708437504514372e-08,4.5957092686051975e-08,0.003562567593358356,True,3817.0
3714,0.0007395238004359852,1.288419892250788e-07,2.635374492024497e-07,1.848676270451422e-05,0.46637826833768053,True,3818.0
1380,0.034633904722626625,1.2863505958763593e-07,3.404388817631126e-08,5.099274388830815e-08,0.0034353330364527007,True,3819.0
1959,-0.028731046219294835,1.277674288814614e-07,2.6762730285586922e-08,4.83225296019503e-08,0.0028627775303772503,True,3820.0
2120,0.005418520349724143,1.2719511141275368e-07,2.9374113751700694e-08,2.812255325627047e-07,0.012596221133659902,True,3821.0
372,0.14011908437666892,1.2547496321280104e-07,1.205249546799607e-08,4.462213752969724e-09,0.0003817036707169667,True,3822.0
3364,-0.0010952307292291293,1.2406460970903114e-07,6.312263987185779e-08,2.98985562287073e-06,0.07665882053565748,True,3823.0
2039,0.003861669437207757,1.2146043065257057e-07,1.801729755011029e-07,2.4203893879406787e-06,0.13811311152108913,True,3824.0
2470,0.04654897130057898,1.2109357470568393e-07,1.7969036346256963e-08,2.0025592920138312e-08,0.0012723455690565558,True,3825.0
2605,-0.025076460476648743,1.2094050658845907e-07,4.603242783134781e-08,9.522880380571627e-08,0.007443221578980851,True,3826.0
293,-0.022024407231142764,1.2077982913865362e-07,4.202135132061601e-08,9.89774977064024e-08,0.006934283351358229,True,3827.0
1867,0.026260812632669543,1.2041456356069035e-07,2.5395715322977388e-08,5.0167559374524596e-08,0.0031172466441885616,True,3828.0
3934,-0.008200336442790269,1.2035507465149086e-07,4.821984853786119e-09,3.050456633090795e-08,0.00012723455690565557,True,3829.0
1537,0.006795206015237445,1.2003335959109962e-07,9.961490420200197e-09,7.604880214631793e-08,0.0031808639226413894,True,3830.0
3881,-0.016364445656494045,1.19477670269201e-07,4.353793301452277e-08,1.3801846496399901e-07,0.009160888097207201,True,3831.0
2717,-0.07756785789914594,1.1756745704483237e-07,1.3694602226521722e-08,9.158794366095113e-09,0.0006361727845282779,True,3832.0
3916,-0.03132592967879732,1.1719738063033052e-07,3.0163983193028455e-08,4.995229034725329e-08,0.0031172466441885616,True,3833.0
2074,0.03862245889666991,1.1609018977604064e-07,3.232029844384809e-08,4.341163341360158e-08,0.003371715757999873,True,3834.0
3724,0.0038626468668667975,1.1591070208027218e-07,9.625044385047825e-08,1.292672231212212e-06,0.07882180800305363,True,3835.0
140,0.06633095178270143,1.1573885410160355e-07,2.1526880685803015e-08,1.683586981841021e-08,0.0013995801259622112,True,3836.0
2590,-0.007846651811812596,1.1496591081263783e-07,1.4767795930985956e-08,9.763420292578139e-08,0.004834913162414912,True,3837.0
473,0.130150327786009,1.116559152034119e-07,9.775759179019902e-09,3.896511052387471e-09,0.00031808639226413895,True,3838.0
3286,-0.0005048457515287065,1.1066251807586477e-07,9.768237594709701e-08,1.003756089205482e-05,0.21184553724791652,True,3839.0
3188,0.012077331176043886,1.0911799508124758e-07,1.5451417349947203e-08,6.636942148167312e-08,0.0036898021502640116,True,3840.0
1154,0.08420749311427342,1.0899829146973451e-07,1.4864533782219536e-08,9.157380039444735e-09,0.0007634073414339334,True,3841.0
2967,0.06515831210486989,1.0894409416366669e-07,1.5395040772927318e-08,1.2256929895608583e-08,0.000890641898339589,True,3842.0
466,-0.05145904336737939,1.0781444979841295e-07,1.9101504931277797e-08,1.9256464832976842e-08,0.001463197404415039,True,3843.0
1550,0.015815692404390395,1.0767903064980118e-07,6.312803621842002e-08,2.0706407370446283e-07,0.015713467777848465,True,3844.0
2297,0.019225808306417947,1.0687848898859903e-07,4.8704504982350754e-08,1.3141810790453914e-07,0.009669826324829824,True,3845.0
2379,0.15931553183033295,1.0559626403168376e-07,7.144856962765855e-09,2.3265163309861977e-09,0.00019085183535848336,True,3846.0
3729,0.03444497405539594,1.0457485288467177e-07,3.073512686532245e-08,4.6289216766773645e-08,0.0036261848718111838,True,3847.0
2360,-0.039613659133745614,1.0263653193553118e-07,1.9071234956020433e-08,2.49749450100035e-08,0.001781283796679178,True,3848.0
3287,0.054069996529751176,1.0257609300917164e-07,1.5731763931141865e-08,1.5093562706816902e-08,0.0010814937336980723,True,3849.0
1544,0.01170708148909499,1.0228190836750162e-07,3.933285725537465e-08,1.7429203429815136e-07,0.009351739932565686,True,3850.0
3565,-0.0027129146520957236,1.0126666188631081e-07,1.0915389228083162e-07,2.0872466842344893e-06,0.10471404033335453,True,3851.0
4061,-0.0053462182975432555,1.0113308150096836e-07,7.308264374902897e-08,7.091502262473192e-07,0.03918824352694192,True,3852.0
2167,0.0055537871096730035,9.96424331311435e-08,1.1000247857735184e-07,1.0275049598093427e-06,0.06393536484509192,True,3853.0
3835,0.01666013179739705,9.95003843267834e-08,4.3435556345955755e-08,1.3525011407145905e-07,0.009987912717093962,True,3854.0
313,-0.02338350040381299,9.939282695416157e-08,3.082653630130898e-08,6.838894283359504e-08,0.004962147719320568,True,3855.0
3237,-0.10889789540501248,9.878627173817817e-08,9.481849218373073e-09,4.516939176800946e-09,0.0003817036707169667,True,3856.0
204,0.02504242455688031,9.81332688130057e-08,3.01504002878661e-08,6.245790209144307e-08,0.0046440613270564285,True,3857.0
3754,-0.016479634615340202,9.671992067468756e-08,1.6991647612367923e-08,5.348827580672786e-08,0.002735542973471595,True,3858.0
3223,0.04238330766080095,9.614876183867252e-08,2.2458055803718408e-08,2.7488307102977732e-08,0.0022266047458489725,True,3859.0
1212,0.0055907126324645,9.582054776320994e-08,7.281490960031186e-08,6.756531863633639e-07,0.038933774413130603,True,3860.0
2276,0.026660065136603666,9.478506750636993e-08,2.921943228986372e-08,5.685664795342612e-08,0.004198740377886634,True,3861.0
3633,0.03368330541220598,9.454318827333246e-08,1.3256677562158805e-08,2.0416941026724092e-08,0.001208728290603728,True,3862.0
669,-0.09728222141526256,9.422812221643942e-08,6.926666887006327e-09,3.693699048520701e-09,0.00025446911381131113,True,3863.0
1283,-0.019676527919126382,9.390114656378876e-08,3.9584360996875386e-08,1.043628322649216e-07,0.008143011641961956,True,3864.0
1732,0.00840515560071263,9.374399903851934e-08,5.1634636106110526e-08,3.1868824694525615e-07,0.019085183535848337,True,3865.0
3050,-0.003972712878701731,9.33939433089072e-08,1.4503675373062506e-07,1.8939197661689745e-06,0.12239964374324067,True,3866.0
2773,0.020195889756425944,9.287923192007882e-08,2.172952321447909e-08,5.5815894634308525e-08,0.0038170367071696672,True,3867.0
2004,0.007487866122948958,9.243318408760189e-08,8.69251051522438e-08,6.022236933755379e-07,0.04262357656339462,True,3868.0
1536,0.0061754302222614115,9.168000014719227e-08,3.963976199335076e-08,3.32992539575932e-07,0.018894331700489854,True,3869.0
2578,-0.06430820625830463,9.147854155840405e-08,1.3976733349920047e-08,1.1274829106478285e-08,0.0009542591767924168,True,3870.0
2822,-0.00045828319553139666,9.00813786249381e-08,4.0429664406327115e-08,4.576536052923618e-06,0.08728290603727973,True,3871.0
3539,0.004116488260297433,9.00475229664654e-08,3.076187495086218e-08,3.8766501123801375e-07,0.018512628029772885,True,3872.0
1480,0.03588237925401669,8.948865588165593e-08,2.034324944226608e-08,2.941099900568603e-08,0.0022902220243018003,True,3873.0
599,0.05355452309330303,8.873426447106975e-08,1.5706799925432436e-08,1.5214659580989264e-08,0.0012723455690565558,True,3874.0
2864,0.05503699460041237,8.810340242930096e-08,1.5195021244527607e-08,1.4322449033450656e-08,0.001208728290603728,True,3875.0
2595,0.007875102647323357,8.738732464277377e-08,3.682467712541642e-08,2.4257911578170417e-07,0.014186653094980597,True,3876.0
2650,0.0346683790322532,8.703479956131761e-08,2.0003122745330042e-08,2.993194565916138e-08,0.002353839302754628,True,3877.0
896,0.0024170777727389493,8.672796362412735e-08,5.557437264224486e-09,1.1927642902272172e-07,0.002417456581207456,True,3878.0
1362,-0.0002421719802500324,8.63766925437287e-08,1.5626286714110888e-07,3.3473612152859744e-05,0.4996501049685094,True,3879.0
1232,-0.03878227689750624,8.613609525070012e-08,6.8171802029386595e-09,9.11889375211695e-09,0.0004453209491697945,True,3880.0
1066,0.10486030443901903,8.580955672115098e-08,4.485210987364099e-09,2.218924101370936e-09,0.00012723455690565557,True,3881.0
714,-0.046560122537169166,8.448865047014598e-08,1.6796936478902073e-08,1.8714862880727645e-08,0.0015904319613206947,True,3882.0
3076,0.016309736766801045,8.433728034982576e-08,2.0677129561920865e-08,6.576790101499363e-08,0.0038170367071696672,True,3883.0
174,-0.00044003617298523696,8.381699554445867e-08,3.767564125476268e-08,4.441635936391658e-06,0.09930657166486417,True,3884.0
1087,0.00934593077014503,8.342898254794884e-08,2.888991562128826e-08,1.6035939090790735e-07,0.01005152999554679,True,3885.0
912,-0.0033184716333992128,8.334233642786703e-08,1.165240133324471e-07,1.8215789916356218e-06,0.11368407659520326,True,3886.0
639,-0.03088738729396746,8.324562169210501e-08,1.4549415227599933e-08,2.4436277536233693e-08,0.0015268146828678669,True,3887.0
3146,-0.024315827738455278,8.323371087589342e-08,1.8623336679107896e-08,3.973188052818509e-08,0.0027991602519244225,True,3888.0
1741,-0.07855945690152905,8.246699362022588e-08,9.155035207345183e-09,6.045500071642773e-09,0.0005089382276226223,True,3889.0
2764,0.02979221341610261,8.008771229924013e-08,1.824794112595123e-08,3.177472386019738e-08,0.002481073859660284,True,3890.0
3887,0.0168679943218336,7.858448254014118e-08,2.9887581132746347e-08,9.191745818117293e-08,0.007315987022075195,True,3891.0
1238,0.02111053547451936,7.84155292546851e-08,6.9338793641380724e-09,1.703914176872106e-08,0.0007634073414339334,True,3892.0
3895,-0.06927745897113032,7.811054142515443e-08,8.645254206550267e-09,6.473758620410909e-09,0.0005089382276226223,True,3893.0
846,-0.015202705899177098,7.782514260584985e-08,3.742451666020946e-08,1.277044380510392e-07,0.009924295438641135,True,3894.0
3932,0.20072795286536185,7.772674562235241e-08,3.0370352621051863e-09,7.848969893182482e-10,6.361727845282778e-05,True,3895.0
558,0.010437929423652969,7.75391462069063e-08,2.3214034927829325e-08,1.1537373751942257e-07,0.00661619695909409,True,3896.0
3688,-0.0583459436077444,7.715711478852082e-08,5.2436742505754076e-09,4.6622517517819255e-09,0.00025446911381131113,True,3897.0
2751,0.04356686614822574,7.705172179263272e-08,1.3934507636750985e-08,1.6592277051856174e-08,0.0013359628475093836,True,3898.0
2263,0.036237886128972815,7.702123222574482e-08,8.690821471366259e-09,1.2441382919375864e-08,0.0006997900629811056,True,3899.0
2456,0.021210763721289213,7.666708908868244e-08,1.2434624621340297e-08,3.04121453440552e-08,0.0021629874673961447,True,3900.0
2634,0.014166768955238277,7.580517550025297e-08,1.0210133701108523e-08,3.738791979535896e-08,0.001463197404415039,True,3901.0
3269,-0.007050838756728915,7.565016990930383e-08,3.5821475207757974e-08,2.6355627957135693e-07,0.0160315541701126,True,3902.0
3648,0.011739409955629861,7.545733956817151e-08,1.4825982001201348e-08,6.551607687080048e-08,0.003308098479547045,True,3903.0
647,0.007884774424684896,7.43335093152599e-08,4.478944038614572e-08,2.946843332511996e-07,0.020484763661810547,True,3904.0
411,-7.720344028569526e-05,7.412214847056184e-08,1.857245277717901e-07,0.00012479675520186785,0.8087664609707996,True,3905.0
2898,0.010396868422848482,7.331657774349062e-08,9.726806634423147e-09,4.853314319175261e-08,0.002417456581207456,True,3906.0
3071,0.006912861455248281,7.30763099204411e-08,2.0363170919995965e-08,1.5281227375662342e-07,0.009097270818754374,True,3907.0
3673,0.00089854404363897,7.29845390827388e-08,7.109721083788422e-08,4.104723220833601e-06,0.15808893695527707,True,3908.0
1866,-0.019715870828910256,7.265431090553063e-08,2.218802443925548e-08,5.8381245463994974e-08,0.004516826770150773,True,3909.0
584,-0.07117105504828092,7.237583320122053e-08,3.6912566089784447e-09,2.6905527923050184e-09,0.00012723455690565557,True,3910.0
2697,-0.005328709872544578,7.222710199518147e-08,1.6000473841864616e-08,1.5576915111842165e-07,0.007952159806603474,True,3911.0
2443,-0.07849387636627282,7.15814498354509e-08,6.872428502791145e-09,4.541979164950749e-09,0.0003817036707169667,True,3912.0
1463,0.09714744589110037,7.109947478805299e-08,5.567881685579167e-09,2.973235403138327e-09,0.00025446911381131113,True,3913.0
983,-0.007936875167272055,7.065449413212736e-08,3.754852754121202e-08,2.4542231336323267e-07,0.0160315541701126,True,3914.0
3710,-0.001387329517387949,7.051923120236527e-08,7.970969587920055e-09,2.980589792539322e-07,0.007824925249697818,True,3915.0
2731,0.006510555711091257,7.044313500570792e-08,2.1859898404788194e-08,1.7418099373312959e-07,0.010305999109358102,True,3916.0
3306,-0.031030515347250133,6.990805082014769e-08,1.6324341120281445e-08,2.7290868535224373e-08,0.0022902220243018003,True,3917.0
1387,0.014019009702125515,6.977596240972628e-08,3.0656498271841546e-08,1.1344252753796967e-07,0.008842801704943063,True,3918.0
2785,0.007428263485355165,6.930244422827644e-08,4.9280653833292685e-08,3.4415956604505966e-07,0.026019466887206567,True,3919.0
3870,-0.04260720017409048,6.91377033953891e-08,1.1919268042442728e-08,1.4512334300852084e-08,0.001208728290603728,True,3920.0
1011,0.05183213352801343,6.803502070555252e-08,7.715989305094729e-09,7.722594217946283e-09,0.0005725555060754501,True,3921.0
1287,0.027160463463763135,6.790927555670855e-08,1.631227187835737e-08,3.115644937348569e-08,0.002417456581207456,True,3922.0
1645,0.022263156189893777,6.700660721076666e-08,1.969593399131763e-08,4.589448820979669e-08,0.0038170367071696672,True,3923.0
251,0.0015650065769557,6.646466887027387e-08,1.1677600206608705e-07,3.870865844902542e-06,0.19466887206565303,True,3924.0
1914,-0.019541927917777098,6.631808631264764e-08,2.0782101642887468e-08,5.516869892084641e-08,0.004325974934792289,True,3925.0
3170,-0.014185221281512058,6.619169552662176e-08,1.8409262082762425e-08,6.732416100308038e-08,0.0042623576563394616,True,3926.0
810,-0.00024246733994994822,6.552655162236559e-08,1.2378269736279978e-07,2.648362187562117e-05,0.521598066034735,True,3927.0
3890,-0.07323462969658401,6.503058906992111e-08,6.24372921839775e-09,4.422809710158765e-09,0.0003817036707169667,True,3928.0
2816,-0.006694102212648365,6.478037502016517e-08,3.539348699005274e-08,2.742847719707851e-07,0.019085183535848337,True,3929.0
1165,0.04530862946800101,6.465444565829417e-08,9.080205492321982e-09,1.0396458776078243e-08,0.0008270246198867613,True,3930.0
3472,0.10380438997237776,6.439622149660907e-08,4.364437239306413e-09,2.1811383629664474e-09,0.00019085183535848336,True,3931.0
1164,0.00493719165216067,6.385683105803696e-08,2.1364815617477172e-08,2.2448630281896558e-07,0.012150900184490108,True,3932.0
176,-0.0010549858075577562,6.265907208648735e-08,9.093419706790453e-08,4.471480111947113e-06,0.20389337744131306,True,3933.0
2848,-0.02422603203037493,6.246164116827578e-08,7.89106829486508e-09,1.689756786165192e-08,0.0010178764552452445,True,3934.0
3650,0.02098196133928247,6.242564965805225e-08,1.2659812206691198e-08,3.1300542535294776e-08,0.0022902220243018003,True,3935.0
150,0.07033964208859372,6.088597862720376e-08,5.322950595592043e-09,3.9257529476522105e-09,0.00031808639226413895,True,3936.0
2081,-0.07289083198433058,6.009458732035542e-08,5.2656766007583e-09,3.747589035844235e-09,0.00031808639226413895,True,3937.0
696,0.08261761824364222,5.993969998434658e-08,4.694025385099213e-09,2.9474296463295617e-09,0.00025446911381131113,True,3938.0
275,-0.006857059238177903,5.826150130711928e-08,3.1806257968777006e-08,2.406275559396854e-07,0.015204529550225842,True,3939.0
2523,-0.038390552292965445,5.819300826374276e-08,3.4003500976541205e-09,4.594835399245305e-09,0.00019085183535848336,True,3940.0
1679,0.05827743636132338,5.815069517057074e-08,6.029610637783742e-09,5.36734502913266e-09,0.0004453209491697945,True,3941.0
2323,0.002862723894932279,5.804481421412139e-08,1.9418840992077147e-08,3.518961592913214e-07,0.020802850054074687,True,3942.0
1324,0.008934530815663005,5.7901185794576666e-08,1.4417760095200417e-08,8.371373673398698e-08,0.004389592213245117,True,3943.0
1131,0.051559801155037804,5.7813977841870374e-08,6.810154169330289e-09,6.851984851233668e-09,0.0005725555060754501,True,3944.0
1122,-0.03405301278370624,5.564270491479338e-08,9.305732189122558e-09,1.4176391312880362e-08,0.0011451110121509002,True,3945.0
636,-0.011524890356517749,5.561361261366062e-08,1.4684948044065917e-08,6.61007361583604e-08,0.004453209491697945,True,3946.0
565,0.0012371285145752753,5.552755144518622e-08,5.387550508090997e-08,2.25916120648617e-06,0.09447165850244926,True,3947.0
285,0.048277818080295035,5.519378696538422e-08,6.048835577255519e-09,6.499722718491115e-09,0.0005089382276226223,True,3948.0
2617,0.04224535332131717,5.5143231896764836e-08,7.517846149233458e-09,9.231774152717328e-09,0.0007634073414339334,True,3949.0
495,-0.0230506292367369,5.359148711155301e-08,1.2194715223073993e-08,2.7444767874747747e-08,0.0022266047458489725,True,3950.0
2775,-0.003046668998112875,5.307762590698619e-08,2.150410550877484e-08,3.6615653794978427e-07,0.01921241809275399,True,3951.0
2873,-0.009540773026861437,5.07079586246235e-08,1.0414084496152795e-08,5.6625000276775744e-08,0.0036261848718111838,True,3952.0
2780,-0.00010525590003398401,4.999852120196053e-08,8.414905763975316e-09,4.147376780109826e-06,0.02799160251924423,True,3953.0
1389,-0.00581021204514026,4.9953553076714125e-08,2.3337961490919823e-08,2.0837308462478026e-07,0.012723455690565558,True,3954.0
3563,-0.06850109628186717,4.9833156036730125e-08,3.902729181765253e-09,2.955572235010565e-09,0.00025446911381131113,True,3955.0
2546,-0.03383791382451578,4.959183921968095e-08,6.839950553733731e-09,1.0486246595534123e-08,0.000890641898339589,True,3956.0
2283,-0.010303852400383876,4.9496883850945004e-08,1.937678978803218e-08,9.755575248045974e-08,0.007379604300528023,True,3957.0
2939,-0.02351505723667834,4.889930176328943e-08,8.445603189507716e-09,1.8631821577896262e-08,0.0015268146828678669,True,3958.0
2440,0.01653592450255788,4.808232228950771e-08,1.0702862500212247e-08,3.357702001533365e-08,0.002353839302754628,True,3959.0
3622,-0.016247730937943166,4.735883412103709e-08,1.4205449799802191e-08,4.5355812937387095e-08,0.0036898021502640116,True,3960.0
2868,0.09001660068169005,4.716187570649862e-08,2.6068740175256565e-09,1.5023396149518978e-09,0.00012723455690565557,True,3961.0
4074,0.020763670777835905,4.714071815615835e-08,6.7225244618353315e-09,1.6795732194053578e-08,0.0011451110121509002,True,3962.0
2414,0.01899598899530565,4.7134661609930425e-08,8.623373270142015e-09,2.3549731518770986e-08,0.0016540492397735225,True,3963.0
510,0.04707581187528674,4.680157016989227e-08,2.3626821824871478e-09,2.603623434284171e-09,0.00012723455690565557,True,3964.0
1468,-0.011015314583834573,4.655890587853773e-08,5.4174314145857345e-09,2.55133332347014e-08,0.0012723455690565558,True,3965.0
3278,-0.07246588630303341,4.616799200199202e-08,3.1281399891572937e-09,2.239356595369398e-09,0.00019085183535848336,True,3966.0
2545,0.07482742616060895,4.609999497255599e-08,3.124630067732489e-09,2.1662495464994667e-09,0.00019085183535848336,True,3967.0
2449,0.054640778812543964,4.602533343273213e-08,4.022514683387792e-09,3.819015680027945e-09,0.00031808639226413895,True,3968.0
442,0.0075453067422837335,4.574065000436701e-08,1.9600710201860632e-08,1.3476142414020817e-07,0.009606209046376995,True,3969.0
674,-0.009458963986972014,4.555341568310152e-08,1.8255215790774656e-08,1.0011844214116871e-07,0.007506838857433679,True,3970.0
4070,0.002948694936215716,4.5091841319618694e-08,4.681976761574117e-08,8.237019499536832e-07,0.05407468668490362,True,3971.0
2115,0.003025965956033434,4.441732762557995e-08,6.699104667858164e-09,1.148479929418218e-07,0.005725555060754501,True,3972.0
1328,0.035705313881861836,4.31016534502185e-08,5.3550346011828386e-09,7.780367487196575e-09,0.0006361727845282779,True,3973.0
2243,0.00185710439701945,4.0205429883114793e-08,2.8982016800573282e-08,8.095859636071892e-07,0.0451046504230549,True,3974.0
2774,-0.017334963306431042,3.9779663836684764e-08,9.438554662203234e-09,2.8245759234707992e-08,0.0022902220243018003,True,3975.0
1323,-0.03557662758068828,3.9723038455859365e-08,4.683392182878172e-09,6.829146563513786e-09,0.0005725555060754501,True,3976.0
39,-0.000672807986138467,3.936104574753224e-08,9.75819296899675e-09,7.524002800054413e-07,0.030917997328074306,True,3977.0
332,0.011143439932045545,3.884672758616622e-08,9.52877584320521e-09,4.435969163811999e-08,0.0030536293657357338,True,3978.0
2260,-0.015078912222415482,3.854930532721758e-08,7.027552664398113e-09,2.4177131913477088e-08,0.001781283796679178,True,3979.0
448,-0.0007743973799712226,3.839468628561712e-08,4.333129795256258e-08,2.9027424723114507e-06,0.12125453273108977,True,3980.0
3959,0.043090226451761734,3.532363983179284e-08,3.092569310123622e-09,3.723156994991273e-09,0.00031808639226413895,True,3981.0
3572,0.054315021102485136,3.519442028886333e-08,2.384220388461307e-09,2.277178785193909e-09,0.00019085183535848336,True,3982.0
2894,0.0015495004146476527,3.5191264620340665e-08,1.651818371251793e-08,5.530205622710391e-07,0.024238183090527388,True,3983.0
3328,-0.09606916718235371,3.495976642019908e-08,1.3659911079896127e-09,7.376231369155762e-10,6.361727845282778e-05,True,3984.0
44,-0.028810268549334307,3.495117329450673e-08,3.742483433420985e-09,6.7388108174035435e-09,0.0005725555060754501,True,3985.0
1557,0.022852555563808396,3.389415899528967e-08,4.4782126640317456e-09,1.0165778072993218e-08,0.0007634073414339334,True,3986.0
1304,0.027344835946830327,3.380265543332395e-08,3.603584805681446e-09,6.8364416146093316e-09,0.0005089382276226223,True,3987.0
3080,0.02540989769881382,3.368232209392732e-08,2.278688026925775e-09,4.652138525226851e-09,0.00025446911381131113,True,3988.0
2588,0.03946573622481167,3.364422513130557e-08,2.9433845239113584e-09,3.868988843846378e-09,0.00031808639226413895,True,3989.0
195,-0.01764114377838128,3.293885916366391e-08,6.674553766309328e-09,1.9627553984992858e-08,0.0016540492397735225,True,3990.0
1336,-0.07711370078894135,3.28329499853667e-08,1.282889513333969e-09,8.630349695958716e-10,6.361727845282778e-05,True,3991.0
981,-0.042976141454574845,3.214633297429883e-08,2.516749187618086e-09,3.037968041538752e-09,0.00025446911381131113,True,3992.0
2462,0.023247604688834897,3.211776273694974e-08,4.7385234146945846e-09,1.0573907408198888e-08,0.000890641898339589,True,3993.0
2930,0.08231164265010858,3.140131217170722e-08,1.2269507950995496e-09,7.732796155885705e-10,6.361727845282778e-05,True,3994.0
3935,0.00019824694207397405,3.1302353328547995e-08,4.123622533997377e-08,1.0790537822747204e-05,0.25714103950632994,True,3995.0
3659,0.008500791454480017,3.005630100351596e-08,3.224268573451701e-09,1.9676259089982616e-08,0.0010814937336980723,True,3996.0
15,-0.05780337546904139,2.9452842965100405e-08,1.6287030379379445e-09,1.4617038491968837e-09,0.00012723455690565557,True,3997.0
1267,0.00241492957452852,2.9166331472950624e-08,1.0152441173190675e-08,2.1809047372332594e-07,0.011641961956867486,True,3998.0
2639,-0.0022607165524040013,2.803792786626835e-08,1.5596164902032477e-09,3.57884087243403e-08,0.0004453209491697945,True,3999.0
2362,0.0016184435070944808,2.7744427697402265e-08,1.0683545974599506e-08,3.424432127443552e-07,0.018639862586678543,True,4000.0
3162,0.0004989863733831824,2.741016363301996e-08,2.7370864452905007e-08,2.845578116998251e-06,0.11654685412558051,True,4001.0
1365,-0.053918651530731075,2.7299235422477754e-08,1.5096429367303842e-09,1.4524657538133648e-09,0.00012723455690565557,True,4002.0
3903,-0.021288146458831664,2.6855056420582354e-08,1.8198465010113712e-09,4.434734176992776e-09,0.00025446911381131113,True,4003.0
1288,0.00395817292112356,2.613662814219405e-08,1.190513648003833e-08,1.560307871412935e-07,0.011641961956867486,True,4004.0
2160,-7.375700467189181e-05,2.598236565084345e-08,5.041735379594724e-08,3.546071274341251e-05,0.5495260512755265,True,4005.0
3084,0.02343252734903415,2.5807571091704698e-08,2.3672930889121143e-09,5.240872350371104e-09,0.0003817036707169667,True,4006.0
1423,-0.0007604138496788531,2.5763000766017945e-08,2.5365696900157526e-08,1.7304835081011898e-06,0.09122717730135504,True,4007.0
1733,0.004501841146167427,2.5471138913378323e-08,9.827363214446563e-09,1.1324460614776227e-07,0.0080157770850563,True,4008.0
718,-0.008042247151913134,2.5411784842567648e-08,4.265217396265778e-09,2.7512777790423394e-08,0.0018449010751320058,True,4009.0
1326,-0.009498873448717625,2.5249634629497532e-08,4.746856917670579e-09,2.5924161823555122e-08,0.001781283796679178,True,4010.0
2579,-0.00026927308796977214,2.4760858545555164e-08,3.20276116496598e-08,6.170243274641398e-06,0.22475984477384056,True,4011.0
1639,0.02610723838762085,2.4656443888043647e-08,2.3633266066718933e-09,4.696058450866157e-09,0.0003817036707169667,True,4012.0
1112,0.02657349141156877,2.39063362760376e-08,1.8438791165673604e-09,3.599602220630203e-09,0.00025446911381131113,True,4013.0
3589,0.007379388716124246,2.3667355848634263e-08,6.198857643421818e-09,4.3577464660438997e-08,0.0032444812010942172,True,4014.0
1344,0.01238097986691432,2.351232022674224e-08,4.866930676738072e-09,2.0392516726743205e-08,0.0017176665182263504,True,4015.0
4088,0.0075906169772859775,2.274861207638718e-08,6.3591978174948355e-09,4.34606224160877e-08,0.003371715757999873,True,4016.0
767,-0.024890643566271374,2.244003475795147e-08,1.4345312761216637e-09,2.9898168132766717e-09,0.00019085183535848336,True,4017.0
934,0.015909020491573063,2.1680965921416435e-08,1.6399206695042927e-09,5.347491251973779e-09,0.00031808639226413895,True,4018.0
2597,0.0010717285358767602,2.072088297964657e-08,7.544815606481661e-09,3.6520315440427265e-07,0.020802850054074687,True,4019.0
481,-0.00845127927306138,2.043970236613516e-08,2.2394152099184066e-09,1.3746206211247382e-08,0.0007634073414339334,True,4020.0
3964,0.014469376516430217,2.039382404361803e-08,3.007758817242504e-09,1.07836026070733e-08,0.000890641898339589,True,4021.0
2908,-0.029246985718659798,1.9737818555704997e-08,1.3361766068247622e-09,2.3700277729514666e-09,0.00019085183535848336,True,4022.0
417,0.054399677796708276,1.9564960297722907e-08,7.644662574008912e-10,7.290086438761654e-10,6.361727845282778e-05,True,4023.0
1794,0.01270552947569042,1.9247287909272398e-08,2.0424561478164314e-09,8.339320345385204e-09,0.0005725555060754501,True,4024.0
3753,0.006134933280096849,1.9136509783171216e-08,5.07733431552868e-09,4.293353029191988e-08,0.0032444812010942172,True,4025.0
1903,-0.013116100963401708,1.8943872226243393e-08,2.109802435618703e-09,8.344642252708344e-09,0.0006997900629811056,True,4026.0
3311,0.0359620780664506,1.870914783959066e-08,1.034108524662101e-09,1.4917361799293797e-09,0.00012723455690565557,True,4027.0
2033,-0.008056242985556659,1.828040432986266e-08,3.477496028145303e-09,2.2392612786609428e-08,0.0017176665182263504,True,4028.0
1638,0.035249981912685927,1.800524378985779e-08,9.956837244684959e-10,1.465322418056072e-09,0.00012723455690565557,True,4029.0
2053,-0.021989866977503086,1.7728526083690896e-08,1.3745658862274844e-09,3.2427513104717887e-09,0.00025446911381131113,True,4030.0
1219,-0.027026605264065525,1.734469427760411e-08,1.1749030535629275e-09,2.255180035488563e-09,0.00019085183535848336,True,4031.0
1879,0.011171441104942585,1.6561931481769485e-08,2.2945139617388855e-09,1.0654968954111802e-08,0.0008270246198867613,True,4032.0
2001,-0.002737437041275265,1.6369741958033148e-08,4.3717287893866836e-09,8.284756650323474e-08,0.0046440613270564285,True,4033.0
2322,-0.0016376134434045097,1.6338195397247106e-08,3.708336685678698e-09,1.1747310471802362e-07,0.005534703225396017,True,4034.0
3407,-0.04389248642407982,1.6316540159609266e-08,6.375399796236619e-10,7.535080996374715e-10,6.361727845282778e-05,True,4035.0
3784,-0.0029873182061225237,1.6196281043111236e-08,6.547433272173277e-09,1.1369995154906272e-07,0.008524715312678923,True,4036.0
649,-0.031518783371401286,1.5912561246448806e-08,8.799358739234274e-10,1.4482790973717813e-09,0.00012723455690565557,True,4037.0
32,0.0008239513104650424,1.5356260881438713e-08,1.0057485407379013e-08,6.332257201545341e-07,0.03626184871811184,True,4038.0
742,0.00041762739970952563,1.5069054481706947e-08,3.62599914216224e-09,4.5041142394844195e-07,0.020293911826452064,True,4039.0
1384,-0.012710599136938876,1.4827003327515237e-08,1.4811792086312442e-09,6.045222208995699e-09,0.0004453209491697945,True,4040.0
3363,-0.027852955186719777,1.453260281532647e-08,8.034422189551373e-10,1.4964218915493558e-09,0.00012723455690565557,True,4041.0
2463,-0.014471529465586422,1.4117059245155367e-08,8.773757103625804e-10,3.1451535865312695e-09,0.00019085183535848336,True,4042.0
2765,-0.02871250408602789,1.3905059867655678e-08,5.433156476785428e-10,9.81639051887458e-10,6.361727845282778e-05,True,4043.0
3855,0.007251695050330824,1.366304529920618e-08,2.33504479463313e-09,1.67042264104019e-08,0.0012723455690565558,True,4044.0
3647,-0.0046115307683002055,1.2268478516024038e-08,2.8918958791648823e-09,3.253180991799948e-08,0.002481073859660284,True,4045.0
360,0.022352482147126176,1.1855280205713248e-08,6.545489194486895e-10,1.5191023579071164e-09,0.00012723455690565557,True,4046.0
2512,-2.224193309884663e-05,1.1612979678147565e-08,6.6977351876988505e-09,1.56216220674858e-05,0.24352694191742477,True,4047.0
349,-0.003510829199647665,1.1571438155742926e-08,3.3582867786517243e-09,4.962251391695325e-08,0.0039442712640753224,True,4048.0
2513,0.011067331266889219,1.1009312799053738e-08,1.142275710597421e-09,5.354250881866643e-09,0.0004453209491697945,True,4049.0
3560,-0.0048545401132468686,1.0793358906392251e-08,1.504009096091637e-09,1.6072115808058483e-08,0.0011451110121509002,True,4050.0
1273,0.009975278684774306,1.0696886706290985e-08,1.0949697599428341e-09,5.694397394448954e-09,0.0004453209491697945,True,4051.0
999,0.003803029459519472,1.0289015227951877e-08,2.1262891487644534e-09,2.9004362041296263e-08,0.0022902220243018003,True,4052.0
1672,-0.023617743369222472,9.324249251359998e-09,3.6432856595625743e-10,8.002496804330462e-10,6.361727845282778e-05,True,4053.0
100,-0.001701118486875857,9.237930002912133e-09,3.9536598701449475e-09,1.205689349559631e-07,0.009097270818754374,True,4054.0
61,0.008176309448698436,9.232044860051373e-09,1.0872409995128723e-09,6.898254065529216e-09,0.0005725555060754501,True,4055.0
3856,0.024104270732465922,9.140102147165932e-09,3.571333432002525e-10,7.686118697239455e-10,6.361727845282778e-05,True,4056.0
1982,0.00016136912965450083,7.263013434800633e-09,4.8123986564093825e-09,1.5470766255100856e-06,0.059673007188752465,True,4057.0
3232,-0.004759453954789721,6.634915626566065e-09,9.789251681521497e-10,1.066996633116085e-08,0.000890641898339589,True,4058.0
878,0.006863682791376332,6.60858521701994e-09,6.343054139434787e-10,4.794153092580091e-09,0.0003817036707169667,True,4059.0
2162,0.016641893291058998,6.486979329577269e-09,2.5346725648587837e-10,7.901141060297901e-10,6.361727845282778e-05,True,4060.0
3480,0.014914379222743,5.9616897002664905e-09,2.3294249227169046e-10,8.102410088841732e-10,6.361727845282778e-05,True,4061.0
31,-0.005233603654108742,5.8454250218116975e-09,6.880589933750726e-10,6.8201751816108366e-09,0.0005725555060754501,True,4062.0
3444,-0.009360924210136824,5.043872877642983e-09,2.782574659690521e-10,1.5420511552411045e-09,0.00012723455690565557,True,4063.0
3672,0.009317542141246688,5.043789269580382e-09,2.787580386302482e-10,1.5520178746511392e-09,0.00012723455690565557,True,4064.0
1963,-0.000695590944991109,4.385270789482596e-09,1.2392662892644493e-09,9.242328498906618e-08,0.005216616833131879,True,4065.0
2712,-0.005446770071753043,3.441587449950237e-09,2.332380124770082e-10,2.221421514667878e-09,0.00019085183535848336,True,4066.0
3585,-0.0004099982630641385,2.8808722936250134e-09,5.731981872976849e-10,7.252595826304336e-08,0.00400788854252815,True,4067.0
4031,0.0033296712529784257,2.7158411967584198e-09,2.3797275477245593e-10,3.7076315206795108e-09,0.00031808639226413895,True,4068.0
3324,0.004066132180363345,2.6102836694243466e-09,1.768414437094515e-10,2.2561773948652213e-09,0.00019085183535848336,True,4069.0
2548,0.0035328843087921594,1.7721500304886421e-09,9.800005534365297e-11,1.4390225163235922e-09,0.00012723455690565557,True,4070.0
3719,-0.002906383321428633,1.1127057464871038e-09,4.347701118026166e-11,7.760281450865159e-10,6.361727845282778e-05,True,4071.0
660,-0.000292819853053559,1.078776600076843e-09,3.451949187375091e-10,6.115536466754341e-08,0.0046440613270564285,True,4072.0
3849,-0.0019929344175795864,1.0170180220205426e-09,5.62342576207025e-11,1.4637895520809993e-09,0.00012723455690565557,True,4073.0
3696,-0.0017659106161132592,6.449547795730273e-10,2.5200468543265876e-11,7.403048291821986e-10,6.361727845282778e-05,True,4074.0
3259,2.1843449588655907e-05,9.893914007537483e-11,3.089284135938865e-11,7.33681070080014e-08,0.004834913162414912,True,4075.0
113,0.20237711367676814,0.0,0.0,0.0,0.0,False,
182,0.14583050089222713,0.0,0.0,0.0,0.0,False,
273,-0.00587845492933173,0.0,0.0,0.0,0.0,False,
685,-0.1104578963150343,0.0,0.0,0.0,0.0,False,
734,0.03659269731961585,0.0,0.0,0.0,0.0,False,
898,-0.04050493736424213,0.0,0.0,0.0,0.0,False,
957,0.050146135286094524,0.0,0.0,0.0,0.0,False,
1421,-0.08180346059337107,0.0,0.0,0.0,0.0,False,
1702,0.07715722865881586,0.0,0.0,0.0,0.0,False,
1755,-0.05844275605419515,0.0,0.0,0.0,0.0,False,
1898,-0.06861586666476643,0.0,0.0,0.0,0.0,False,
1976,0.024441457305587767,0.0,0.0,0.0,0.0,False,
2407,0.09202866046673568,0.0,0.0,0.0,0.0,False,
2434,-0.0532915143608041,0.0,0.0,0.0,0.0,False,
2748,-0.05553456371767062,0.0,0.0,0.0,0.0,False,
2944,0.016553980396550386,0.0,0.0,0.0,0.0,False,
3280,-0.014420303702045924,0.0,0.0,0.0,0.0,False,
3759,-0.061303509748151234,0.0,0.0,0.0,0.0,False,
3906,-0.11249623017393978,0.0,0.0,0.0,0.0,False,
4021,-0.018153596735104572,0.0,0.0,0.0,0.0,False,
4092,0.09194789456141204,0.0,0.0,0.0,0.0,False,
